graph_model,sybil_size,overlap,rep,tau,w_eff,r_eff,sampled
erdos_renyi,10,0.0,0,0.6337589764543916,6.337589764543916,6.337589764543916,False
erdos_renyi,10,0.0,1,0.6293457180655344,6.293457180655344,6.293457180655344,False
erdos_renyi,10,0.0,2,0.6289327391003277,6.289327391003276,6.289327391003276,False
erdos_renyi,10,0.0,3,0.6317521438077581,6.3175214380775815,6.3175214380775815,False
erdos_renyi,10,0.0,4,0.6319694627261496,6.319694627261496,6.319694627261496,False
erdos_renyi,10,0.0,5,0.6269172697885288,6.269172697885288,6.269172697885288,False
erdos_renyi,10,0.0,6,0.6271213035121517,6.271213035121517,6.271213035121517,False
erdos_renyi,10,0.0,7,0.6288864305031998,6.288864305031998,6.288864305031998,False
erdos_renyi,10,0.0,8,0.6297572283138968,6.297572283138968,6.297572283138968,False
erdos_renyi,10,0.0,9,0.6270486300382077,6.2704863003820765,6.2704863003820765,False
erdos_renyi,10,0.0,10,0.6313017723401979,6.313017723401979,6.313017723401979,False
erdos_renyi,10,0.0,11,0.6295597656379565,6.295597656379565,6.295597656379565,False
erdos_renyi,10,0.0,12,0.6281977515979232,6.281977515979232,6.281977515979232,False
erdos_renyi,10,0.0,13,0.6264287697539035,6.264287697539035,6.264287697539035,False
erdos_renyi,10,0.0,14,0.631721167670994,6.31721167670994,6.31721167670994,False
erdos_renyi,10,0.0,15,0.6285269916316507,6.285269916316507,6.285269916316507,False
erdos_renyi,10,0.0,16,0.6283833778369972,6.283833778369972,6.283833778369972,False
erdos_renyi,10,0.0,17,0.6323635169134327,6.323635169134327,6.323635169134327,False
erdos_renyi,10,0.0,18,0.6290610252349398,6.290610252349397,6.290610252349397,False
erdos_renyi,10,0.0,19,0.6291129117721336,6.2911291177213355,6.2911291177213355,False
erdos_renyi,10,0.0,20,0.6305589351101482,6.3055893511014816,6.3055893511014816,False
erdos_renyi,10,0.0,21,0.6313392292291994,6.313392292291994,6.313392292291994,False
erdos_renyi,10,0.0,22,0.6276453431128524,6.276453431128523,6.276453431128523,False
erdos_renyi,10,0.0,23,0.628174644439975,6.281746444399749,6.281746444399749,False
erdos_renyi,10,0.0,24,0.6295583177921098,6.295583177921098,6.295583177921098,False
erdos_renyi,10,0.0,25,0.632725435230795,6.327254352307951,6.327254352307951,False
erdos_renyi,10,0.0,26,0.6302088753219771,6.302088753219771,6.302088753219771,False
erdos_renyi,10,0.0,27,0.6296211162473137,6.296211162473137,6.296211162473137,False
erdos_renyi,10,0.0,28,0.6314200164281898,6.314200164281898,6.314200164281898,False
erdos_renyi,10,0.0,29,0.6263825865103914,6.263825865103914,6.263825865103914,False
erdos_renyi,10,0.3,0,0.5429074807024209,5.429074807024209,5.429074807024209,False
erdos_renyi,10,0.3,1,0.5438697568720745,5.438697568720745,5.438697568720745,False
erdos_renyi,10,0.3,2,0.5435450034516327,5.435450034516327,5.435450034516327,False
erdos_renyi,10,0.3,3,0.5445285505696631,5.445285505696631,5.445285505696631,False
erdos_renyi,10,0.3,4,0.5422300780343666,5.422300780343666,5.422300780343666,False
erdos_renyi,10,0.3,5,0.5422400780763742,5.422400780763742,5.422400780763742,False
erdos_renyi,10,0.3,6,0.5431444630256509,5.431444630256509,5.431444630256509,False
erdos_renyi,10,0.3,7,0.5442394832714985,5.442394832714985,5.442394832714985,False
erdos_renyi,10,0.3,8,0.5444641764729256,5.444641764729256,5.444641764729256,False
erdos_renyi,10,0.3,9,0.5444853521676325,5.444853521676325,5.444853521676325,False
erdos_renyi,10,0.3,10,0.5429862921303058,5.429862921303058,5.429862921303058,False
erdos_renyi,10,0.3,11,0.5443812808051907,5.443812808051907,5.443812808051907,False
erdos_renyi,10,0.3,12,0.5424710034755074,5.424710034755074,5.424710034755074,False
erdos_renyi,10,0.3,13,0.5436207982300474,5.436207982300473,5.436207982300473,False
erdos_renyi,10,0.3,14,0.5420123181452031,5.420123181452031,5.420123181452031,False
erdos_renyi,10,0.3,15,0.5411917048007314,5.411917048007314,5.411917048007314,False
erdos_renyi,10,0.3,16,0.5448614464293846,5.448614464293846,5.448614464293846,False
erdos_renyi,10,0.3,17,0.544558710684004,5.44558710684004,5.44558710684004,False
erdos_renyi,10,0.3,18,0.5432384458351971,5.4323844583519705,5.4323844583519705,False
erdos_renyi,10,0.3,19,0.5451582258164069,5.45158225816407,5.45158225816407,False
erdos_renyi,10,0.3,20,0.5439624054154399,5.439624054154399,5.439624054154399,False
erdos_renyi,10,0.3,21,0.5437481911557116,5.437481911557116,5.437481911557116,False
erdos_renyi,10,0.3,22,0.5394133373421564,5.394133373421564,5.394133373421564,False
erdos_renyi,10,0.3,23,0.5414927800930054,5.414927800930053,5.414927800930053,False
erdos_renyi,10,0.3,24,0.543068167612162,5.430681676121621,5.430681676121621,False
erdos_renyi,10,0.3,25,0.5461497993352403,5.4614979933524035,5.4614979933524035,False
erdos_renyi,10,0.3,26,0.5443882710796019,5.443882710796019,5.443882710796019,False
erdos_renyi,10,0.3,27,0.5440201712901789,5.440201712901789,5.440201712901789,False
erdos_renyi,10,0.3,28,0.5403832713597312,5.403832713597312,5.403832713597312,False
erdos_renyi,10,0.3,29,0.5434006636445528,5.4340066364455275,5.4340066364455275,False
erdos_renyi,10,0.5,0,0.4356620497921899,4.356620497921899,4.356620497921899,False
erdos_renyi,10,0.5,1,0.4367812865307764,4.367812865307764,4.367812865307764,False
erdos_renyi,10,0.5,2,0.4367079360059988,4.3670793600599875,4.3670793600599875,False
erdos_renyi,10,0.5,3,0.4367886131561576,4.367886131561576,4.367886131561576,False
erdos_renyi,10,0.5,4,0.43663218931857883,4.366321893185789,4.366321893185789,False
erdos_renyi,10,0.5,5,0.4369165545954292,4.369165545954292,4.369165545954292,False
erdos_renyi,10,0.5,6,0.4362930300477519,4.362930300477519,4.362930300477519,False
erdos_renyi,10,0.5,7,0.43680025477155593,4.368002547715559,4.368002547715559,False
erdos_renyi,10,0.5,8,0.43818874672877484,4.381887467287749,4.381887467287749,False
erdos_renyi,10,0.5,9,0.43839300374763146,4.383930037476315,4.383930037476315,False
erdos_renyi,10,0.5,10,0.4340817170242145,4.340817170242145,4.340817170242145,False
erdos_renyi,10,0.5,11,0.43661162941085996,4.3661162941086,4.3661162941086,False
erdos_renyi,10,0.5,12,0.436773786844586,4.36773786844586,4.36773786844586,False
erdos_renyi,10,0.5,13,0.43835087246353943,4.383508724635394,4.383508724635394,False
erdos_renyi,10,0.5,14,0.43711107200801247,4.371110720080125,4.371110720080125,False
erdos_renyi,10,0.5,15,0.43613533493897905,4.36135334938979,4.36135334938979,False
erdos_renyi,10,0.5,16,0.4381213082679376,4.381213082679376,4.381213082679376,False
erdos_renyi,10,0.5,17,0.4328582376871448,4.328582376871449,4.328582376871449,False
erdos_renyi,10,0.5,18,0.43852070987690717,4.385207098769071,4.385207098769071,False
erdos_renyi,10,0.5,19,0.4365622525908547,4.365622525908547,4.365622525908547,False
erdos_renyi,10,0.5,20,0.4380495751940767,4.380495751940767,4.380495751940767,False
erdos_renyi,10,0.5,21,0.43813310427899665,4.3813310427899665,4.3813310427899665,False
erdos_renyi,10,0.5,22,0.4384261749341072,4.384261749341071,4.384261749341071,False
erdos_renyi,10,0.5,23,0.43643005252937084,4.364300525293708,4.364300525293708,False
erdos_renyi,10,0.5,24,0.4339815074245059,4.33981507424506,4.33981507424506,False
erdos_renyi,10,0.5,25,0.43806278358403905,4.38062783584039,4.38062783584039,False
erdos_renyi,10,0.5,26,0.4386043739149206,4.386043739149206,4.386043739149206,False
erdos_renyi,10,0.5,27,0.4384706235643153,4.384706235643153,4.384706235643153,False
erdos_renyi,10,0.5,28,0.43836295679167037,4.383629567916704,4.383629567916704,False
erdos_renyi,10,0.5,29,0.43807805811465117,4.380780581146512,4.380780581146512,False
erdos_renyi,10,0.7,0,0.300091982267365,3.0009198226736498,3.0009198226736498,False
erdos_renyi,10,0.7,1,0.30015389434224415,3.0015389434224415,3.0015389434224415,False
erdos_renyi,10,0.7,2,0.3000533910040619,3.000533910040619,3.000533910040619,False
erdos_renyi,10,0.7,3,0.29653555475585713,2.9653555475585716,2.9653555475585716,False
erdos_renyi,10,0.7,4,0.3002043039749177,3.002043039749177,3.002043039749177,False
erdos_renyi,10,0.7,5,0.30018439833122645,3.0018439833122645,3.0018439833122645,False
erdos_renyi,10,0.7,6,0.30030776996168174,3.003077699616817,3.003077699616817,False
erdos_renyi,10,0.7,7,0.2964490795131418,2.964490795131418,2.964490795131418,False
erdos_renyi,10,0.7,8,0.2963977033240849,2.963977033240849,2.963977033240849,False
erdos_renyi,10,0.7,9,0.3002370937809057,3.002370937809057,3.002370937809057,False
erdos_renyi,10,0.7,10,0.3002266396192603,3.0022663961926033,3.0022663961926033,False
erdos_renyi,10,0.7,11,0.30040058779870493,3.0040058779870495,3.0040058779870495,False
erdos_renyi,10,0.7,12,0.298453442969805,2.9845344296980505,2.9845344296980505,False
erdos_renyi,10,0.7,13,0.3002543452712758,3.002543452712758,3.002543452712758,False
erdos_renyi,10,0.7,14,0.29847085883309654,2.9847085883309656,2.9847085883309656,False
erdos_renyi,10,0.7,15,0.30035156480201697,3.0035156480201697,3.0035156480201697,False
erdos_renyi,10,0.7,16,0.30016495102523266,3.0016495102523266,3.0016495102523266,False
erdos_renyi,10,0.7,17,0.30024028002101233,3.002402800210123,3.002402800210123,False
erdos_renyi,10,0.7,18,0.30030210102826005,3.0030210102826005,3.0030210102826005,False
erdos_renyi,10,0.7,19,0.3002877830209507,3.002877830209507,3.002877830209507,False
erdos_renyi,10,0.7,20,0.30022236908501343,3.0022236908501343,3.0022236908501343,False
erdos_renyi,10,0.7,21,0.294568089389451,2.94568089389451,2.94568089389451,False
erdos_renyi,10,0.7,22,0.2985518227909194,2.985518227909194,2.985518227909194,False
erdos_renyi,10,0.7,23,0.2984134100104817,2.984134100104817,2.984134100104817,False
erdos_renyi,10,0.7,24,0.29455801363055,2.9455801363055,2.9455801363055,False
erdos_renyi,10,0.7,25,0.2984539577350205,2.984539577350205,2.984539577350205,False
erdos_renyi,10,0.7,26,0.29828284990781573,2.982828499078157,2.982828499078157,False
erdos_renyi,10,0.7,27,0.29838671963896146,2.983867196389615,2.983867196389615,False
erdos_renyi,10,0.7,28,0.30028017239738847,3.0028017239738847,3.0028017239738847,False
erdos_renyi,10,0.7,29,0.3001527777945857,3.0015277779458573,3.0015277779458573,False
erdos_renyi,10,1.0,0,0.0,0.0,0.0,False
erdos_renyi,10,1.0,1,0.0,0.0,0.0,False
erdos_renyi,10,1.0,2,0.0,0.0,0.0,False
erdos_renyi,10,1.0,3,0.0,0.0,0.0,False
erdos_renyi,10,1.0,4,0.0,0.0,0.0,False
erdos_renyi,10,1.0,5,0.0,0.0,0.0,False
erdos_renyi,10,1.0,6,0.0,0.0,0.0,False
erdos_renyi,10,1.0,7,0.0,0.0,0.0,False
erdos_renyi,10,1.0,8,0.0,0.0,0.0,False
erdos_renyi,10,1.0,9,0.0,0.0,0.0,False
erdos_renyi,10,1.0,10,0.0,0.0,0.0,False
erdos_renyi,10,1.0,11,0.0,0.0,0.0,False
erdos_renyi,10,1.0,12,0.0,0.0,0.0,False
erdos_renyi,10,1.0,13,0.0,0.0,0.0,False
erdos_renyi,10,1.0,14,0.0,0.0,0.0,False
erdos_renyi,10,1.0,15,0.0,0.0,0.0,False
erdos_renyi,10,1.0,16,0.0,0.0,0.0,False
erdos_renyi,10,1.0,17,0.0,0.0,0.0,False
erdos_renyi,10,1.0,18,0.0,0.0,0.0,False
erdos_renyi,10,1.0,19,0.0,0.0,0.0,False
erdos_renyi,10,1.0,20,0.0,0.0,0.0,False
erdos_renyi,10,1.0,21,0.0,0.0,0.0,False
erdos_renyi,10,1.0,22,0.0,0.0,0.0,False
erdos_renyi,10,1.0,23,0.0,0.0,0.0,False
erdos_renyi,10,1.0,24,0.0,0.0,0.0,False
erdos_renyi,10,1.0,25,0.0,0.0,0.0,False
erdos_renyi,10,1.0,26,0.0,0.0,0.0,False
erdos_renyi,10,1.0,27,0.0,0.0,0.0,False
erdos_renyi,10,1.0,28,0.0,0.0,0.0,False
erdos_renyi,10,1.0,29,0.0,0.0,0.0,False
erdos_renyi,30,0.0,0,0.6283637081078385,18.850911243235153,18.850911243235153,False
erdos_renyi,30,0.0,1,0.6295424831433244,18.88627449429973,18.88627449429973,False
erdos_renyi,30,0.0,2,0.6283622047584434,18.8508661427533,18.8508661427533,False
erdos_renyi,30,0.0,3,0.6287994103356835,18.863982310070504,18.863982310070504,False
erdos_renyi,30,0.0,4,0.6297971684178172,18.893915052534517,18.893915052534517,False
erdos_renyi,30,0.0,5,0.6284248335893241,18.852745007679722,18.852745007679722,False
erdos_renyi,30,0.0,6,0.6303202359962761,18.909607079888282,18.909607079888282,False
erdos_renyi,30,0.0,7,0.6304061016561415,18.912183049684245,18.912183049684245,False
erdos_renyi,30,0.0,8,0.6291569788385543,18.874709365156626,18.874709365156626,False
erdos_renyi,30,0.0,9,0.6287803561496624,18.863410684489875,18.863410684489875,False
erdos_renyi,30,0.0,10,0.6290218355690469,18.870655067071407,18.870655067071407,False
erdos_renyi,30,0.0,11,0.6292953708642247,18.87886112592674,18.87886112592674,False
erdos_renyi,30,0.0,12,0.6288572664340553,18.865717993021658,18.865717993021658,False
erdos_renyi,30,0.0,13,0.6299352001249624,18.898056003748874,18.898056003748874,False
erdos_renyi,30,0.0,14,0.6305736563588709,18.917209690766125,18.917209690766125,False
erdos_renyi,30,0.0,15,0.6298812136692018,18.896436410076053,18.896436410076053,False
erdos_renyi,30,0.0,16,0.6298550556197718,18.895651668593157,18.895651668593157,False
erdos_renyi,30,0.0,17,0.6303399361432651,18.910198084297953,18.910198084297953,False
erdos_renyi,30,0.0,18,0.6301152166075354,18.903456498226063,18.903456498226063,False
erdos_renyi,30,0.0,19,0.6303927144635728,18.911781433907183,18.911781433907183,False
erdos_renyi,30,0.0,20,0.6291081116407595,18.873243349222786,18.873243349222786,False
erdos_renyi,30,0.0,21,0.6295452422704482,18.886357268113446,18.886357268113446,False
erdos_renyi,30,0.0,22,0.6288232722779046,18.86469816833714,18.86469816833714,False
erdos_renyi,30,0.0,23,0.6306527819998002,18.91958345999401,18.91958345999401,False
erdos_renyi,30,0.0,24,0.6291984124276764,18.87595237283029,18.87595237283029,False
erdos_renyi,30,0.0,25,0.6279565157732652,18.838695473197955,18.838695473197955,False
erdos_renyi,30,0.0,26,0.6286263945832518,18.858791837497552,18.858791837497552,False
erdos_renyi,30,0.0,27,0.6287034173893722,18.861102521681165,18.861102521681165,False
erdos_renyi,30,0.0,28,0.6308386339996452,18.92515901998936,18.92515901998936,False
erdos_renyi,30,0.0,29,0.6286937928706482,18.860813786119447,18.860813786119447,False
erdos_renyi,30,0.3,0,0.5435546618879732,16.306639856639194,16.306639856639194,False
erdos_renyi,30,0.3,1,0.5438005830094921,16.314017490284762,16.314017490284762,False
erdos_renyi,30,0.3,2,0.543851311569409,16.31553934708227,16.31553934708227,False
erdos_renyi,30,0.3,3,0.5435302709447698,16.305908128343095,16.305908128343095,False
erdos_renyi,30,0.3,4,0.5429579654118462,16.288738962355385,16.288738962355385,False
erdos_renyi,30,0.3,5,0.5415666559595245,16.246999678785734,16.246999678785734,False
erdos_renyi,30,0.3,6,0.5435360413902688,16.306081241708064,16.306081241708064,False
erdos_renyi,30,0.3,7,0.5439557238723713,16.31867171617114,16.31867171617114,False
erdos_renyi,30,0.3,8,0.5432378911635689,16.297136734907067,16.297136734907067,False
erdos_renyi,30,0.3,9,0.5434457020547814,16.303371061643443,16.303371061643443,False
erdos_renyi,30,0.3,10,0.5425291295711627,16.275873887134882,16.275873887134882,False
erdos_renyi,30,0.3,11,0.5438221600171183,16.314664800513548,16.314664800513548,False
erdos_renyi,30,0.3,12,0.54331535762438,16.2994607287314,16.2994607287314,False
erdos_renyi,30,0.3,13,0.5430047030575448,16.290141091726344,16.290141091726344,False
erdos_renyi,30,0.3,14,0.543373426440968,16.301202793229038,16.301202793229038,False
erdos_renyi,30,0.3,15,0.5442770011622994,16.32831003486898,16.32831003486898,False
erdos_renyi,30,0.3,16,0.5431755681042987,16.29526704312896,16.29526704312896,False
erdos_renyi,30,0.3,17,0.5437264147739425,16.311792443218273,16.311792443218273,False
erdos_renyi,30,0.3,18,0.5432068682610092,16.296206047830275,16.296206047830275,False
erdos_renyi,30,0.3,19,0.5421478756113758,16.264436268341274,16.264436268341274,False
erdos_renyi,30,0.3,20,0.5430188860236297,16.29056658070889,16.29056658070889,False
erdos_renyi,30,0.3,21,0.5430843673763321,16.292531021289964,16.292531021289964,False
erdos_renyi,30,0.3,22,0.5428759105542809,16.286277316628425,16.286277316628425,False
erdos_renyi,30,0.3,23,0.5432272237119489,16.296816711358467,16.296816711358467,False
erdos_renyi,30,0.3,24,0.5437679197325755,16.313037591977267,16.313037591977267,False
erdos_renyi,30,0.3,25,0.5425926428642057,16.277779285926172,16.277779285926172,False
erdos_renyi,30,0.3,26,0.5435205387014739,16.305616161044217,16.305616161044217,False
erdos_renyi,30,0.3,27,0.5439493817335187,16.31848145200556,16.31848145200556,False
erdos_renyi,30,0.3,28,0.5432223869833742,16.296671609501228,16.296671609501228,False
erdos_renyi,30,0.3,29,0.543296457178198,16.29889371534594,16.29889371534594,False
erdos_renyi,30,0.5,0,0.43724073152797027,13.117221945839109,13.117221945839109,False
erdos_renyi,30,0.5,1,0.43650455142329503,13.095136542698851,13.095136542698851,False
erdos_renyi,30,0.5,2,0.43682718010304245,13.104815403091273,13.104815403091273,False
erdos_renyi,30,0.5,3,0.4366010976500947,13.09803292950284,13.09803292950284,False
erdos_renyi,30,0.5,4,0.4354281271573983,13.06284381472195,13.06284381472195,False
erdos_renyi,30,0.5,5,0.43635735057302216,13.090720517190665,13.090720517190665,False
erdos_renyi,30,0.5,6,0.4358953200887419,13.076859602662257,13.076859602662257,False
erdos_renyi,30,0.5,7,0.4367064698707632,13.101194096122896,13.101194096122896,False
erdos_renyi,30,0.5,8,0.43708549127748053,13.112564738324416,13.112564738324416,False
erdos_renyi,30,0.5,9,0.436852971899525,13.105589156985749,13.105589156985749,False
erdos_renyi,30,0.5,10,0.43629255652511045,13.088776695753314,13.088776695753314,False
erdos_renyi,30,0.5,11,0.43654882356666136,13.096464706999841,13.096464706999841,False
erdos_renyi,30,0.5,12,0.43535586385437863,13.060675915631359,13.060675915631359,False
erdos_renyi,30,0.5,13,0.437482730810126,13.12448192430378,13.12448192430378,False
erdos_renyi,30,0.5,14,0.43765089473274366,13.12952684198231,13.12952684198231,False
erdos_renyi,30,0.5,15,0.43565919731921954,13.069775919576585,13.069775919576585,False
erdos_renyi,30,0.5,16,0.43717077643705293,13.115123293111587,13.115123293111587,False
erdos_renyi,30,0.5,17,0.43649356582743326,13.094806974822998,13.094806974822998,False
erdos_renyi,30,0.5,18,0.4367602140851333,13.102806422554,13.102806422554,False
erdos_renyi,30,0.5,19,0.43723571716687215,13.117071515006165,13.117071515006165,False
erdos_renyi,30,0.5,20,0.4367005796627478,13.101017389882433,13.101017389882433,False
erdos_renyi,30,0.5,21,0.4363767669553352,13.091303008660057,13.091303008660057,False
erdos_renyi,30,0.5,22,0.43617034912141384,13.085110473642414,13.085110473642414,False
erdos_renyi,30,0.5,23,0.43700212573849206,13.110063772154762,13.110063772154762,False
erdos_renyi,30,0.5,24,0.4358587134720213,13.07576140416064,13.07576140416064,False
erdos_renyi,30,0.5,25,0.43632452343926975,13.089735703178093,13.089735703178093,False
erdos_renyi,30,0.5,26,0.43588631788425003,13.0765895365275,13.0765895365275,False
erdos_renyi,30,0.5,27,0.43618852441550926,13.085655732465277,13.085655732465277,False
erdos_renyi,30,0.5,28,0.4365267017066601,13.095801051199803,13.095801051199803,False
erdos_renyi,30,0.5,29,0.43678630405446406,13.103589121633922,13.103589121633922,False
erdos_renyi,30,0.7,0,0.2996937690880046,8.990813072640139,8.990813072640139,False
erdos_renyi,30,0.7,1,0.298691094259233,8.96073282777699,8.96073282777699,False
erdos_renyi,30,0.7,2,0.29983876002548204,8.995162800764462,8.995162800764462,False
erdos_renyi,30,0.7,3,0.2993388580366495,8.980165741099485,8.980165741099485,False
erdos_renyi,30,0.7,4,0.29971874693444256,8.991562408033277,8.991562408033277,False
erdos_renyi,30,0.7,5,0.29967785812758385,8.990335743827515,8.990335743827515,False
erdos_renyi,30,0.7,6,0.29964444757632847,8.989333427289854,8.989333427289854,False
erdos_renyi,30,0.7,7,0.29984949181077336,8.9954847543232,8.9954847543232,False
erdos_renyi,30,0.7,8,0.2995177256039101,8.985531768117303,8.985531768117303,False
erdos_renyi,30,0.7,9,0.2994508986599348,8.983526959798043,8.983526959798043,False
erdos_renyi,30,0.7,10,0.2994991507263455,8.984974521790365,8.984974521790365,False
erdos_renyi,30,0.7,11,0.2998349383345388,8.995048150036164,8.995048150036164,False
erdos_renyi,30,0.7,12,0.29896823588047383,8.969047076414215,8.969047076414215,False
erdos_renyi,30,0.7,13,0.2991072835444908,8.973218506334725,8.973218506334725,False
erdos_renyi,30,0.7,14,0.29925086734070194,8.977526020221058,8.977526020221058,False
erdos_renyi,30,0.7,15,0.29941626868868687,8.982488060660605,8.982488060660605,False
erdos_renyi,30,0.7,16,0.2990183344804712,8.970550034414137,8.970550034414137,False
erdos_renyi,30,0.7,17,0.2991069914195954,8.973209742587862,8.973209742587862,False
erdos_renyi,30,0.7,18,0.2992386115970924,8.977158347912773,8.977158347912773,False
erdos_renyi,30,0.7,19,0.29961922871464697,8.988576861439409,8.988576861439409,False
erdos_renyi,30,0.7,20,0.2992750591898803,8.978251775696409,8.978251775696409,False
erdos_renyi,30,0.7,21,0.29982448167298315,8.994734450189494,8.994734450189494,False
erdos_renyi,30,0.7,22,0.29979547450064803,8.99386423501944,8.99386423501944,False
erdos_renyi,30,0.7,23,0.2987928278013874,8.963784834041622,8.963784834041622,False
erdos_renyi,30,0.7,24,0.29973018891557723,8.991905667467318,8.991905667467318,False
erdos_renyi,30,0.7,25,0.2998390651721825,8.995171955165475,8.995171955165475,False
erdos_renyi,30,0.7,26,0.2996767223762472,8.990301671287416,8.990301671287416,False
erdos_renyi,30,0.7,27,0.2995462159595774,8.986386478787322,8.986386478787322,False
erdos_renyi,30,0.7,28,0.2993379202064218,8.980137606192654,8.980137606192654,False
erdos_renyi,30,0.7,29,0.2995394008122074,8.986182024366222,8.986182024366222,False
erdos_renyi,30,1.0,0,0.0,0.0,0.0,False
erdos_renyi,30,1.0,1,0.0,0.0,0.0,False
erdos_renyi,30,1.0,2,0.0,0.0,0.0,False
erdos_renyi,30,1.0,3,0.0,0.0,0.0,False
erdos_renyi,30,1.0,4,0.0,0.0,0.0,False
erdos_renyi,30,1.0,5,0.0,0.0,0.0,False
erdos_renyi,30,1.0,6,0.0,0.0,0.0,False
erdos_renyi,30,1.0,7,0.0,0.0,0.0,False
erdos_renyi,30,1.0,8,0.0,0.0,0.0,False
erdos_renyi,30,1.0,9,0.0,0.0,0.0,False
erdos_renyi,30,1.0,10,0.0,0.0,0.0,False
erdos_renyi,30,1.0,11,0.0,0.0,0.0,False
erdos_renyi,30,1.0,12,0.0,0.0,0.0,False
erdos_renyi,30,1.0,13,0.0,0.0,0.0,False
erdos_renyi,30,1.0,14,0.0,0.0,0.0,False
erdos_renyi,30,1.0,15,0.0,0.0,0.0,False
erdos_renyi,30,1.0,16,0.0,0.0,0.0,False
erdos_renyi,30,1.0,17,0.0,0.0,0.0,False
erdos_renyi,30,1.0,18,0.0,0.0,0.0,False
erdos_renyi,30,1.0,19,0.0,0.0,0.0,False
erdos_renyi,30,1.0,20,0.0,0.0,0.0,False
erdos_renyi,30,1.0,21,0.0,0.0,0.0,False
erdos_renyi,30,1.0,22,0.0,0.0,0.0,False
erdos_renyi,30,1.0,23,0.0,0.0,0.0,False
erdos_renyi,30,1.0,24,0.0,0.0,0.0,False
erdos_renyi,30,1.0,25,0.0,0.0,0.0,False
erdos_renyi,30,1.0,26,0.0,0.0,0.0,False
erdos_renyi,30,1.0,27,0.0,0.0,0.0,False
erdos_renyi,30,1.0,28,0.0,0.0,0.0,False
erdos_renyi,30,1.0,29,0.0,0.0,0.0,False
erdos_renyi,100,0.0,0,0.6289773775724765,62.897737757247654,62.897737757247654,True
erdos_renyi,100,0.0,1,0.6297427840683629,62.97427840683629,62.97427840683629,True
erdos_renyi,100,0.0,2,0.6284424339113206,62.84424339113206,62.84424339113206,True
erdos_renyi,100,0.0,3,0.6288928235007911,62.889282350079114,62.889282350079114,True
erdos_renyi,100,0.0,4,0.6288760110636935,62.88760110636935,62.88760110636935,True
erdos_renyi,100,0.0,5,0.6287852172941413,62.878521729414125,62.878521729414125,True
erdos_renyi,100,0.0,6,0.6296908409398045,62.969084093980456,62.969084093980456,True
erdos_renyi,100,0.0,7,0.6290097724904221,62.900977249042214,62.900977249042214,True
erdos_renyi,100,0.0,8,0.628910515840938,62.8910515840938,62.8910515840938,True
erdos_renyi,100,0.0,9,0.6285318122636168,62.85318122636168,62.85318122636168,True
erdos_renyi,100,0.0,10,0.629243581636993,62.9243581636993,62.9243581636993,True
erdos_renyi,100,0.0,11,0.6288742574548671,62.887425745486716,62.887425745486716,True
erdos_renyi,100,0.0,12,0.6290083659175324,62.90083659175324,62.90083659175324,True
erdos_renyi,100,0.0,13,0.6289453795879719,62.894537958797194,62.894537958797194,True
erdos_renyi,100,0.0,14,0.6299399635079455,62.993996350794546,62.993996350794546,True
erdos_renyi,100,0.0,15,0.6292165707630559,62.92165707630559,62.92165707630559,True
erdos_renyi,100,0.0,16,0.6293144891708694,62.93144891708694,62.93144891708694,True
erdos_renyi,100,0.0,17,0.6294128284386983,62.94128284386983,62.94128284386983,True
erdos_renyi,100,0.0,18,0.6296001897497188,62.960018974971874,62.960018974971874,True
erdos_renyi,100,0.0,19,0.6290588596832192,62.90588596832192,62.90588596832192,True
erdos_renyi,100,0.0,20,0.6292601465758983,62.92601465758983,62.92601465758983,True
erdos_renyi,100,0.0,21,0.6292234693801366,62.92234693801366,62.92234693801366,True
erdos_renyi,100,0.0,22,0.6296285551338712,62.96285551338712,62.96285551338712,True
erdos_renyi,100,0.0,23,0.629308279508952,62.93082795089519,62.93082795089519,True
erdos_renyi,100,0.0,24,0.6288793088316269,62.88793088316269,62.88793088316269,True
erdos_renyi,100,0.0,25,0.6291131797360952,62.91131797360951,62.91131797360951,True
erdos_renyi,100,0.0,26,0.6293425240847511,62.93425240847511,62.93425240847511,True
erdos_renyi,100,0.0,27,0.6294662643482302,62.94662643482302,62.94662643482302,True
erdos_renyi,100,0.0,28,0.6290351317839296,62.903513178392956,62.903513178392956,True
erdos_renyi,100,0.0,29,0.6293594161193624,62.935941611936244,62.935941611936244,True
erdos_renyi,100,0.3,0,0.54333902410719,54.333902410719006,54.333902410719006,True
erdos_renyi,100,0.3,1,0.5438681510261014,54.38681510261014,54.38681510261014,True
erdos_renyi,100,0.3,2,0.5430089528144497,54.30089528144497,54.30089528144497,True
erdos_renyi,100,0.3,3,0.5430567264120421,54.305672641204204,54.305672641204204,True
erdos_renyi,100,0.3,4,0.54325482119069,54.325482119069,54.325482119069,True
erdos_renyi,100,0.3,5,0.54280800478382,54.280800478382,54.280800478382,True
erdos_renyi,100,0.3,6,0.5433482486310979,54.33482486310979,54.33482486310979,True
erdos_renyi,100,0.3,7,0.5433248847361469,54.332488473614696,54.332488473614696,True
erdos_renyi,100,0.3,8,0.5429991310727718,54.29991310727718,54.29991310727718,True
erdos_renyi,100,0.3,9,0.5435633919930138,54.35633919930139,54.35633919930139,True
erdos_renyi,100,0.3,10,0.543011019621543,54.3011019621543,54.3011019621543,True
erdos_renyi,100,0.3,11,0.5431422308094886,54.314223080948864,54.314223080948864,True
erdos_renyi,100,0.3,12,0.5436783747537377,54.36783747537377,54.36783747537377,True
erdos_renyi,100,0.3,13,0.5433612274870436,54.33612274870436,54.33612274870436,True
erdos_renyi,100,0.3,14,0.5434844694936702,54.34844694936702,54.34844694936702,True
erdos_renyi,100,0.3,15,0.5434513662254755,54.34513662254755,54.34513662254755,True
erdos_renyi,100,0.3,16,0.5430872383386206,54.30872383386206,54.30872383386206,True
erdos_renyi,100,0.3,17,0.5435430700269643,54.35430700269643,54.35430700269643,True
erdos_renyi,100,0.3,18,0.5435038552123469,54.35038552123469,54.35038552123469,True
erdos_renyi,100,0.3,19,0.5433563151523506,54.335631515235065,54.335631515235065,True
erdos_renyi,100,0.3,20,0.5437348831389015,54.37348831389015,54.37348831389015,True
erdos_renyi,100,0.3,21,0.542992051035374,54.299205103537396,54.299205103537396,True
erdos_renyi,100,0.3,22,0.5427856458412257,54.27856458412257,54.27856458412257,True
erdos_renyi,100,0.3,23,0.5436954048884253,54.369540488842524,54.369540488842524,True
erdos_renyi,100,0.3,24,0.5436746728145458,54.36746728145459,54.36746728145459,True
erdos_renyi,100,0.3,25,0.5430618644387699,54.30618644387699,54.30618644387699,True
erdos_renyi,100,0.3,26,0.5434265413254031,54.34265413254031,54.34265413254031,True
erdos_renyi,100,0.3,27,0.5436245277718773,54.362452777187734,54.362452777187734,True
erdos_renyi,100,0.3,28,0.5438262194420366,54.382621944203656,54.382621944203656,True
erdos_renyi,100,0.3,29,0.5436693235605352,54.366932356053525,54.366932356053525,True
erdos_renyi,100,0.5,0,0.4368315456506474,43.68315456506474,43.68315456506474,True
erdos_renyi,100,0.5,1,0.43633804471784554,43.63380447178456,43.63380447178456,True
erdos_renyi,100,0.5,2,0.43647017942893174,43.64701794289317,43.64701794289317,True
erdos_renyi,100,0.5,3,0.4363744054697525,43.63744054697525,43.63744054697525,True
erdos_renyi,100,0.5,4,0.4363393159035136,43.63393159035136,43.63393159035136,True
erdos_renyi,100,0.5,5,0.43670852248243275,43.67085224824328,43.67085224824328,True
erdos_renyi,100,0.5,6,0.43678231367611065,43.67823136761106,43.67823136761106,True
erdos_renyi,100,0.5,7,0.4373939318861103,43.73939318861103,43.73939318861103,True
erdos_renyi,100,0.5,8,0.43638334799192746,43.63833479919275,43.63833479919275,True
erdos_renyi,100,0.5,9,0.4363221484255958,43.63221484255958,43.63221484255958,True
erdos_renyi,100,0.5,10,0.4367140766868003,43.67140766868003,43.67140766868003,True
erdos_renyi,100,0.5,11,0.4366619001436278,43.66619001436278,43.66619001436278,True
erdos_renyi,100,0.5,12,0.4365977703309286,43.65977703309286,43.65977703309286,True
erdos_renyi,100,0.5,13,0.4361527032480379,43.61527032480379,43.61527032480379,True
erdos_renyi,100,0.5,14,0.43657079528104237,43.657079528104234,43.657079528104234,True
erdos_renyi,100,0.5,15,0.43619921783930216,43.61992178393022,43.61992178393022,True
erdos_renyi,100,0.5,16,0.4365254093041018,43.652540930410176,43.652540930410176,True
erdos_renyi,100,0.5,17,0.4372533821070185,43.72533821070185,43.72533821070185,True
erdos_renyi,100,0.5,18,0.4371574719602048,43.71574719602048,43.71574719602048,True
erdos_renyi,100,0.5,19,0.43607556179122653,43.60755617912265,43.60755617912265,True
erdos_renyi,100,0.5,20,0.4368234730569892,43.68234730569892,43.68234730569892,True
erdos_renyi,100,0.5,21,0.436241314914644,43.624131491464404,43.624131491464404,True
erdos_renyi,100,0.5,22,0.4364874592111543,43.64874592111543,43.64874592111543,True
erdos_renyi,100,0.5,23,0.4364556440845988,43.64556440845988,43.64556440845988,True
erdos_renyi,100,0.5,24,0.4368137856562332,43.68137856562332,43.68137856562332,True
erdos_renyi,100,0.5,25,0.436560150738325,43.6560150738325,43.6560150738325,True
erdos_renyi,100,0.5,26,0.4365351283065886,43.653512830658855,43.653512830658855,True
erdos_renyi,100,0.5,27,0.43674586747980504,43.674586747980506,43.674586747980506,True
erdos_renyi,100,0.5,28,0.4373171980625886,43.73171980625886,43.73171980625886,True
erdos_renyi,100,0.5,29,0.4367522542251947,43.67522542251947,43.67522542251947,True
erdos_renyi,100,0.7,0,0.2995853740681965,29.95853740681965,29.95853740681965,True
erdos_renyi,100,0.7,1,0.2996552438247341,29.965524382473408,29.965524382473408,True
erdos_renyi,100,0.7,2,0.2995777999545214,29.95777999545214,29.95777999545214,True
erdos_renyi,100,0.7,3,0.29928539792297326,29.928539792297325,29.928539792297325,True
erdos_renyi,100,0.7,4,0.2996954309518234,29.96954309518234,29.96954309518234,True
erdos_renyi,100,0.7,5,0.2997042548289286,29.97042548289286,29.97042548289286,True
erdos_renyi,100,0.7,6,0.29987085770915234,29.987085770915233,29.987085770915233,True
erdos_renyi,100,0.7,7,0.2993544551799191,29.93544551799191,29.93544551799191,True
erdos_renyi,100,0.7,8,0.2997064758924738,29.970647589247378,29.970647589247378,True
erdos_renyi,100,0.7,9,0.2993979993552889,29.93979993552889,29.93979993552889,True
erdos_renyi,100,0.7,10,0.29953212475723434,29.953212475723433,29.953212475723433,True
erdos_renyi,100,0.7,11,0.29914228181103586,29.914228181103585,29.914228181103585,True
erdos_renyi,100,0.7,12,0.2994887944373883,29.94887944373883,29.94887944373883,True
erdos_renyi,100,0.7,13,0.2996503445594749,29.965034455947492,29.965034455947492,True
erdos_renyi,100,0.7,14,0.2996087360403539,29.96087360403539,29.96087360403539,True
erdos_renyi,100,0.7,15,0.2996539320789249,29.96539320789249,29.96539320789249,True
erdos_renyi,100,0.7,16,0.299743651980949,29.974365198094898,29.974365198094898,True
erdos_renyi,100,0.7,17,0.29957358891156793,29.957358891156794,29.957358891156794,True
erdos_renyi,100,0.7,18,0.29970417190449605,29.970417190449606,29.970417190449606,True
erdos_renyi,100,0.7,19,0.2995878682686396,29.95878682686396,29.95878682686396,True
erdos_renyi,100,0.7,20,0.2997789894900279,29.97789894900279,29.97789894900279,True
erdos_renyi,100,0.7,21,0.2997387979891949,29.97387979891949,29.97387979891949,True
erdos_renyi,100,0.7,22,0.2992695923894412,29.926959238944118,29.926959238944118,True
erdos_renyi,100,0.7,23,0.2999755921984467,29.99755921984467,29.99755921984467,True
erdos_renyi,100,0.7,24,0.29958372339664796,29.958372339664795,29.958372339664795,True
erdos_renyi,100,0.7,25,0.29955379286539985,29.955379286539983,29.955379286539983,True
erdos_renyi,100,0.7,26,0.29950633433605767,29.950633433605766,29.950633433605766,True
erdos_renyi,100,0.7,27,0.2990281080980962,29.902810809809623,29.902810809809623,True
erdos_renyi,100,0.7,28,0.2995470449533747,29.95470449533747,29.95470449533747,True
erdos_renyi,100,0.7,29,0.2997936523267275,29.979365232672748,29.979365232672748,True
erdos_renyi,100,1.0,0,0.0,0.0,0.0,True
erdos_renyi,100,1.0,1,0.0,0.0,0.0,True
erdos_renyi,100,1.0,2,0.0,0.0,0.0,True
erdos_renyi,100,1.0,3,0.0,0.0,0.0,True
erdos_renyi,100,1.0,4,0.0,0.0,0.0,True
erdos_renyi,100,1.0,5,0.0,0.0,0.0,True
erdos_renyi,100,1.0,6,0.0,0.0,0.0,True
erdos_renyi,100,1.0,7,0.0,0.0,0.0,True
erdos_renyi,100,1.0,8,0.0,0.0,0.0,True
erdos_renyi,100,1.0,9,0.0,0.0,0.0,True
erdos_renyi,100,1.0,10,0.0,0.0,0.0,True
erdos_renyi,100,1.0,11,0.0,0.0,0.0,True
erdos_renyi,100,1.0,12,0.0,0.0,0.0,True
erdos_renyi,100,1.0,13,0.0,0.0,0.0,True
erdos_renyi,100,1.0,14,0.0,0.0,0.0,True
erdos_renyi,100,1.0,15,0.0,0.0,0.0,True
erdos_renyi,100,1.0,16,0.0,0.0,0.0,True
erdos_renyi,100,1.0,17,0.0,0.0,0.0,True
erdos_renyi,100,1.0,18,0.0,0.0,0.0,True
erdos_renyi,100,1.0,19,0.0,0.0,0.0,True
erdos_renyi,100,1.0,20,0.0,0.0,0.0,True
erdos_renyi,100,1.0,21,0.0,0.0,0.0,True
erdos_renyi,100,1.0,22,0.0,0.0,0.0,True
erdos_renyi,100,1.0,23,0.0,0.0,0.0,True
erdos_renyi,100,1.0,24,0.0,0.0,0.0,True
erdos_renyi,100,1.0,25,0.0,0.0,0.0,True
erdos_renyi,100,1.0,26,0.0,0.0,0.0,True
erdos_renyi,100,1.0,27,0.0,0.0,0.0,True
erdos_renyi,100,1.0,28,0.0,0.0,0.0,True
erdos_renyi,100,1.0,29,0.0,0.0,0.0,True
erdos_renyi,300,0.0,0,0.629316086962159,188.7948260886477,188.7948260886477,True
erdos_renyi,300,0.0,1,0.6281282377725821,188.43847133177462,188.43847133177462,True
erdos_renyi,300,0.0,2,0.6296618087633,188.89854262899001,188.89854262899001,True
erdos_renyi,300,0.0,3,0.6285667970903772,188.57003912711318,188.57003912711318,True
erdos_renyi,300,0.0,4,0.629017654448498,188.7052963345494,188.7052963345494,True
erdos_renyi,300,0.0,5,0.6296870742831655,188.90612228494965,188.90612228494965,True
erdos_renyi,300,0.0,6,0.6290038546937937,188.7011564081381,188.7011564081381,True
erdos_renyi,300,0.0,7,0.6292297870447905,188.76893611343715,188.76893611343715,True
erdos_renyi,300,0.0,8,0.6296277966289006,188.88833898867017,188.88833898867017,True
erdos_renyi,300,0.0,9,0.6295831181741047,188.87493545223143,188.87493545223143,True
erdos_renyi,300,0.0,10,0.6290103258860795,188.70309776582386,188.70309776582386,True
erdos_renyi,300,0.0,11,0.6285432760300111,188.56298280900333,188.56298280900333,True
erdos_renyi,300,0.0,12,0.6291392116836297,188.74176350508893,188.74176350508893,True
erdos_renyi,300,0.0,13,0.6292399000795268,188.77197002385805,188.77197002385805,True
erdos_renyi,300,0.0,14,0.6292466537708581,188.77399613125743,188.77399613125743,True
erdos_renyi,300,0.0,15,0.6293085460330667,188.79256380992,188.79256380992,True
erdos_renyi,300,0.0,16,0.6291894904648501,188.75684713945503,188.75684713945503,True
erdos_renyi,300,0.0,17,0.6287660377713796,188.6298113314139,188.6298113314139,True
erdos_renyi,300,0.0,18,0.6288171704560486,188.64515113681458,188.64515113681458,True
erdos_renyi,300,0.0,19,0.629068744394419,188.7206233183257,188.7206233183257,True
erdos_renyi,300,0.0,20,0.6286034284552553,188.58102853657658,188.58102853657658,True
erdos_renyi,300,0.0,21,0.6290080986268725,188.70242958806173,188.70242958806173,True
erdos_renyi,300,0.0,22,0.6292009777248098,188.76029331744292,188.76029331744292,True
erdos_renyi,300,0.0,23,0.6286899701552771,188.60699104658312,188.60699104658312,True
erdos_renyi,300,0.0,24,0.6294677925118628,188.84033775355883,188.84033775355883,True
erdos_renyi,300,0.0,25,0.629021308513819,188.7063925541457,188.7063925541457,True
erdos_renyi,300,0.0,26,0.6288683875672014,188.66051627016043,188.66051627016043,True
erdos_renyi,300,0.0,27,0.6296448044458988,188.89344133376963,188.89344133376963,True
erdos_renyi,300,0.0,28,0.6290451857292274,188.71355571876822,188.71355571876822,True
erdos_renyi,300,0.0,29,0.6289335183928194,188.68005551784583,188.68005551784583,True
erdos_renyi,300,0.3,0,0.5429068200504252,162.87204601512758,162.87204601512758,True
erdos_renyi,300,0.3,1,0.5432374204016438,162.97122612049313,162.97122612049313,True
erdos_renyi,300,0.3,2,0.5431781965968652,162.95345897905955,162.95345897905955,True
erdos_renyi,300,0.3,3,0.5435646926994998,163.06940780984993,163.06940780984993,True
erdos_renyi,300,0.3,4,0.5430584076283317,162.9175222884995,162.9175222884995,True
erdos_renyi,300,0.3,5,0.54359780356668,163.07934107000398,163.07934107000398,True
erdos_renyi,300,0.3,6,0.5426155375707391,162.78466127122172,162.78466127122172,True
erdos_renyi,300,0.3,7,0.5433011787019719,162.99035361059157,162.99035361059157,True
erdos_renyi,300,0.3,8,0.5433246480233913,162.9973944070174,162.9973944070174,True
erdos_renyi,300,0.3,9,0.5424971722327505,162.74915166982515,162.74915166982515,True
erdos_renyi,300,0.3,10,0.5435298800185899,163.05896400557697,163.05896400557697,True
erdos_renyi,300,0.3,11,0.5437185401234881,163.11556203704643,163.11556203704643,True
erdos_renyi,300,0.3,12,0.5436217275997077,163.08651827991233,163.08651827991233,True
erdos_renyi,300,0.3,13,0.543825472532455,163.14764175973647,163.14764175973647,True
erdos_renyi,300,0.3,14,0.5433478402725377,163.0043520817613,163.0043520817613,True
erdos_renyi,300,0.3,15,0.5430137158665956,162.90411475997868,162.90411475997868,True
erdos_renyi,300,0.3,16,0.5430901441668483,162.92704325005448,162.92704325005448,True
erdos_renyi,300,0.3,17,0.5431896158541013,162.95688475623038,162.95688475623038,True
erdos_renyi,300,0.3,18,0.5432772145450533,162.98316436351598,162.98316436351598,True
erdos_renyi,300,0.3,19,0.5434238044932396,163.02714134797188,163.02714134797188,True
erdos_renyi,300,0.3,20,0.5432338114720467,162.97014344161403,162.97014344161403,True
erdos_renyi,300,0.3,21,0.5434326467570804,163.0297940271241,163.0297940271241,True
erdos_renyi,300,0.3,22,0.543015815353341,162.90474460600228,162.90474460600228,True
erdos_renyi,300,0.3,23,0.5436666262351446,163.09998787054337,163.09998787054337,True
erdos_renyi,300,0.3,24,0.5437279421580734,163.118382647422,163.118382647422,True
erdos_renyi,300,0.3,25,0.5428007557472246,162.8402267241674,162.8402267241674,True
erdos_renyi,300,0.3,26,0.5430229082055842,162.90687246167525,162.90687246167525,True
erdos_renyi,300,0.3,27,0.5433479933399613,163.0043980019884,163.0043980019884,True
erdos_renyi,300,0.3,28,0.5433246202870894,162.99738608612682,162.99738608612682,True
erdos_renyi,300,0.3,29,0.5433881330230692,163.01643990692077,163.01643990692077,True
erdos_renyi,300,0.5,0,0.43664222830560473,130.99266849168143,130.99266849168143,True
erdos_renyi,300,0.5,1,0.4366032249016629,130.98096747049888,130.98096747049888,True
erdos_renyi,300,0.5,2,0.43585370599131035,130.75611179739312,130.75611179739312,True
erdos_renyi,300,0.5,3,0.437037404489392,131.1112213468176,131.1112213468176,True
erdos_renyi,300,0.5,4,0.43664811552863836,130.9944346585915,130.9944346585915,True
erdos_renyi,300,0.5,5,0.436647797842564,130.9943393527692,130.9943393527692,True
erdos_renyi,300,0.5,6,0.4367819125173664,131.03457375520992,131.03457375520992,True
erdos_renyi,300,0.5,7,0.43701442362373033,131.1043270871191,131.1043270871191,True
erdos_renyi,300,0.5,8,0.4366033421687604,130.9810026506281,130.9810026506281,True
erdos_renyi,300,0.5,9,0.43688315778404885,131.06494733521464,131.06494733521464,True
erdos_renyi,300,0.5,10,0.4361537109023371,130.84611327070112,130.84611327070112,True
erdos_renyi,300,0.5,11,0.43661220833789016,130.98366250136704,130.98366250136704,True
erdos_renyi,300,0.5,12,0.43682620208783973,131.0478606263519,131.0478606263519,True
erdos_renyi,300,0.5,13,0.4368166157125907,131.0449847137772,131.0449847137772,True
erdos_renyi,300,0.5,14,0.43693165386416255,131.07949615924878,131.07949615924878,True
erdos_renyi,300,0.5,15,0.4365658370069895,130.96975110209684,130.96975110209684,True
erdos_renyi,300,0.5,16,0.43671300427061566,131.0139012811847,131.0139012811847,True
erdos_renyi,300,0.5,17,0.4366522290816188,130.99566872448565,130.99566872448565,True
erdos_renyi,300,0.5,18,0.43636412620410314,130.90923786123093,130.90923786123093,True
erdos_renyi,300,0.5,19,0.43675398615805816,131.02619584741745,131.02619584741745,True
erdos_renyi,300,0.5,20,0.4365994944840669,130.97984834522006,130.97984834522006,True
erdos_renyi,300,0.5,21,0.43631309924542483,130.89392977362746,130.89392977362746,True
erdos_renyi,300,0.5,22,0.43713549918570127,131.14064975571037,131.14064975571037,True
erdos_renyi,300,0.5,23,0.4363992229133904,130.9197668740171,130.9197668740171,True
erdos_renyi,300,0.5,24,0.4370243390818087,131.10730172454262,131.10730172454262,True
erdos_renyi,300,0.5,25,0.4362595760949718,130.87787282849155,130.87787282849155,True
erdos_renyi,300,0.5,26,0.43643222495996425,130.92966748798926,130.92966748798926,True
erdos_renyi,300,0.5,27,0.4368618232213125,131.05854696639375,131.05854696639375,True
erdos_renyi,300,0.5,28,0.43678228478320336,131.034685434961,131.034685434961,True
erdos_renyi,300,0.5,29,0.4367949158218165,131.03847474654495,131.03847474654495,True
erdos_renyi,300,0.7,0,0.29944221933951876,89.83266580185563,89.83266580185563,True
erdos_renyi,300,0.7,1,0.29947577446561935,89.84273233968581,89.84273233968581,True
erdos_renyi,300,0.7,2,0.29945940718499964,89.8378221554999,89.8378221554999,True
erdos_renyi,300,0.7,3,0.29985010816187074,89.95503244856123,89.95503244856123,True
erdos_renyi,300,0.7,4,0.2996375815364867,89.89127446094601,89.89127446094601,True
erdos_renyi,300,0.7,5,0.29926631544606463,89.7798946338194,89.7798946338194,True
erdos_renyi,300,0.7,6,0.2991927713772534,89.75783141317602,89.75783141317602,True
erdos_renyi,300,0.7,7,0.2993570387517307,89.80711162551921,89.80711162551921,True
erdos_renyi,300,0.7,8,0.299332291437745,89.79968743132349,89.79968743132349,True
erdos_renyi,300,0.7,9,0.2998540642985773,89.9562192895732,89.9562192895732,True
erdos_renyi,300,0.7,10,0.2998247502390594,89.94742507171782,89.94742507171782,True
erdos_renyi,300,0.7,11,0.29946131036576173,89.83839310972851,89.83839310972851,True
erdos_renyi,300,0.7,12,0.29948447134299205,89.84534140289762,89.84534140289762,True
erdos_renyi,300,0.7,13,0.29931758239680284,89.79527471904085,89.79527471904085,True
erdos_renyi,300,0.7,14,0.29952611653927896,89.8578349617837,89.8578349617837,True
erdos_renyi,300,0.7,15,0.2996373587393466,89.89120762180399,89.89120762180399,True
erdos_renyi,300,0.7,16,0.29967396196431995,89.90218858929599,89.90218858929599,True
erdos_renyi,300,0.7,17,0.2995734830052177,89.8720449015653,89.8720449015653,True
erdos_renyi,300,0.7,18,0.2996597546640759,89.89792639922277,89.89792639922277,True
erdos_renyi,300,0.7,19,0.29971114807058175,89.91334442117453,89.91334442117453,True
erdos_renyi,300,0.7,20,0.2993536630697461,89.80609892092383,89.80609892092383,True
erdos_renyi,300,0.7,21,0.2994624364263101,89.83873092789302,89.83873092789302,True
erdos_renyi,300,0.7,22,0.299806135372505,89.9418406117515,89.9418406117515,True
erdos_renyi,300,0.7,23,0.29955693004170436,89.86707901251131,89.86707901251131,True
erdos_renyi,300,0.7,24,0.29923051798823164,89.76915539646949,89.76915539646949,True
erdos_renyi,300,0.7,25,0.2997318431762437,89.9195529528731,89.9195529528731,True
erdos_renyi,300,0.7,26,0.2995161665407192,89.85484996221577,89.85484996221577,True
erdos_renyi,300,0.7,27,0.2997139635931828,89.91418907795484,89.91418907795484,True
erdos_renyi,300,0.7,28,0.2994528453922698,89.83585361768094,89.83585361768094,True
erdos_renyi,300,0.7,29,0.2990530187371292,89.71590562113876,89.71590562113876,True
erdos_renyi,300,1.0,0,0.0,0.0,0.0,True
erdos_renyi,300,1.0,1,0.0,0.0,0.0,True
erdos_renyi,300,1.0,2,0.0,0.0,0.0,True
erdos_renyi,300,1.0,3,0.0,0.0,0.0,True
erdos_renyi,300,1.0,4,0.0,0.0,0.0,True
erdos_renyi,300,1.0,5,0.0,0.0,0.0,True
erdos_renyi,300,1.0,6,0.0,0.0,0.0,True
erdos_renyi,300,1.0,7,0.0,0.0,0.0,True
erdos_renyi,300,1.0,8,0.0,0.0,0.0,True
erdos_renyi,300,1.0,9,0.0,0.0,0.0,True
erdos_renyi,300,1.0,10,0.0,0.0,0.0,True
erdos_renyi,300,1.0,11,0.0,0.0,0.0,True
erdos_renyi,300,1.0,12,0.0,0.0,0.0,True
erdos_renyi,300,1.0,13,0.0,0.0,0.0,True
erdos_renyi,300,1.0,14,0.0,0.0,0.0,True
erdos_renyi,300,1.0,15,0.0,0.0,0.0,True
erdos_renyi,300,1.0,16,0.0,0.0,0.0,True
erdos_renyi,300,1.0,17,0.0,0.0,0.0,True
erdos_renyi,300,1.0,18,0.0,0.0,0.0,True
erdos_renyi,300,1.0,19,0.0,0.0,0.0,True
erdos_renyi,300,1.0,20,0.0,0.0,0.0,True
erdos_renyi,300,1.0,21,0.0,0.0,0.0,True
erdos_renyi,300,1.0,22,0.0,0.0,0.0,True
erdos_renyi,300,1.0,23,0.0,0.0,0.0,True
erdos_renyi,300,1.0,24,0.0,0.0,0.0,True
erdos_renyi,300,1.0,25,0.0,0.0,0.0,True
erdos_renyi,300,1.0,26,0.0,0.0,0.0,True
erdos_renyi,300,1.0,27,0.0,0.0,0.0,True
erdos_renyi,300,1.0,28,0.0,0.0,0.0,True
erdos_renyi,300,1.0,29,0.0,0.0,0.0,True
erdos_renyi,1000,0.0,0,0.6292880087436405,629.2880087436406,629.2880087436406,True
erdos_renyi,1000,0.0,1,0.6292106861461656,629.2106861461656,629.2106861461656,True
erdos_renyi,1000,0.0,2,0.6296589723283536,629.6589723283536,629.6589723283536,True
erdos_renyi,1000,0.0,3,0.6301189268803968,630.1189268803969,630.1189268803969,True
erdos_renyi,1000,0.0,4,0.6288369889617749,628.8369889617749,628.8369889617749,True
erdos_renyi,1000,0.0,5,0.6289897303356551,628.989730335655,628.989730335655,True
erdos_renyi,1000,0.0,6,0.628915639486042,628.915639486042,628.915639486042,True
erdos_renyi,1000,0.0,7,0.6300682371624279,630.0682371624279,630.0682371624279,True
erdos_renyi,1000,0.0,8,0.628211561778594,628.211561778594,628.211561778594,True
erdos_renyi,1000,0.0,9,0.6285808403061213,628.5808403061212,628.5808403061212,True
erdos_renyi,1000,0.0,10,0.6291141689796963,629.1141689796963,629.1141689796963,True
erdos_renyi,1000,0.0,11,0.6291706762358512,629.1706762358513,629.1706762358513,True
erdos_renyi,1000,0.0,12,0.6290372659907006,629.0372659907007,629.0372659907007,True
erdos_renyi,1000,0.0,13,0.6288806432581784,628.8806432581783,628.8806432581783,True
erdos_renyi,1000,0.0,14,0.6298860522854413,629.8860522854412,629.8860522854412,True
erdos_renyi,1000,0.0,15,0.6299028970209454,629.9028970209454,629.9028970209454,True
erdos_renyi,1000,0.0,16,0.6291145640103539,629.1145640103539,629.1145640103539,True
erdos_renyi,1000,0.0,17,0.6291935462720507,629.1935462720508,629.1935462720508,True
erdos_renyi,1000,0.0,18,0.6293071339114252,629.3071339114252,629.3071339114252,True
erdos_renyi,1000,0.0,19,0.6289069867066699,628.9069867066698,628.9069867066698,True
erdos_renyi,1000,0.0,20,0.6296031694697941,629.6031694697941,629.6031694697941,True
erdos_renyi,1000,0.0,21,0.628573145112622,628.573145112622,628.573145112622,True
erdos_renyi,1000,0.0,22,0.6285404828623706,628.5404828623706,628.5404828623706,True
erdos_renyi,1000,0.0,23,0.6291874252693322,629.1874252693323,629.1874252693323,True
erdos_renyi,1000,0.0,24,0.6296251558356512,629.6251558356512,629.6251558356512,True
erdos_renyi,1000,0.0,25,0.6294053295663165,629.4053295663165,629.4053295663165,True
erdos_renyi,1000,0.0,26,0.62853149285904,628.53149285904,628.53149285904,True
erdos_renyi,1000,0.0,27,0.6287877305561478,628.7877305561478,628.7877305561478,True
erdos_renyi,1000,0.0,28,0.6300997056433488,630.0997056433488,630.0997056433488,True
erdos_renyi,1000,0.0,29,0.6295345422897922,629.5345422897922,629.5345422897922,True
erdos_renyi,1000,0.3,0,0.5436259153362428,543.6259153362428,543.6259153362428,True
erdos_renyi,1000,0.3,1,0.5432446157707356,543.2446157707355,543.2446157707355,True
erdos_renyi,1000,0.3,2,0.5432152436867801,543.2152436867801,543.2152436867801,True
erdos_renyi,1000,0.3,3,0.5434667475496345,543.4667475496345,543.4667475496345,True
erdos_renyi,1000,0.3,4,0.5426589058003157,542.6589058003158,542.6589058003158,True
erdos_renyi,1000,0.3,5,0.5430533903244765,543.0533903244765,543.0533903244765,True
erdos_renyi,1000,0.3,6,0.5431546072918215,543.1546072918215,543.1546072918215,True
erdos_renyi,1000,0.3,7,0.5432578089947275,543.2578089947275,543.2578089947275,True
erdos_renyi,1000,0.3,8,0.5433232078965853,543.3232078965852,543.3232078965852,True
erdos_renyi,1000,0.3,9,0.5435409355997934,543.5409355997934,543.5409355997934,True
erdos_renyi,1000,0.3,10,0.5429780780885318,542.9780780885318,542.9780780885318,True
erdos_renyi,1000,0.3,11,0.5434805995131216,543.4805995131215,543.4805995131215,True
erdos_renyi,1000,0.3,12,0.5435118187876797,543.5118187876798,543.5118187876798,True
erdos_renyi,1000,0.3,13,0.5426949548785263,542.6949548785262,542.6949548785262,True
erdos_renyi,1000,0.3,14,0.5433512326980686,543.3512326980687,543.3512326980687,True
erdos_renyi,1000,0.3,15,0.5428731775842086,542.8731775842086,542.8731775842086,True
erdos_renyi,1000,0.3,16,0.5439892657349834,543.9892657349834,543.9892657349834,True
erdos_renyi,1000,0.3,17,0.543048898721884,543.048898721884,543.048898721884,True
erdos_renyi,1000,0.3,18,0.5434831817819945,543.4831817819945,543.4831817819945,True
erdos_renyi,1000,0.3,19,0.5433294890037983,543.3294890037982,543.3294890037982,True
erdos_renyi,1000,0.3,20,0.5433117611345878,543.3117611345878,543.3117611345878,True
erdos_renyi,1000,0.3,21,0.5436007887354215,543.6007887354215,543.6007887354215,True
erdos_renyi,1000,0.3,22,0.5436095137142558,543.6095137142559,543.6095137142559,True
erdos_renyi,1000,0.3,23,0.5431733122386573,543.1733122386573,543.1733122386573,True
erdos_renyi,1000,0.3,24,0.5432421172283175,543.2421172283175,543.2421172283175,True
erdos_renyi,1000,0.3,25,0.5429614548627348,542.9614548627349,542.9614548627349,True
erdos_renyi,1000,0.3,26,0.542488641541531,542.488641541531,542.488641541531,True
erdos_renyi,1000,0.3,27,0.543450957591751,543.450957591751,543.450957591751,True
erdos_renyi,1000,0.3,28,0.5434296935050966,543.4296935050966,543.4296935050966,True
erdos_renyi,1000,0.3,29,0.5435315178306778,543.5315178306778,543.5315178306778,True
erdos_renyi,1000,0.5,0,0.436191481498337,436.191481498337,436.191481498337,True
erdos_renyi,1000,0.5,1,0.43630989598728287,436.30989598728286,436.30989598728286,True
erdos_renyi,1000,0.5,2,0.4364697602784585,436.4697602784585,436.4697602784585,True
erdos_renyi,1000,0.5,3,0.43647600590019375,436.47600590019374,436.47600590019374,True
erdos_renyi,1000,0.5,4,0.4368015474023873,436.8015474023873,436.8015474023873,True
erdos_renyi,1000,0.5,5,0.4365645512513364,436.5645512513364,436.5645512513364,True
erdos_renyi,1000,0.5,6,0.4361987398289441,436.1987398289441,436.1987398289441,True
erdos_renyi,1000,0.5,7,0.43608571464943424,436.08571464943424,436.08571464943424,True
erdos_renyi,1000,0.5,8,0.4368444465781396,436.8444465781396,436.8444465781396,True
erdos_renyi,1000,0.5,9,0.43665389921773,436.65389921773,436.65389921773,True
erdos_renyi,1000,0.5,10,0.4368920657631048,436.8920657631048,436.8920657631048,True
erdos_renyi,1000,0.5,11,0.4364181193334533,436.4181193334533,436.4181193334533,True
erdos_renyi,1000,0.5,12,0.43709698005307895,437.09698005307894,437.09698005307894,True
erdos_renyi,1000,0.5,13,0.43639246971161116,436.39246971161117,436.39246971161117,True
erdos_renyi,1000,0.5,14,0.4367688764753177,436.7688764753177,436.7688764753177,True
erdos_renyi,1000,0.5,15,0.4371039599391018,437.1039599391018,437.1039599391018,True
erdos_renyi,1000,0.5,16,0.4368647227107306,436.86472271073063,436.86472271073063,True
erdos_renyi,1000,0.5,17,0.4363228594416154,436.32285944161544,436.32285944161544,True
erdos_renyi,1000,0.5,18,0.43690440869111913,436.9044086911191,436.9044086911191,True
erdos_renyi,1000,0.5,19,0.43641179563403865,436.41179563403864,436.41179563403864,True
erdos_renyi,1000,0.5,20,0.43670233555098315,436.70233555098315,436.70233555098315,True
erdos_renyi,1000,0.5,21,0.43676783931431507,436.76783931431504,436.76783931431504,True
erdos_renyi,1000,0.5,22,0.4362316698418417,436.2316698418417,436.2316698418417,True
erdos_renyi,1000,0.5,23,0.43670097743936687,436.70097743936685,436.70097743936685,True
erdos_renyi,1000,0.5,24,0.43697416454709226,436.97416454709224,436.97416454709224,True
erdos_renyi,1000,0.5,25,0.4365667988272718,436.5667988272718,436.5667988272718,True
erdos_renyi,1000,0.5,26,0.43696112152917854,436.96112152917857,436.96112152917857,True
erdos_renyi,1000,0.5,27,0.43702176245115154,437.0217624511515,437.0217624511515,True
erdos_renyi,1000,0.5,28,0.4368771841191178,436.8771841191178,436.8771841191178,True
erdos_renyi,1000,0.5,29,0.43640120636170854,436.40120636170855,436.40120636170855,True
erdos_renyi,1000,0.7,0,0.2989732849905896,298.9732849905896,298.9732849905896,True
erdos_renyi,1000,0.7,1,0.29953756082105776,299.53756082105775,299.53756082105775,True
erdos_renyi,1000,0.7,2,0.29944089124848294,299.44089124848296,299.44089124848296,True
erdos_renyi,1000,0.7,3,0.29958562000236155,299.58562000236157,299.58562000236157,True
erdos_renyi,1000,0.7,4,0.29974324800373886,299.74324800373887,299.74324800373887,True
erdos_renyi,1000,0.7,5,0.2994061096405175,299.4061096405175,299.4061096405175,True
erdos_renyi,1000,0.7,6,0.2994432304804526,299.4432304804526,299.4432304804526,True
erdos_renyi,1000,0.7,7,0.29931591266490554,299.3159126649055,299.3159126649055,True
erdos_renyi,1000,0.7,8,0.29980991905968235,299.80991905968233,299.80991905968233,True
erdos_renyi,1000,0.7,9,0.29953826261225147,299.53826261225146,299.53826261225146,True
erdos_renyi,1000,0.7,10,0.2996985695961091,299.69856959610905,299.69856959610905,True
erdos_renyi,1000,0.7,11,0.2989343157465142,298.9343157465142,298.9343157465142,True
erdos_renyi,1000,0.7,12,0.29916131103128396,299.16131103128396,299.16131103128396,True
erdos_renyi,1000,0.7,13,0.2993095161135907,299.3095161135907,299.3095161135907,True
erdos_renyi,1000,0.7,14,0.29962974625931915,299.6297462593192,299.6297462593192,True
erdos_renyi,1000,0.7,15,0.29982546507885,299.82546507885,299.82546507885,True
erdos_renyi,1000,0.7,16,0.2993287143771415,299.32871437714147,299.32871437714147,True
erdos_renyi,1000,0.7,17,0.29964135643546164,299.64135643546166,299.64135643546166,True
erdos_renyi,1000,0.7,18,0.2997892681472988,299.7892681472988,299.7892681472988,True
erdos_renyi,1000,0.7,19,0.2999304611872202,299.9304611872202,299.9304611872202,True
erdos_renyi,1000,0.7,20,0.2996100843117844,299.61008431178436,299.61008431178436,True
erdos_renyi,1000,0.7,21,0.29950609078758916,299.5060907875892,299.5060907875892,True
erdos_renyi,1000,0.7,22,0.2998219792153173,299.8219792153173,299.8219792153173,True
erdos_renyi,1000,0.7,23,0.299801801467789,299.801801467789,299.801801467789,True
erdos_renyi,1000,0.7,24,0.2999122605798319,299.91226057983187,299.91226057983187,True
erdos_renyi,1000,0.7,25,0.2996211621623699,299.6211621623699,299.6211621623699,True
erdos_renyi,1000,0.7,26,0.2995307693150677,299.53076931506774,299.53076931506774,True
erdos_renyi,1000,0.7,27,0.299572522973239,299.572522973239,299.572522973239,True
erdos_renyi,1000,0.7,28,0.2993873155896476,299.3873155896476,299.3873155896476,True
erdos_renyi,1000,0.7,29,0.2997917117657197,299.79171176571975,299.79171176571975,True
erdos_renyi,1000,1.0,0,0.0,0.0,0.0,True
erdos_renyi,1000,1.0,1,0.0,0.0,0.0,True
erdos_renyi,1000,1.0,2,0.0,0.0,0.0,True
erdos_renyi,1000,1.0,3,0.0,0.0,0.0,True
erdos_renyi,1000,1.0,4,0.0,0.0,0.0,True
erdos_renyi,1000,1.0,5,0.0,0.0,0.0,True
erdos_renyi,1000,1.0,6,0.0,0.0,0.0,True
erdos_renyi,1000,1.0,7,0.0,0.0,0.0,True
erdos_renyi,1000,1.0,8,0.0,0.0,0.0,True
erdos_renyi,1000,1.0,9,0.0,0.0,0.0,True
erdos_renyi,1000,1.0,10,0.0,0.0,0.0,True
erdos_renyi,1000,1.0,11,0.0,0.0,0.0,True
erdos_renyi,1000,1.0,12,0.0,0.0,0.0,True
erdos_renyi,1000,1.0,13,0.0,0.0,0.0,True
erdos_renyi,1000,1.0,14,0.0,0.0,0.0,True
erdos_renyi,1000,1.0,15,0.0,0.0,0.0,True
erdos_renyi,1000,1.0,16,0.0,0.0,0.0,True
erdos_renyi,1000,1.0,17,0.0,0.0,0.0,True
erdos_renyi,1000,1.0,18,0.0,0.0,0.0,True
erdos_renyi,1000,1.0,19,0.0,0.0,0.0,True
erdos_renyi,1000,1.0,20,0.0,0.0,0.0,True
erdos_renyi,1000,1.0,21,0.0,0.0,0.0,True
erdos_renyi,1000,1.0,22,0.0,0.0,0.0,True
erdos_renyi,1000,1.0,23,0.0,0.0,0.0,True
erdos_renyi,1000,1.0,24,0.0,0.0,0.0,True
erdos_renyi,1000,1.0,25,0.0,0.0,0.0,True
erdos_renyi,1000,1.0,26,0.0,0.0,0.0,True
erdos_renyi,1000,1.0,27,0.0,0.0,0.0,True
erdos_renyi,1000,1.0,28,0.0,0.0,0.0,True
erdos_renyi,1000,1.0,29,0.0,0.0,0.0,True
barabasi_albert,10,0.0,0,0.6296516636536367,6.296516636536367,6.296516636536367,False
barabasi_albert,10,0.0,1,0.6292288804114567,6.292288804114568,6.292288804114568,False
barabasi_albert,10,0.0,2,0.6296057963995025,6.296057963995025,6.296057963995025,False
barabasi_albert,10,0.0,3,0.631946166548143,6.3194616654814295,6.3194616654814295,False
barabasi_albert,10,0.0,4,0.6274694200570525,6.274694200570526,6.274694200570526,False
barabasi_albert,10,0.0,5,0.628003951528058,6.2800395152805795,6.2800395152805795,False
barabasi_albert,10,0.0,6,0.6264095718674529,6.264095718674529,6.264095718674529,False
barabasi_albert,10,0.0,7,0.6273168801868192,6.2731688018681915,6.2731688018681915,False
barabasi_albert,10,0.0,8,0.6293541128462252,6.293541128462252,6.293541128462252,False
barabasi_albert,10,0.0,9,0.6302965327472566,6.302965327472566,6.302965327472566,False
barabasi_albert,10,0.0,10,0.6313280684035694,6.313280684035694,6.313280684035694,False
barabasi_albert,10,0.0,11,0.6309509899944088,6.3095098999440875,6.3095098999440875,False
barabasi_albert,10,0.0,12,0.628233305517643,6.28233305517643,6.28233305517643,False
barabasi_albert,10,0.0,13,0.6263020437330635,6.263020437330635,6.263020437330635,False
barabasi_albert,10,0.0,14,0.6309468853272078,6.309468853272078,6.309468853272078,False
barabasi_albert,10,0.0,15,0.6252495520429475,6.252495520429475,6.252495520429475,False
barabasi_albert,10,0.0,16,0.6304937311665236,6.3049373116652365,6.3049373116652365,False
barabasi_albert,10,0.0,17,0.6318546684657027,6.3185466846570275,6.3185466846570275,False
barabasi_albert,10,0.0,18,0.6298443398250877,6.2984433982508765,6.2984433982508765,False
barabasi_albert,10,0.0,19,0.6259018963404812,6.259018963404812,6.259018963404812,False
barabasi_albert,10,0.0,20,0.6233775242781352,6.233775242781352,6.233775242781352,False
barabasi_albert,10,0.0,21,0.6290950059681617,6.290950059681617,6.290950059681617,False
barabasi_albert,10,0.0,22,0.6307844066462797,6.307844066462796,6.307844066462796,False
barabasi_albert,10,0.0,23,0.6290480358184034,6.290480358184034,6.290480358184034,False
barabasi_albert,10,0.0,24,0.6308708513391518,6.308708513391518,6.308708513391518,False
barabasi_albert,10,0.0,25,0.6300861756786891,6.30086175678689,6.30086175678689,False
barabasi_albert,10,0.0,26,0.625305217227536,6.25305217227536,6.25305217227536,False
barabasi_albert,10,0.0,27,0.6274310259235754,6.274310259235754,6.274310259235754,False
barabasi_albert,10,0.0,28,0.6295011070123092,6.295011070123092,6.295011070123092,False
barabasi_albert,10,0.0,29,0.6274138809370589,6.274138809370589,6.274138809370589,False
barabasi_albert,10,0.3,0,0.5437628831692989,5.437628831692988,5.437628831692988,False
barabasi_albert,10,0.3,1,0.5458365312238154,5.458365312238154,5.458365312238154,False
barabasi_albert,10,0.3,2,0.5400522963337253,5.400522963337253,5.400522963337253,False
barabasi_albert,10,0.3,3,0.5397954004077512,5.397954004077512,5.397954004077512,False
barabasi_albert,10,0.3,4,0.5432009685453074,5.432009685453075,5.432009685453075,False
barabasi_albert,10,0.3,5,0.544488215836401,5.44488215836401,5.44488215836401,False
barabasi_albert,10,0.3,6,0.5461405370771545,5.461405370771545,5.461405370771545,False
barabasi_albert,10,0.3,7,0.5408984375378206,5.408984375378206,5.408984375378206,False
barabasi_albert,10,0.3,8,0.5404274476111851,5.404274476111851,5.404274476111851,False
barabasi_albert,10,0.3,9,0.5445781192346986,5.445781192346986,5.445781192346986,False
barabasi_albert,10,0.3,10,0.5429994085543761,5.429994085543761,5.429994085543761,False
barabasi_albert,10,0.3,11,0.537578360086896,5.37578360086896,5.37578360086896,False
barabasi_albert,10,0.3,12,0.5444677931541102,5.4446779315411025,5.4446779315411025,False
barabasi_albert,10,0.3,13,0.5458459268467152,5.458459268467152,5.458459268467152,False
barabasi_albert,10,0.3,14,0.5448821854334134,5.448821854334134,5.448821854334134,False
barabasi_albert,10,0.3,15,0.5441200758487824,5.441200758487824,5.441200758487824,False
barabasi_albert,10,0.3,16,0.5418111045683713,5.418111045683713,5.418111045683713,False
barabasi_albert,10,0.3,17,0.5443595581616162,5.443595581616162,5.443595581616162,False
barabasi_albert,10,0.3,18,0.5413332574655605,5.413332574655605,5.413332574655605,False
barabasi_albert,10,0.3,19,0.5413959419705501,5.413959419705501,5.413959419705501,False
barabasi_albert,10,0.3,20,0.5411152171426201,5.411152171426201,5.411152171426201,False
barabasi_albert,10,0.3,21,0.5451594174849532,5.451594174849532,5.451594174849532,False
barabasi_albert,10,0.3,22,0.5455390937884573,5.455390937884573,5.455390937884573,False
barabasi_albert,10,0.3,23,0.5424433778350437,5.424433778350437,5.424433778350437,False
barabasi_albert,10,0.3,24,0.541789084764079,5.41789084764079,5.41789084764079,False
barabasi_albert,10,0.3,25,0.5414350376297802,5.414350376297802,5.414350376297802,False
barabasi_albert,10,0.3,26,0.5445696068771728,5.445696068771728,5.445696068771728,False
barabasi_albert,10,0.3,27,0.5416123542639696,5.416123542639696,5.416123542639696,False
barabasi_albert,10,0.3,28,0.5423543649748481,5.423543649748481,5.423543649748481,False
barabasi_albert,10,0.3,29,0.5423791914744285,5.423791914744285,5.423791914744285,False
barabasi_albert,10,0.5,0,0.4380109655596569,4.380109655596569,4.380109655596569,False
barabasi_albert,10,0.5,1,0.4337836283117915,4.337836283117915,4.337836283117915,False
barabasi_albert,10,0.5,2,0.43541457839742104,4.354145783974211,4.354145783974211,False
barabasi_albert,10,0.5,3,0.43700896908794706,4.370089690879471,4.370089690879471,False
barabasi_albert,10,0.5,4,0.4381032217936862,4.381032217936863,4.381032217936863,False
barabasi_albert,10,0.5,5,0.4370166636473869,4.3701666364738685,4.3701666364738685,False
barabasi_albert,10,0.5,6,0.4358563560241697,4.358563560241697,4.358563560241697,False
barabasi_albert,10,0.5,7,0.4381724158770648,4.381724158770648,4.381724158770648,False
barabasi_albert,10,0.5,8,0.43822360538243965,4.382236053824396,4.382236053824396,False
barabasi_albert,10,0.5,9,0.43668383666693344,4.3668383666693344,4.3668383666693344,False
barabasi_albert,10,0.5,10,0.43527786439392036,4.352778643939203,4.352778643939203,False
barabasi_albert,10,0.5,11,0.4380113028179683,4.380113028179683,4.380113028179683,False
barabasi_albert,10,0.5,12,0.43811696168486347,4.381169616848634,4.381169616848634,False
barabasi_albert,10,0.5,13,0.4384638456342842,4.3846384563428416,4.3846384563428416,False
barabasi_albert,10,0.5,14,0.4371876994632373,4.371876994632373,4.371876994632373,False
barabasi_albert,10,0.5,15,0.4353437435886677,4.3534374358866765,4.3534374358866765,False
barabasi_albert,10,0.5,16,0.4386506395870211,4.386506395870211,4.386506395870211,False
barabasi_albert,10,0.5,17,0.4359280952510971,4.3592809525109715,4.3592809525109715,False
barabasi_albert,10,0.5,18,0.436699858283226,4.3669985828322595,4.3669985828322595,False
barabasi_albert,10,0.5,19,0.438647717905397,4.38647717905397,4.38647717905397,False
barabasi_albert,10,0.5,20,0.43651608166014566,4.365160816601456,4.365160816601456,False
barabasi_albert,10,0.5,21,0.4364471046345315,4.364471046345315,4.364471046345315,False
barabasi_albert,10,0.5,22,0.43838223726592596,4.383822372659259,4.383822372659259,False
barabasi_albert,10,0.5,23,0.43803277753132486,4.380327775313249,4.380327775313249,False
barabasi_albert,10,0.5,24,0.4350829688224367,4.350829688224367,4.350829688224367,False
barabasi_albert,10,0.5,25,0.4367676681974242,4.367676681974242,4.367676681974242,False
barabasi_albert,10,0.5,26,0.4382231045245055,4.382231045245055,4.382231045245055,False
barabasi_albert,10,0.5,27,0.43682356558210256,4.368235655821025,4.368235655821025,False
barabasi_albert,10,0.5,28,0.4341234708343079,4.341234708343079,4.341234708343079,False
barabasi_albert,10,0.5,29,0.43500406649588796,4.35004066495888,4.35004066495888,False
barabasi_albert,10,0.7,0,0.2965110672758804,2.965110672758804,2.965110672758804,False
barabasi_albert,10,0.7,1,0.29837398557528283,2.9837398557528285,2.9837398557528285,False
barabasi_albert,10,0.7,2,0.2983119777454437,2.983119777454437,2.983119777454437,False
barabasi_albert,10,0.7,3,0.2984155422457887,2.984155422457887,2.984155422457887,False
barabasi_albert,10,0.7,4,0.3002179607674059,3.0021796076740594,3.0021796076740594,False
barabasi_albert,10,0.7,5,0.30014544233042917,3.001454423304292,3.001454423304292,False
barabasi_albert,10,0.7,6,0.3001693210196924,3.0016932101969243,3.0016932101969243,False
barabasi_albert,10,0.7,7,0.30036371648840965,3.0036371648840965,3.0036371648840965,False
barabasi_albert,10,0.7,8,0.2984292843595494,2.984292843595494,2.984292843595494,False
barabasi_albert,10,0.7,9,0.3004737963364119,3.004737963364119,3.004737963364119,False
barabasi_albert,10,0.7,10,0.3003789876937454,3.0037898769374536,3.0037898769374536,False
barabasi_albert,10,0.7,11,0.30020205339084627,3.0020205339084627,3.0020205339084627,False
barabasi_albert,10,0.7,12,0.30019921161899854,3.001992116189985,3.001992116189985,False
barabasi_albert,10,0.7,13,0.29829225068650167,2.982922506865017,2.982922506865017,False
barabasi_albert,10,0.7,14,0.300307908543086,3.0030790854308598,3.0030790854308598,False
barabasi_albert,10,0.7,15,0.30024159076527945,3.0024159076527948,3.0024159076527948,False
barabasi_albert,10,0.7,16,0.2982746779284994,2.9827467792849935,2.9827467792849935,False
barabasi_albert,10,0.7,17,0.29642612987020367,2.964261298702037,2.964261298702037,False
barabasi_albert,10,0.7,18,0.29835843307152077,2.9835843307152077,2.9835843307152077,False
barabasi_albert,10,0.7,19,0.2984771932854069,2.984771932854069,2.984771932854069,False
barabasi_albert,10,0.7,20,0.2965611310518328,2.965611310518328,2.965611310518328,False
barabasi_albert,10,0.7,21,0.30021147297787487,3.0021147297787487,3.0021147297787487,False
barabasi_albert,10,0.7,22,0.3003491211503352,3.003491211503352,3.003491211503352,False
barabasi_albert,10,0.7,23,0.30029134377317435,3.0029134377317437,3.0029134377317437,False
barabasi_albert,10,0.7,24,0.3002820985967598,3.002820985967598,3.002820985967598,False
barabasi_albert,10,0.7,25,0.3003360148214924,3.003360148214924,3.003360148214924,False
barabasi_albert,10,0.7,26,0.2985353535610099,2.9853535356100993,2.9853535356100993,False
barabasi_albert,10,0.7,27,0.3002397456266902,3.002397456266902,3.002397456266902,False
barabasi_albert,10,0.7,28,0.298416769738021,2.98416769738021,2.98416769738021,False
barabasi_albert,10,0.7,29,0.3004684695727661,3.0046846957276605,3.0046846957276605,False
barabasi_albert,10,1.0,0,0.0,0.0,0.0,False
barabasi_albert,10,1.0,1,0.0,0.0,0.0,False
barabasi_albert,10,1.0,2,0.0,0.0,0.0,False
barabasi_albert,10,1.0,3,0.0,0.0,0.0,False
barabasi_albert,10,1.0,4,0.0,0.0,0.0,False
barabasi_albert,10,1.0,5,0.0,0.0,0.0,False
barabasi_albert,10,1.0,6,0.0,0.0,0.0,False
barabasi_albert,10,1.0,7,0.0,0.0,0.0,False
barabasi_albert,10,1.0,8,0.0,0.0,0.0,False
barabasi_albert,10,1.0,9,0.0,0.0,0.0,False
barabasi_albert,10,1.0,10,0.0,0.0,0.0,False
barabasi_albert,10,1.0,11,0.0,0.0,0.0,False
barabasi_albert,10,1.0,12,0.0,0.0,0.0,False
barabasi_albert,10,1.0,13,0.0,0.0,0.0,False
barabasi_albert,10,1.0,14,0.0,0.0,0.0,False
barabasi_albert,10,1.0,15,0.0,0.0,0.0,False
barabasi_albert,10,1.0,16,0.0,0.0,0.0,False
barabasi_albert,10,1.0,17,0.0,0.0,0.0,False
barabasi_albert,10,1.0,18,0.0,0.0,0.0,False
barabasi_albert,10,1.0,19,0.0,0.0,0.0,False
barabasi_albert,10,1.0,20,0.0,0.0,0.0,False
barabasi_albert,10,1.0,21,0.0,0.0,0.0,False
barabasi_albert,10,1.0,22,0.0,0.0,0.0,False
barabasi_albert,10,1.0,23,0.0,0.0,0.0,False
barabasi_albert,10,1.0,24,0.0,0.0,0.0,False
barabasi_albert,10,1.0,25,0.0,0.0,0.0,False
barabasi_albert,10,1.0,26,0.0,0.0,0.0,False
barabasi_albert,10,1.0,27,0.0,0.0,0.0,False
barabasi_albert,10,1.0,28,0.0,0.0,0.0,False
barabasi_albert,10,1.0,29,0.0,0.0,0.0,False
barabasi_albert,30,0.0,0,0.6290682070755667,18.872046212267,18.872046212267,False
barabasi_albert,30,0.0,1,0.6293080386891428,18.879241160674283,18.879241160674283,False
barabasi_albert,30,0.0,2,0.6287879020246538,18.863637060739617,18.863637060739617,False
barabasi_albert,30,0.0,3,0.6283517874471336,18.850553623414008,18.850553623414008,False
barabasi_albert,30,0.0,4,0.6295799588131451,18.88739876439435,18.88739876439435,False
barabasi_albert,30,0.0,5,0.6290027263798061,18.870081791394185,18.870081791394185,False
barabasi_albert,30,0.0,6,0.6292785415461726,18.878356246385177,18.878356246385177,False
barabasi_albert,30,0.0,7,0.6294920327341967,18.884760982025902,18.884760982025902,False
barabasi_albert,30,0.0,8,0.6297638839803079,18.892916519409237,18.892916519409237,False
barabasi_albert,30,0.0,9,0.6293620735227695,18.880862205683087,18.880862205683087,False
barabasi_albert,30,0.0,10,0.6283156105608008,18.849468316824023,18.849468316824023,False
barabasi_albert,30,0.0,11,0.629249229542582,18.87747688627746,18.87747688627746,False
barabasi_albert,30,0.0,12,0.6291939720027384,18.875819160082152,18.875819160082152,False
barabasi_albert,30,0.0,13,0.6281769372897696,18.84530811869309,18.84530811869309,False
barabasi_albert,30,0.0,14,0.6295821143731699,18.887463431195098,18.887463431195098,False
barabasi_albert,30,0.0,15,0.6299250758878151,18.897752276634453,18.897752276634453,False
barabasi_albert,30,0.0,16,0.6299509112516641,18.898527337549925,18.898527337549925,False
barabasi_albert,30,0.0,17,0.6290046556698989,18.870139670096968,18.870139670096968,False
barabasi_albert,30,0.0,18,0.6293822505125519,18.881467515376556,18.881467515376556,False
barabasi_albert,30,0.0,19,0.6284034428591911,18.852103285775733,18.852103285775733,False
barabasi_albert,30,0.0,20,0.630099125212958,18.90297375638874,18.90297375638874,False
barabasi_albert,30,0.0,21,0.6294327509902583,18.88298252970775,18.88298252970775,False
barabasi_albert,30,0.0,22,0.6277466685908923,18.83240005772677,18.83240005772677,False
barabasi_albert,30,0.0,23,0.6292536030113649,18.877608090340946,18.877608090340946,False
barabasi_albert,30,0.0,24,0.6299087001365111,18.897261004095334,18.897261004095334,False
barabasi_albert,30,0.0,25,0.6294687340105671,18.884062020317014,18.884062020317014,False
barabasi_albert,30,0.0,26,0.6292231644816833,18.876694934450498,18.876694934450498,False
barabasi_albert,30,0.0,27,0.6294393116732251,18.88317935019675,18.88317935019675,False
barabasi_albert,30,0.0,28,0.6291733293914441,18.875199881743324,18.875199881743324,False
barabasi_albert,30,0.0,29,0.628849786110268,18.86549358330804,18.86549358330804,False
barabasi_albert,30,0.3,0,0.5432254903655988,16.296764710967963,16.296764710967963,False
barabasi_albert,30,0.3,1,0.5431444093860907,16.29433228158272,16.29433228158272,False
barabasi_albert,30,0.3,2,0.543198937576167,16.29596812728501,16.29596812728501,False
barabasi_albert,30,0.3,3,0.5440335759497026,16.321007278491077,16.321007278491077,False
barabasi_albert,30,0.3,4,0.5435403639324312,16.306210917972937,16.306210917972937,False
barabasi_albert,30,0.3,5,0.5435054911899693,16.30516473569908,16.30516473569908,False
barabasi_albert,30,0.3,6,0.542061992978381,16.26185978935143,16.26185978935143,False
barabasi_albert,30,0.3,7,0.5432717593725018,16.298152781175055,16.298152781175055,False
barabasi_albert,30,0.3,8,0.5440206588640115,16.320619765920345,16.320619765920345,False
barabasi_albert,30,0.3,9,0.5435454855642236,16.306364566926707,16.306364566926707,False
barabasi_albert,30,0.3,10,0.5436291666623071,16.308874999869214,16.308874999869214,False
barabasi_albert,30,0.3,11,0.5430248785026228,16.290746355078685,16.290746355078685,False
barabasi_albert,30,0.3,12,0.5440496412115654,16.321489236346963,16.321489236346963,False
barabasi_albert,30,0.3,13,0.5432324466835343,16.29697340050603,16.29697340050603,False
barabasi_albert,30,0.3,14,0.5420861243816819,16.26258373145046,16.26258373145046,False
barabasi_albert,30,0.3,15,0.5426301832786317,16.27890549835895,16.27890549835895,False
barabasi_albert,30,0.3,16,0.5423635960123503,16.27090788037051,16.27090788037051,False
barabasi_albert,30,0.3,17,0.5432728745056332,16.298186235169,16.298186235169,False
barabasi_albert,30,0.3,18,0.5437047483263888,16.311142449791664,16.311142449791664,False
barabasi_albert,30,0.3,19,0.5424029503318706,16.272088509956117,16.272088509956117,False
barabasi_albert,30,0.3,20,0.5438537965850401,16.315613897551202,16.315613897551202,False
barabasi_albert,30,0.3,21,0.543602881055373,16.30808643166119,16.30808643166119,False
barabasi_albert,30,0.3,22,0.5419138723746177,16.257416171238532,16.257416171238532,False
barabasi_albert,30,0.3,23,0.5429798805549313,16.28939641664794,16.28939641664794,False
barabasi_albert,30,0.3,24,0.5432826251943541,16.298478755830622,16.298478755830622,False
barabasi_albert,30,0.3,25,0.5437231602591066,16.311694807773197,16.311694807773197,False
barabasi_albert,30,0.3,26,0.5431123955201141,16.293371865603426,16.293371865603426,False
barabasi_albert,30,0.3,27,0.5432411752545074,16.297235257635222,16.297235257635222,False
barabasi_albert,30,0.3,28,0.543072430888787,16.29217292666361,16.29217292666361,False
barabasi_albert,30,0.3,29,0.5431789605230812,16.295368815692438,16.295368815692438,False
barabasi_albert,30,0.5,0,0.43728884703826265,13.11866541114788,13.11866541114788,False
barabasi_albert,30,0.5,1,0.43674563726879045,13.102369118063713,13.102369118063713,False
barabasi_albert,30,0.5,2,0.4366250072079376,13.098750216238129,13.098750216238129,False
barabasi_albert,30,0.5,3,0.43705322903284427,13.111596870985329,13.111596870985329,False
barabasi_albert,30,0.5,4,0.4353662961170086,13.060988883510259,13.060988883510259,False
barabasi_albert,30,0.5,5,0.43667063191632294,13.100118957489688,13.100118957489688,False
barabasi_albert,30,0.5,6,0.4367576720376082,13.102730161128246,13.102730161128246,False
barabasi_albert,30,0.5,7,0.43584706892742153,13.075412067822645,13.075412067822645,False
barabasi_albert,30,0.5,8,0.4372356156451085,13.117068469353255,13.117068469353255,False
barabasi_albert,30,0.5,9,0.4365723772369793,13.097171317109378,13.097171317109378,False
barabasi_albert,30,0.5,10,0.4369629556138377,13.10888866841513,13.10888866841513,False
barabasi_albert,30,0.5,11,0.43661916977823445,13.098575093347034,13.098575093347034,False
barabasi_albert,30,0.5,12,0.43768399963978244,13.130519989193473,13.130519989193473,False
barabasi_albert,30,0.5,13,0.43690587229137423,13.107176168741226,13.107176168741226,False
barabasi_albert,30,0.5,14,0.43659479114770217,13.097843734431065,13.097843734431065,False
barabasi_albert,30,0.5,15,0.4363344761763579,13.090034285290738,13.090034285290738,False
barabasi_albert,30,0.5,16,0.43677450425877795,13.10323512776334,13.10323512776334,False
barabasi_albert,30,0.5,17,0.4371067189870772,13.113201569612317,13.113201569612317,False
barabasi_albert,30,0.5,18,0.4366598987119604,13.099796961358813,13.099796961358813,False
barabasi_albert,30,0.5,19,0.43577963529201447,13.073389058760434,13.073389058760434,False
barabasi_albert,30,0.5,20,0.4363926800661886,13.091780401985657,13.091780401985657,False
barabasi_albert,30,0.5,21,0.437238291211245,13.11714873633735,13.11714873633735,False
barabasi_albert,30,0.5,22,0.4367442028166755,13.102326084500264,13.102326084500264,False
barabasi_albert,30,0.5,23,0.4374726995715714,13.124180987147142,13.124180987147142,False
barabasi_albert,30,0.5,24,0.43699526900745567,13.10985807022367,13.10985807022367,False
barabasi_albert,30,0.5,25,0.43709535265946553,13.112860579783966,13.112860579783966,False
barabasi_albert,30,0.5,26,0.43659166503171387,13.097749950951416,13.097749950951416,False
barabasi_albert,30,0.5,27,0.4369173180056337,13.107519540169012,13.107519540169012,False
barabasi_albert,30,0.5,28,0.43685259451077196,13.105577835323158,13.105577835323158,False
barabasi_albert,30,0.5,29,0.4367461284325215,13.102383852975644,13.102383852975644,False
barabasi_albert,30,0.7,0,0.2994793633013937,8.98438089904181,8.98438089904181,False
barabasi_albert,30,0.7,1,0.3000809964549531,9.002429893648593,9.002429893648593,False
barabasi_albert,30,0.7,2,0.29943547481019495,8.983064244305849,8.983064244305849,False
barabasi_albert,30,0.7,3,0.2990749269097567,8.9722478072927,8.9722478072927,False
barabasi_albert,30,0.7,4,0.2987243244227169,8.961729732681507,8.961729732681507,False
barabasi_albert,30,0.7,5,0.2995391798530349,8.986175395591047,8.986175395591047,False
barabasi_albert,30,0.7,6,0.29889190397162335,8.966757119148701,8.966757119148701,False
barabasi_albert,30,0.7,7,0.2991738230229689,8.975214690689068,8.975214690689068,False
barabasi_albert,30,0.7,8,0.2994496403769865,8.983489211309596,8.983489211309596,False
barabasi_albert,30,0.7,9,0.2996406166207176,8.989218498621529,8.989218498621529,False
barabasi_albert,30,0.7,10,0.2998209745249496,8.994629235748487,8.994629235748487,False
barabasi_albert,30,0.7,11,0.29964744106951047,8.989423232085315,8.989423232085315,False
barabasi_albert,30,0.7,12,0.300031571952164,9.00094715856492,9.00094715856492,False
barabasi_albert,30,0.7,13,0.29926511882835094,8.977953564850528,8.977953564850528,False
barabasi_albert,30,0.7,14,0.29963068711291163,8.988920613387348,8.988920613387348,False
barabasi_albert,30,0.7,15,0.29924852448809136,8.97745573464274,8.97745573464274,False
barabasi_albert,30,0.7,16,0.2999286541921602,8.997859625764805,8.997859625764805,False
barabasi_albert,30,0.7,17,0.2998480525179267,8.9954415755378,8.9954415755378,False
barabasi_albert,30,0.7,18,0.29948788034837315,8.984636410451195,8.984636410451195,False
barabasi_albert,30,0.7,19,0.30006574070700665,9.001972221210199,9.001972221210199,False
barabasi_albert,30,0.7,20,0.2994409450866067,8.9832283525982,8.9832283525982,False
barabasi_albert,30,0.7,21,0.29967806759201465,8.99034202776044,8.99034202776044,False
barabasi_albert,30,0.7,22,0.2998668332738069,8.996004998214207,8.996004998214207,False
barabasi_albert,30,0.7,23,0.29888284182237834,8.966485254671351,8.966485254671351,False
barabasi_albert,30,0.7,24,0.2992664942301292,8.977994826903876,8.977994826903876,False
barabasi_albert,30,0.7,25,0.2996975945678223,8.990927837034668,8.990927837034668,False
barabasi_albert,30,0.7,26,0.2997116318498627,8.991348955495882,8.991348955495882,False
barabasi_albert,30,0.7,27,0.29972334672449874,8.991700401734962,8.991700401734962,False
barabasi_albert,30,0.7,28,0.30010043394474417,9.003013018342326,9.003013018342326,False
barabasi_albert,30,0.7,29,0.29971577452240894,8.991473235672268,8.991473235672268,False
barabasi_albert,30,1.0,0,0.0,0.0,0.0,False
barabasi_albert,30,1.0,1,0.0,0.0,0.0,False
barabasi_albert,30,1.0,2,0.0,0.0,0.0,False
barabasi_albert,30,1.0,3,0.0,0.0,0.0,False
barabasi_albert,30,1.0,4,0.0,0.0,0.0,False
barabasi_albert,30,1.0,5,0.0,0.0,0.0,False
barabasi_albert,30,1.0,6,0.0,0.0,0.0,False
barabasi_albert,30,1.0,7,0.0,0.0,0.0,False
barabasi_albert,30,1.0,8,0.0,0.0,0.0,False
barabasi_albert,30,1.0,9,0.0,0.0,0.0,False
barabasi_albert,30,1.0,10,0.0,0.0,0.0,False
barabasi_albert,30,1.0,11,0.0,0.0,0.0,False
barabasi_albert,30,1.0,12,0.0,0.0,0.0,False
barabasi_albert,30,1.0,13,0.0,0.0,0.0,False
barabasi_albert,30,1.0,14,0.0,0.0,0.0,False
barabasi_albert,30,1.0,15,0.0,0.0,0.0,False
barabasi_albert,30,1.0,16,0.0,0.0,0.0,False
barabasi_albert,30,1.0,17,0.0,0.0,0.0,False
barabasi_albert,30,1.0,18,0.0,0.0,0.0,False
barabasi_albert,30,1.0,19,0.0,0.0,0.0,False
barabasi_albert,30,1.0,20,0.0,0.0,0.0,False
barabasi_albert,30,1.0,21,0.0,0.0,0.0,False
barabasi_albert,30,1.0,22,0.0,0.0,0.0,False
barabasi_albert,30,1.0,23,0.0,0.0,0.0,False
barabasi_albert,30,1.0,24,0.0,0.0,0.0,False
barabasi_albert,30,1.0,25,0.0,0.0,0.0,False
barabasi_albert,30,1.0,26,0.0,0.0,0.0,False
barabasi_albert,30,1.0,27,0.0,0.0,0.0,False
barabasi_albert,30,1.0,28,0.0,0.0,0.0,False
barabasi_albert,30,1.0,29,0.0,0.0,0.0,False
barabasi_albert,100,0.0,0,0.6286230450073989,62.86230450073988,62.86230450073988,True
barabasi_albert,100,0.0,1,0.6301607214047393,63.01607214047393,63.01607214047393,True
barabasi_albert,100,0.0,2,0.6287309952642426,62.873099526424255,62.873099526424255,True
barabasi_albert,100,0.0,3,0.6295422567533498,62.95422567533498,62.95422567533498,True
barabasi_albert,100,0.0,4,0.6293927645605618,62.939276456056184,62.939276456056184,True
barabasi_albert,100,0.0,5,0.628870807937434,62.8870807937434,62.8870807937434,True
barabasi_albert,100,0.0,6,0.6291974074000966,62.91974074000966,62.91974074000966,True
barabasi_albert,100,0.0,7,0.6296436952494262,62.96436952494262,62.96436952494262,True
barabasi_albert,100,0.0,8,0.6294808106600587,62.94808106600587,62.94808106600587,True
barabasi_albert,100,0.0,9,0.6291195108605685,62.91195108605685,62.91195108605685,True
barabasi_albert,100,0.0,10,0.6292244766860062,62.922447668600626,62.922447668600626,True
barabasi_albert,100,0.0,11,0.6291175249596118,62.91175249596118,62.91175249596118,True
barabasi_albert,100,0.0,12,0.6293427076002469,62.93427076002469,62.93427076002469,True
barabasi_albert,100,0.0,13,0.6287174964122613,62.871749641226124,62.871749641226124,True
barabasi_albert,100,0.0,14,0.6288811446068505,62.88811446068505,62.88811446068505,True
barabasi_albert,100,0.0,15,0.6290716174091644,62.907161740916436,62.907161740916436,True
barabasi_albert,100,0.0,16,0.6294343670159743,62.943436701597435,62.943436701597435,True
barabasi_albert,100,0.0,17,0.6281865989374842,62.81865989374842,62.81865989374842,True
barabasi_albert,100,0.0,18,0.6287977801826174,62.879778018261746,62.879778018261746,True
barabasi_albert,100,0.0,19,0.6289338103381745,62.893381033817455,62.893381033817455,True
barabasi_albert,100,0.0,20,0.6296461249121936,62.96461249121936,62.96461249121936,True
barabasi_albert,100,0.0,21,0.6289591310805555,62.895913108055545,62.895913108055545,True
barabasi_albert,100,0.0,22,0.6294552170669305,62.94552170669305,62.94552170669305,True
barabasi_albert,100,0.0,23,0.6296343304365589,62.96343304365589,62.96343304365589,True
barabasi_albert,100,0.0,24,0.6281016227639911,62.810162276399105,62.810162276399105,True
barabasi_albert,100,0.0,25,0.6295000010135019,62.95000010135019,62.95000010135019,True
barabasi_albert,100,0.0,26,0.6296122192676041,62.961221926760416,62.961221926760416,True
barabasi_albert,100,0.0,27,0.6288279374775532,62.882793747755315,62.882793747755315,True
barabasi_albert,100,0.0,28,0.6289358190338303,62.89358190338304,62.89358190338304,True
barabasi_albert,100,0.0,29,0.6282669483150027,62.82669483150028,62.82669483150028,True
barabasi_albert,100,0.3,0,0.5432644959649835,54.32644959649835,54.32644959649835,True
barabasi_albert,100,0.3,1,0.5431765913948852,54.31765913948852,54.31765913948852,True
barabasi_albert,100,0.3,2,0.5436764724954715,54.36764724954715,54.36764724954715,True
barabasi_albert,100,0.3,3,0.5430827074895516,54.30827074895516,54.30827074895516,True
barabasi_albert,100,0.3,4,0.5438642968558007,54.386429685580076,54.386429685580076,True
barabasi_albert,100,0.3,5,0.5426107246438447,54.261072464384476,54.261072464384476,True
barabasi_albert,100,0.3,6,0.5429517078129943,54.295170781299426,54.295170781299426,True
barabasi_albert,100,0.3,7,0.5434893434321348,54.348934343213486,54.348934343213486,True
barabasi_albert,100,0.3,8,0.5438130663426748,54.38130663426748,54.38130663426748,True
barabasi_albert,100,0.3,9,0.5433069719328496,54.33069719328496,54.33069719328496,True
barabasi_albert,100,0.3,10,0.5433249513220392,54.33249513220392,54.33249513220392,True
barabasi_albert,100,0.3,11,0.5433608479726494,54.33608479726494,54.33608479726494,True
barabasi_albert,100,0.3,12,0.5435311673233343,54.353116732333426,54.353116732333426,True
barabasi_albert,100,0.3,13,0.5438408736702705,54.38408736702704,54.38408736702704,True
barabasi_albert,100,0.3,14,0.543317819250748,54.33178192507479,54.33178192507479,True
barabasi_albert,100,0.3,15,0.5436107788814712,54.36107788814712,54.36107788814712,True
barabasi_albert,100,0.3,16,0.5433083889903926,54.33083889903926,54.33083889903926,True
barabasi_albert,100,0.3,17,0.5429708482344663,54.29708482344663,54.29708482344663,True
barabasi_albert,100,0.3,18,0.5429461711172092,54.294617111720925,54.294617111720925,True
barabasi_albert,100,0.3,19,0.5430480598123311,54.30480598123311,54.30480598123311,True
barabasi_albert,100,0.3,20,0.5434766193206648,54.34766193206648,54.34766193206648,True
barabasi_albert,100,0.3,21,0.5432085381421976,54.32085381421976,54.32085381421976,True
barabasi_albert,100,0.3,22,0.5436860172602942,54.36860172602942,54.36860172602942,True
barabasi_albert,100,0.3,23,0.5430958816783571,54.30958816783571,54.30958816783571,True
barabasi_albert,100,0.3,24,0.5436709374500102,54.367093745001014,54.367093745001014,True
barabasi_albert,100,0.3,25,0.5433451479226381,54.33451479226381,54.33451479226381,True
barabasi_albert,100,0.3,26,0.5437689298221746,54.37689298221746,54.37689298221746,True
barabasi_albert,100,0.3,27,0.5432197519872914,54.32197519872914,54.32197519872914,True
barabasi_albert,100,0.3,28,0.5432913871590425,54.32913871590424,54.32913871590424,True
barabasi_albert,100,0.3,29,0.5433008895550911,54.33008895550911,54.33008895550911,True
barabasi_albert,100,0.5,0,0.4364982401326559,43.649824013265594,43.649824013265594,True
barabasi_albert,100,0.5,1,0.4367133606390907,43.671336063909074,43.671336063909074,True
barabasi_albert,100,0.5,2,0.43611198095293746,43.611198095293744,43.611198095293744,True
barabasi_albert,100,0.5,3,0.43586442085642585,43.58644208564259,43.58644208564259,True
barabasi_albert,100,0.5,4,0.4370953643265396,43.70953643265396,43.70953643265396,True
barabasi_albert,100,0.5,5,0.43693982591478286,43.69398259147829,43.69398259147829,True
barabasi_albert,100,0.5,6,0.43698446163851,43.698446163851,43.698446163851,True
barabasi_albert,100,0.5,7,0.4364519420269577,43.64519420269577,43.64519420269577,True
barabasi_albert,100,0.5,8,0.4364088547286076,43.64088547286076,43.64088547286076,True
barabasi_albert,100,0.5,9,0.4361432979525669,43.61432979525669,43.61432979525669,True
barabasi_albert,100,0.5,10,0.43665170217344107,43.665170217344105,43.665170217344105,True
barabasi_albert,100,0.5,11,0.43668141311917597,43.668141311917594,43.668141311917594,True
barabasi_albert,100,0.5,12,0.43636556585013164,43.63655658501317,43.63655658501317,True
barabasi_albert,100,0.5,13,0.43601312594156494,43.6013125941565,43.6013125941565,True
barabasi_albert,100,0.5,14,0.4363456095636532,43.63456095636532,43.63456095636532,True
barabasi_albert,100,0.5,15,0.4361319228235202,43.61319228235202,43.61319228235202,True
barabasi_albert,100,0.5,16,0.43615819413849966,43.61581941384996,43.61581941384996,True
barabasi_albert,100,0.5,17,0.43645025104575497,43.645025104575495,43.645025104575495,True
barabasi_albert,100,0.5,18,0.4365625622947682,43.65625622947682,43.65625622947682,True
barabasi_albert,100,0.5,19,0.43623384692395006,43.62338469239501,43.62338469239501,True
barabasi_albert,100,0.5,20,0.4361545262210509,43.61545262210509,43.61545262210509,True
barabasi_albert,100,0.5,21,0.43688875465168076,43.688875465168074,43.688875465168074,True
barabasi_albert,100,0.5,22,0.4365545679347568,43.65545679347568,43.65545679347568,True
barabasi_albert,100,0.5,23,0.4370433142098944,43.70433142098944,43.70433142098944,True
barabasi_albert,100,0.5,24,0.43714348926332536,43.71434892633253,43.71434892633253,True
barabasi_albert,100,0.5,25,0.43714009808992604,43.71400980899261,43.71400980899261,True
barabasi_albert,100,0.5,26,0.43637819433809544,43.63781943380955,43.63781943380955,True
barabasi_albert,100,0.5,27,0.4363236191958553,43.63236191958553,43.63236191958553,True
barabasi_albert,100,0.5,28,0.43668284370281085,43.668284370281086,43.668284370281086,True
barabasi_albert,100,0.5,29,0.43640033826176305,43.64003382617631,43.64003382617631,True
barabasi_albert,100,0.7,0,0.299523586587885,29.9523586587885,29.9523586587885,True
barabasi_albert,100,0.7,1,0.29956659742778147,29.956659742778147,29.956659742778147,True
barabasi_albert,100,0.7,2,0.2994327298019622,29.943272980196223,29.943272980196223,True
barabasi_albert,100,0.7,3,0.29981401434541155,29.981401434541155,29.981401434541155,True
barabasi_albert,100,0.7,4,0.2991229850781493,29.912298507814928,29.912298507814928,True
barabasi_albert,100,0.7,5,0.29914489374222886,29.914489374222885,29.914489374222885,True
barabasi_albert,100,0.7,6,0.2993221975613428,29.93221975613428,29.93221975613428,True
barabasi_albert,100,0.7,7,0.29969998753814053,29.969998753814053,29.969998753814053,True
barabasi_albert,100,0.7,8,0.29965016733639316,29.965016733639317,29.965016733639317,True
barabasi_albert,100,0.7,9,0.29938476604678277,29.93847660467828,29.93847660467828,True
barabasi_albert,100,0.7,10,0.2995934466939508,29.959344669395083,29.959344669395083,True
barabasi_albert,100,0.7,11,0.2995866242332895,29.958662423328953,29.958662423328953,True
barabasi_albert,100,0.7,12,0.2992113524131004,29.921135241310036,29.921135241310036,True
barabasi_albert,100,0.7,13,0.2995320811489095,29.95320811489095,29.95320811489095,True
barabasi_albert,100,0.7,14,0.29937624159959786,29.937624159959785,29.937624159959785,True
barabasi_albert,100,0.7,15,0.29968218672409985,29.968218672409986,29.968218672409986,True
barabasi_albert,100,0.7,16,0.29966520666353114,29.966520666353112,29.966520666353112,True
barabasi_albert,100,0.7,17,0.2992489269295887,29.92489269295887,29.92489269295887,True
barabasi_albert,100,0.7,18,0.2993859463183335,29.938594631833347,29.938594631833347,True
barabasi_albert,100,0.7,19,0.2996366321742152,29.96366321742152,29.96366321742152,True
barabasi_albert,100,0.7,20,0.29914578577976547,29.91457857797655,29.91457857797655,True
barabasi_albert,100,0.7,21,0.2995189176285724,29.95189176285724,29.95189176285724,True
barabasi_albert,100,0.7,22,0.2993052867358007,29.93052867358007,29.93052867358007,True
barabasi_albert,100,0.7,23,0.29966438584362254,29.966438584362255,29.966438584362255,True
barabasi_albert,100,0.7,24,0.2995149836315767,29.95149836315767,29.95149836315767,True
barabasi_albert,100,0.7,25,0.29982292141644784,29.982292141644784,29.982292141644784,True
barabasi_albert,100,0.7,26,0.2994757157064688,29.94757157064688,29.94757157064688,True
barabasi_albert,100,0.7,27,0.29958730991331384,29.958730991331382,29.958730991331382,True
barabasi_albert,100,0.7,28,0.29957457852455327,29.957457852455327,29.957457852455327,True
barabasi_albert,100,0.7,29,0.29969306142195684,29.969306142195684,29.969306142195684,True
barabasi_albert,100,1.0,0,0.0,0.0,0.0,True
barabasi_albert,100,1.0,1,0.0,0.0,0.0,True
barabasi_albert,100,1.0,2,0.0,0.0,0.0,True
barabasi_albert,100,1.0,3,0.0,0.0,0.0,True
barabasi_albert,100,1.0,4,0.0,0.0,0.0,True
barabasi_albert,100,1.0,5,0.0,0.0,0.0,True
barabasi_albert,100,1.0,6,0.0,0.0,0.0,True
barabasi_albert,100,1.0,7,0.0,0.0,0.0,True
barabasi_albert,100,1.0,8,0.0,0.0,0.0,True
barabasi_albert,100,1.0,9,0.0,0.0,0.0,True
barabasi_albert,100,1.0,10,0.0,0.0,0.0,True
barabasi_albert,100,1.0,11,0.0,0.0,0.0,True
barabasi_albert,100,1.0,12,0.0,0.0,0.0,True
barabasi_albert,100,1.0,13,0.0,0.0,0.0,True
barabasi_albert,100,1.0,14,0.0,0.0,0.0,True
barabasi_albert,100,1.0,15,0.0,0.0,0.0,True
barabasi_albert,100,1.0,16,0.0,0.0,0.0,True
barabasi_albert,100,1.0,17,0.0,0.0,0.0,True
barabasi_albert,100,1.0,18,0.0,0.0,0.0,True
barabasi_albert,100,1.0,19,0.0,0.0,0.0,True
barabasi_albert,100,1.0,20,0.0,0.0,0.0,True
barabasi_albert,100,1.0,21,0.0,0.0,0.0,True
barabasi_albert,100,1.0,22,0.0,0.0,0.0,True
barabasi_albert,100,1.0,23,0.0,0.0,0.0,True
barabasi_albert,100,1.0,24,0.0,0.0,0.0,True
barabasi_albert,100,1.0,25,0.0,0.0,0.0,True
barabasi_albert,100,1.0,26,0.0,0.0,0.0,True
barabasi_albert,100,1.0,27,0.0,0.0,0.0,True
barabasi_albert,100,1.0,28,0.0,0.0,0.0,True
barabasi_albert,100,1.0,29,0.0,0.0,0.0,True
barabasi_albert,300,0.0,0,0.6295898462207989,188.8769538662397,188.8769538662397,True
barabasi_albert,300,0.0,1,0.6285478500895926,188.56435502687776,188.56435502687776,True
barabasi_albert,300,0.0,2,0.6292654548561133,188.779636456834,188.779636456834,True
barabasi_albert,300,0.0,3,0.6288157018689796,188.64471056069388,188.64471056069388,True
barabasi_albert,300,0.0,4,0.6295904420493244,188.87713261479732,188.87713261479732,True
barabasi_albert,300,0.0,5,0.6300007490549279,189.00022471647836,189.00022471647836,True
barabasi_albert,300,0.0,6,0.6299325173276846,188.97975519830538,188.97975519830538,True
barabasi_albert,300,0.0,7,0.6293521919820488,188.80565759461464,188.80565759461464,True
barabasi_albert,300,0.0,8,0.6283282875623646,188.49848626870937,188.49848626870937,True
barabasi_albert,300,0.0,9,0.629299501685217,188.78985050556508,188.78985050556508,True
barabasi_albert,300,0.0,10,0.628821157662711,188.64634729881328,188.64634729881328,True
barabasi_albert,300,0.0,11,0.6290948175378153,188.72844526134458,188.72844526134458,True
barabasi_albert,300,0.0,12,0.6295451710567699,188.86355131703095,188.86355131703095,True
barabasi_albert,300,0.0,13,0.6294828463633169,188.84485390899505,188.84485390899505,True
barabasi_albert,300,0.0,14,0.6286412637874141,188.59237913622425,188.59237913622425,True
barabasi_albert,300,0.0,15,0.6290371016736964,188.71113050210892,188.71113050210892,True
barabasi_albert,300,0.0,16,0.6296660265416977,188.8998079625093,188.8998079625093,True
barabasi_albert,300,0.0,17,0.6297665461679703,188.9299638503911,188.9299638503911,True
barabasi_albert,300,0.0,18,0.6294508901381923,188.8352670414577,188.8352670414577,True
barabasi_albert,300,0.0,19,0.6288256508951533,188.647695268546,188.647695268546,True
barabasi_albert,300,0.0,20,0.6290894164488083,188.7268249346425,188.7268249346425,True
barabasi_albert,300,0.0,21,0.6294604217180126,188.8381265154038,188.8381265154038,True
barabasi_albert,300,0.0,22,0.6296860370518342,188.90581111555028,188.90581111555028,True
barabasi_albert,300,0.0,23,0.6288928768066653,188.6678630419996,188.6678630419996,True
barabasi_albert,300,0.0,24,0.6289558671254696,188.68676013764087,188.68676013764087,True
barabasi_albert,300,0.0,25,0.6290672372350141,188.72017117050424,188.72017117050424,True
barabasi_albert,300,0.0,26,0.6290338549570891,188.7101564871267,188.7101564871267,True
barabasi_albert,300,0.0,27,0.6292223404114399,188.76670212343197,188.76670212343197,True
barabasi_albert,300,0.0,28,0.629717366106888,188.9152098320664,188.9152098320664,True
barabasi_albert,300,0.0,29,0.6285820926697397,188.57462780092192,188.57462780092192,True
barabasi_albert,300,0.3,0,0.5430223932150875,162.90671796452625,162.90671796452625,True
barabasi_albert,300,0.3,1,0.54308690844873,162.92607253461898,162.92607253461898,True
barabasi_albert,300,0.3,2,0.5435829637348903,163.0748891204671,163.0748891204671,True
barabasi_albert,300,0.3,3,0.5434677236011709,163.04031708035126,163.04031708035126,True
barabasi_albert,300,0.3,4,0.5430688796417287,162.9206638925186,162.9206638925186,True
barabasi_albert,300,0.3,5,0.5436789068074535,163.10367204223604,163.10367204223604,True
barabasi_albert,300,0.3,6,0.5434167574471719,163.02502723415157,163.02502723415157,True
barabasi_albert,300,0.3,7,0.5431521212241843,162.9456363672553,162.9456363672553,True
barabasi_albert,300,0.3,8,0.5430029745754625,162.90089237263876,162.90089237263876,True
barabasi_albert,300,0.3,9,0.5433039784691617,162.9911935407485,162.9911935407485,True
barabasi_albert,300,0.3,10,0.5434332264653455,163.02996793960367,163.02996793960367,True
barabasi_albert,300,0.3,11,0.5431782144504621,162.95346433513862,162.95346433513862,True
barabasi_albert,300,0.3,12,0.543179321628485,162.95379648854552,162.95379648854552,True
barabasi_albert,300,0.3,13,0.5434201867106485,163.02605601319456,163.02605601319456,True
barabasi_albert,300,0.3,14,0.5434138201362826,163.02414604088477,163.02414604088477,True
barabasi_albert,300,0.3,15,0.5430870397207759,162.92611191623277,162.92611191623277,True
barabasi_albert,300,0.3,16,0.5426283439220199,162.78850317660596,162.78850317660596,True
barabasi_albert,300,0.3,17,0.5428325622127195,162.84976866381584,162.84976866381584,True
barabasi_albert,300,0.3,18,0.543666902818946,163.1000708456838,163.1000708456838,True
barabasi_albert,300,0.3,19,0.5432379364430882,162.97138093292645,162.97138093292645,True
barabasi_albert,300,0.3,20,0.5432485385684227,162.97456157052682,162.97456157052682,True
barabasi_albert,300,0.3,21,0.5440203415881345,163.20610247644035,163.20610247644035,True
barabasi_albert,300,0.3,22,0.5429364882293826,162.88094646881476,162.88094646881476,True
barabasi_albert,300,0.3,23,0.5437387665352371,163.12162996057114,163.12162996057114,True
barabasi_albert,300,0.3,24,0.5434285315781074,163.02855947343224,163.02855947343224,True
barabasi_albert,300,0.3,25,0.5431172181427937,162.9351654428381,162.9351654428381,True
barabasi_albert,300,0.3,26,0.5430139707908335,162.90419123725005,162.90419123725005,True
barabasi_albert,300,0.3,27,0.5434725912234654,163.0417773670396,163.0417773670396,True
barabasi_albert,300,0.3,28,0.543099264723039,162.9297794169117,162.9297794169117,True
barabasi_albert,300,0.3,29,0.543236755289243,162.9710265867729,162.9710265867729,True
barabasi_albert,300,0.5,0,0.4362882054281597,130.8864616284479,130.8864616284479,True
barabasi_albert,300,0.5,1,0.43685842267987596,131.0575268039628,131.0575268039628,True
barabasi_albert,300,0.5,2,0.43689735023721454,131.06920507116436,131.06920507116436,True
barabasi_albert,300,0.5,3,0.4366132076232304,130.98396228696913,130.98396228696913,True
barabasi_albert,300,0.5,4,0.4360359998353208,130.81079995059625,130.81079995059625,True
barabasi_albert,300,0.5,5,0.4364589196108921,130.93767588326764,130.93767588326764,True
barabasi_albert,300,0.5,6,0.43646806444327624,130.94041933298288,130.94041933298288,True
barabasi_albert,300,0.5,7,0.4365397473648298,130.96192420944894,130.96192420944894,True
barabasi_albert,300,0.5,8,0.4367553926400328,131.02661779200986,131.02661779200986,True
barabasi_albert,300,0.5,9,0.436666533951689,130.9999601855067,130.9999601855067,True
barabasi_albert,300,0.5,10,0.43623407453169727,130.87022235950917,130.87022235950917,True
barabasi_albert,300,0.5,11,0.43671377441586756,131.01413232476028,131.01413232476028,True
barabasi_albert,300,0.5,12,0.43674429869212583,131.02328960763774,131.02328960763774,True
barabasi_albert,300,0.5,13,0.4364300825123446,130.92902475370337,130.92902475370337,True
barabasi_albert,300,0.5,14,0.43617514915698985,130.85254474709694,130.85254474709694,True
barabasi_albert,300,0.5,15,0.43638660241944294,130.91598072583287,130.91598072583287,True
barabasi_albert,300,0.5,16,0.43688490836256977,131.06547250877094,131.06547250877094,True
barabasi_albert,300,0.5,17,0.436785373040922,131.0356119122766,131.0356119122766,True
barabasi_albert,300,0.5,18,0.4365725061708462,130.97175185125386,130.97175185125386,True
barabasi_albert,300,0.5,19,0.436398532892566,130.9195598677698,130.9195598677698,True
barabasi_albert,300,0.5,20,0.43674297882173807,131.02289364652142,131.02289364652142,True
barabasi_albert,300,0.5,21,0.4366601194706351,130.99803584119053,130.99803584119053,True
barabasi_albert,300,0.5,22,0.4368609480113521,131.05828440340562,131.05828440340562,True
barabasi_albert,300,0.5,23,0.43674474794381013,131.02342438314304,131.02342438314304,True
barabasi_albert,300,0.5,24,0.4364170690452839,130.92512071358516,130.92512071358516,True
barabasi_albert,300,0.5,25,0.4366522166885384,130.99566500656152,130.99566500656152,True
barabasi_albert,300,0.5,26,0.4367587456184615,131.02762368553846,131.02762368553846,True
barabasi_albert,300,0.5,27,0.4368219514960072,131.04658544880218,131.04658544880218,True
barabasi_albert,300,0.5,28,0.43670792367534816,131.01237710260446,131.01237710260446,True
barabasi_albert,300,0.5,29,0.43723492420368404,131.17047726110522,131.17047726110522,True
barabasi_albert,300,0.7,0,0.29974691090032046,89.92407327009614,89.92407327009614,True
barabasi_albert,300,0.7,1,0.29904870744172607,89.71461223251782,89.71461223251782,True
barabasi_albert,300,0.7,2,0.29987582520978706,89.96274756293612,89.96274756293612,True
barabasi_albert,300,0.7,3,0.2997405411828584,89.92216235485753,89.92216235485753,True
barabasi_albert,300,0.7,4,0.2990511696186643,89.71535088559929,89.71535088559929,True
barabasi_albert,300,0.7,5,0.2997511476555733,89.925344296672,89.925344296672,True
barabasi_albert,300,0.7,6,0.29919315030937643,89.75794509281293,89.75794509281293,True
barabasi_albert,300,0.7,7,0.29936653888708964,89.8099616661269,89.8099616661269,True
barabasi_albert,300,0.7,8,0.29956762379745183,89.87028713923554,89.87028713923554,True
barabasi_albert,300,0.7,9,0.2994185387524031,89.82556162572092,89.82556162572092,True
barabasi_albert,300,0.7,10,0.2997185612266565,89.91556836799695,89.91556836799695,True
barabasi_albert,300,0.7,11,0.2998714904891172,89.96144714673517,89.96144714673517,True
barabasi_albert,300,0.7,12,0.29977591757658684,89.93277527297604,89.93277527297604,True
barabasi_albert,300,0.7,13,0.29895360944770977,89.68608283431293,89.68608283431293,True
barabasi_albert,300,0.7,14,0.29994823929568937,89.98447178870681,89.98447178870681,True
barabasi_albert,300,0.7,15,0.29932034826393294,89.79610447917989,89.79610447917989,True
barabasi_albert,300,0.7,16,0.29926487713869854,89.77946314160957,89.77946314160957,True
barabasi_albert,300,0.7,17,0.29959283480779875,89.87785044233962,89.87785044233962,True
barabasi_albert,300,0.7,18,0.29934726757447094,89.80418027234128,89.80418027234128,True
barabasi_albert,300,0.7,19,0.29931068164067964,89.7932044922039,89.7932044922039,True
barabasi_albert,300,0.7,20,0.2995240041511824,89.85720124535473,89.85720124535473,True
barabasi_albert,300,0.7,21,0.29958284053009354,89.87485215902807,89.87485215902807,True
barabasi_albert,300,0.7,22,0.2996468374971789,89.89405124915368,89.89405124915368,True
barabasi_albert,300,0.7,23,0.2998798892103597,89.9639667631079,89.9639667631079,True
barabasi_albert,300,0.7,24,0.2994541603780029,89.83624811340086,89.83624811340086,True
barabasi_albert,300,0.7,25,0.2998111780906665,89.94335342719995,89.94335342719995,True
barabasi_albert,300,0.7,26,0.2994025216712155,89.82075650136466,89.82075650136466,True
barabasi_albert,300,0.7,27,0.29955468294316845,89.86640488295053,89.86640488295053,True
barabasi_albert,300,0.7,28,0.2994065778920447,89.82197336761342,89.82197336761342,True
barabasi_albert,300,0.7,29,0.299311644396675,89.79349331900251,89.79349331900251,True
barabasi_albert,300,1.0,0,0.0,0.0,0.0,True
barabasi_albert,300,1.0,1,0.0,0.0,0.0,True
barabasi_albert,300,1.0,2,0.0,0.0,0.0,True
barabasi_albert,300,1.0,3,0.0,0.0,0.0,True
barabasi_albert,300,1.0,4,0.0,0.0,0.0,True
barabasi_albert,300,1.0,5,0.0,0.0,0.0,True
barabasi_albert,300,1.0,6,0.0,0.0,0.0,True
barabasi_albert,300,1.0,7,0.0,0.0,0.0,True
barabasi_albert,300,1.0,8,0.0,0.0,0.0,True
barabasi_albert,300,1.0,9,0.0,0.0,0.0,True
barabasi_albert,300,1.0,10,0.0,0.0,0.0,True
barabasi_albert,300,1.0,11,0.0,0.0,0.0,True
barabasi_albert,300,1.0,12,0.0,0.0,0.0,True
barabasi_albert,300,1.0,13,0.0,0.0,0.0,True
barabasi_albert,300,1.0,14,0.0,0.0,0.0,True
barabasi_albert,300,1.0,15,0.0,0.0,0.0,True
barabasi_albert,300,1.0,16,0.0,0.0,0.0,True
barabasi_albert,300,1.0,17,0.0,0.0,0.0,True
barabasi_albert,300,1.0,18,0.0,0.0,0.0,True
barabasi_albert,300,1.0,19,0.0,0.0,0.0,True
barabasi_albert,300,1.0,20,0.0,0.0,0.0,True
barabasi_albert,300,1.0,21,0.0,0.0,0.0,True
barabasi_albert,300,1.0,22,0.0,0.0,0.0,True
barabasi_albert,300,1.0,23,0.0,0.0,0.0,True
barabasi_albert,300,1.0,24,0.0,0.0,0.0,True
barabasi_albert,300,1.0,25,0.0,0.0,0.0,True
barabasi_albert,300,1.0,26,0.0,0.0,0.0,True
barabasi_albert,300,1.0,27,0.0,0.0,0.0,True
barabasi_albert,300,1.0,28,0.0,0.0,0.0,True
barabasi_albert,300,1.0,29,0.0,0.0,0.0,True
barabasi_albert,1000,0.0,0,0.629385046182319,629.385046182319,629.385046182319,True
barabasi_albert,1000,0.0,1,0.6292176444558455,629.2176444558455,629.2176444558455,True
barabasi_albert,1000,0.0,2,0.6291539793440879,629.1539793440879,629.1539793440879,True
barabasi_albert,1000,0.0,3,0.6290668208371921,629.0668208371922,629.0668208371922,True
barabasi_albert,1000,0.0,4,0.628914517801783,628.914517801783,628.914517801783,True
barabasi_albert,1000,0.0,5,0.6293880495526984,629.3880495526985,629.3880495526985,True
barabasi_albert,1000,0.0,6,0.6294476176649079,629.4476176649079,629.4476176649079,True
barabasi_albert,1000,0.0,7,0.6299320614680579,629.9320614680579,629.9320614680579,True
barabasi_albert,1000,0.0,8,0.6282039966974482,628.2039966974482,628.2039966974482,True
barabasi_albert,1000,0.0,9,0.629853733492552,629.853733492552,629.853733492552,True
barabasi_albert,1000,0.0,10,0.6288239632718419,628.8239632718419,628.8239632718419,True
barabasi_albert,1000,0.0,11,0.6288210218607398,628.8210218607398,628.8210218607398,True
barabasi_albert,1000,0.0,12,0.6287803401929295,628.7803401929295,628.7803401929295,True
barabasi_albert,1000,0.0,13,0.628941988937503,628.941988937503,628.941988937503,True
barabasi_albert,1000,0.0,14,0.6285869374529478,628.5869374529478,628.5869374529478,True
barabasi_albert,1000,0.0,15,0.6290688175395578,629.0688175395578,629.0688175395578,True
barabasi_albert,1000,0.0,16,0.629817710683752,629.817710683752,629.817710683752,True
barabasi_albert,1000,0.0,17,0.6289775664599404,628.9775664599404,628.9775664599404,True
barabasi_albert,1000,0.0,18,0.6291317248901622,629.1317248901622,629.1317248901622,True
barabasi_albert,1000,0.0,19,0.629552807654036,629.552807654036,629.552807654036,True
barabasi_albert,1000,0.0,20,0.6289418464006622,628.9418464006621,628.9418464006621,True
barabasi_albert,1000,0.0,21,0.6294455013171372,629.4455013171372,629.4455013171372,True
barabasi_albert,1000,0.0,22,0.6290684832882086,629.0684832882087,629.0684832882087,True
barabasi_albert,1000,0.0,23,0.628923165146474,628.9231651464739,628.9231651464739,True
barabasi_albert,1000,0.0,24,0.6289539502256878,628.9539502256878,628.9539502256878,True
barabasi_albert,1000,0.0,25,0.6299395799770775,629.9395799770775,629.9395799770775,True
barabasi_albert,1000,0.0,26,0.628837522734676,628.837522734676,628.837522734676,True
barabasi_albert,1000,0.0,27,0.6283429000528677,628.3429000528678,628.3429000528678,True
barabasi_albert,1000,0.0,28,0.6301430860730808,630.1430860730808,630.1430860730808,True
barabasi_albert,1000,0.0,29,0.6300244013407679,630.0244013407679,630.0244013407679,True
barabasi_albert,1000,0.3,0,0.543348946464179,543.348946464179,543.348946464179,True
barabasi_albert,1000,0.3,1,0.5430688512264003,543.0688512264003,543.0688512264003,True
barabasi_albert,1000,0.3,2,0.5437214071152952,543.7214071152952,543.7214071152952,True
barabasi_albert,1000,0.3,3,0.5433166662164628,543.3166662164627,543.3166662164627,True
barabasi_albert,1000,0.3,4,0.5427875109977007,542.7875109977007,542.7875109977007,True
barabasi_albert,1000,0.3,5,0.5434956970381462,543.4956970381462,543.4956970381462,True
barabasi_albert,1000,0.3,6,0.5439078262655075,543.9078262655075,543.9078262655075,True
barabasi_albert,1000,0.3,7,0.5426168890844993,542.6168890844993,542.6168890844993,True
barabasi_albert,1000,0.3,8,0.5438813169328127,543.8813169328128,543.8813169328128,True
barabasi_albert,1000,0.3,9,0.5430796398164575,543.0796398164574,543.0796398164574,True
barabasi_albert,1000,0.3,10,0.5432661279917701,543.2661279917701,543.2661279917701,True
barabasi_albert,1000,0.3,11,0.5438256592244379,543.8256592244379,543.8256592244379,True
barabasi_albert,1000,0.3,12,0.5440220188395709,544.0220188395709,544.0220188395709,True
barabasi_albert,1000,0.3,13,0.5427018738327979,542.7018738327979,542.7018738327979,True
barabasi_albert,1000,0.3,14,0.54317091839807,543.17091839807,543.17091839807,True
barabasi_albert,1000,0.3,15,0.5429901884567331,542.9901884567331,542.9901884567331,True
barabasi_albert,1000,0.3,16,0.5433861399568293,543.3861399568293,543.3861399568293,True
barabasi_albert,1000,0.3,17,0.5434610138142192,543.4610138142192,543.4610138142192,True
barabasi_albert,1000,0.3,18,0.5433376000025267,543.3376000025268,543.3376000025268,True
barabasi_albert,1000,0.3,19,0.5438828804774429,543.8828804774429,543.8828804774429,True
barabasi_albert,1000,0.3,20,0.5434880356897713,543.4880356897713,543.4880356897713,True
barabasi_albert,1000,0.3,21,0.5427559172019272,542.7559172019272,542.7559172019272,True
barabasi_albert,1000,0.3,22,0.5436196424355272,543.6196424355272,543.6196424355272,True
barabasi_albert,1000,0.3,23,0.54351461732341,543.51461732341,543.51461732341,True
barabasi_albert,1000,0.3,24,0.542932523698208,542.932523698208,542.932523698208,True
barabasi_albert,1000,0.3,25,0.5430073292717261,543.0073292717261,543.0073292717261,True
barabasi_albert,1000,0.3,26,0.542824116298585,542.824116298585,542.824116298585,True
barabasi_albert,1000,0.3,27,0.5433958146802432,543.3958146802432,543.3958146802432,True
barabasi_albert,1000,0.3,28,0.5439863383026564,543.9863383026565,543.9863383026565,True
barabasi_albert,1000,0.3,29,0.5433787867005387,543.3787867005387,543.3787867005387,True
barabasi_albert,1000,0.5,0,0.43650733909809847,436.50733909809844,436.50733909809844,True
barabasi_albert,1000,0.5,1,0.4361554122959287,436.15541229592867,436.15541229592867,True
barabasi_albert,1000,0.5,2,0.4368916273468161,436.8916273468161,436.8916273468161,True
barabasi_albert,1000,0.5,3,0.43659346113266784,436.5934611326678,436.5934611326678,True
barabasi_albert,1000,0.5,4,0.43636845198157737,436.3684519815774,436.3684519815774,True
barabasi_albert,1000,0.5,5,0.43657752612044454,436.57752612044453,436.57752612044453,True
barabasi_albert,1000,0.5,6,0.43627916722623616,436.27916722623615,436.27916722623615,True
barabasi_albert,1000,0.5,7,0.43664348092705907,436.64348092705904,436.64348092705904,True
barabasi_albert,1000,0.5,8,0.43661831992108346,436.61831992108347,436.61831992108347,True
barabasi_albert,1000,0.5,9,0.43641289328170463,436.4128932817046,436.4128932817046,True
barabasi_albert,1000,0.5,10,0.43689237597318664,436.89237597318663,436.89237597318663,True
barabasi_albert,1000,0.5,11,0.4370987585576468,437.0987585576468,437.0987585576468,True
barabasi_albert,1000,0.5,12,0.4367833940947652,436.7833940947652,436.7833940947652,True
barabasi_albert,1000,0.5,13,0.4367796865694549,436.7796865694549,436.7796865694549,True
barabasi_albert,1000,0.5,14,0.4368386208396443,436.8386208396443,436.8386208396443,True
barabasi_albert,1000,0.5,15,0.43615948849703046,436.15948849703045,436.15948849703045,True
barabasi_albert,1000,0.5,16,0.43668190886353186,436.6819088635319,436.6819088635319,True
barabasi_albert,1000,0.5,17,0.436247509883115,436.247509883115,436.247509883115,True
barabasi_albert,1000,0.5,18,0.436986847650381,436.986847650381,436.986847650381,True
barabasi_albert,1000,0.5,19,0.4363691789224846,436.3691789224846,436.3691789224846,True
barabasi_albert,1000,0.5,20,0.4368109350016679,436.8109350016679,436.8109350016679,True
barabasi_albert,1000,0.5,21,0.43686858617946556,436.8685861794656,436.8685861794656,True
barabasi_albert,1000,0.5,22,0.43674876757515413,436.74876757515415,436.74876757515415,True
barabasi_albert,1000,0.5,23,0.4362517492382819,436.2517492382819,436.2517492382819,True
barabasi_albert,1000,0.5,24,0.4367157812095004,436.7157812095004,436.7157812095004,True
barabasi_albert,1000,0.5,25,0.4363493786756407,436.3493786756407,436.3493786756407,True
barabasi_albert,1000,0.5,26,0.43684826788280584,436.8482678828058,436.8482678828058,True
barabasi_albert,1000,0.5,27,0.4360713233309377,436.0713233309377,436.0713233309377,True
barabasi_albert,1000,0.5,28,0.43624341263384625,436.2434126338463,436.2434126338463,True
barabasi_albert,1000,0.5,29,0.4366156630424357,436.6156630424357,436.6156630424357,True
barabasi_albert,1000,0.7,0,0.2997487039037813,299.7487039037813,299.7487039037813,True
barabasi_albert,1000,0.7,1,0.2990283674839156,299.0283674839156,299.0283674839156,True
barabasi_albert,1000,0.7,2,0.29951360193575083,299.51360193575084,299.51360193575084,True
barabasi_albert,1000,0.7,3,0.2993031339011061,299.3031339011061,299.3031339011061,True
barabasi_albert,1000,0.7,4,0.2997238581456392,299.72385814563916,299.72385814563916,True
barabasi_albert,1000,0.7,5,0.2996607179502708,299.66071795027085,299.66071795027085,True
barabasi_albert,1000,0.7,6,0.29957905548732555,299.57905548732555,299.57905548732555,True
barabasi_albert,1000,0.7,7,0.2997306006305357,299.7306006305357,299.7306006305357,True
barabasi_albert,1000,0.7,8,0.2993255886424675,299.3255886424675,299.3255886424675,True
barabasi_albert,1000,0.7,9,0.2996769143193939,299.6769143193939,299.6769143193939,True
barabasi_albert,1000,0.7,10,0.29966368762051976,299.66368762051974,299.66368762051974,True
barabasi_albert,1000,0.7,11,0.2997083326727308,299.70833267273076,299.70833267273076,True
barabasi_albert,1000,0.7,12,0.29960504176496183,299.6050417649618,299.6050417649618,True
barabasi_albert,1000,0.7,13,0.29932765385714666,299.3276538571467,299.3276538571467,True
barabasi_albert,1000,0.7,14,0.29950665932452303,299.506659324523,299.506659324523,True
barabasi_albert,1000,0.7,15,0.2996815391641735,299.6815391641735,299.6815391641735,True
barabasi_albert,1000,0.7,16,0.29959903542846633,299.5990354284663,299.5990354284663,True
barabasi_albert,1000,0.7,17,0.29916260120702975,299.16260120702975,299.16260120702975,True
barabasi_albert,1000,0.7,18,0.2994490257937924,299.4490257937924,299.4490257937924,True
barabasi_albert,1000,0.7,19,0.2997672358096657,299.7672358096657,299.7672358096657,True
barabasi_albert,1000,0.7,20,0.29972801252007264,299.72801252007264,299.72801252007264,True
barabasi_albert,1000,0.7,21,0.2994639055918915,299.4639055918915,299.4639055918915,True
barabasi_albert,1000,0.7,22,0.2994859502858678,299.4859502858678,299.4859502858678,True
barabasi_albert,1000,0.7,23,0.29916719378139556,299.16719378139555,299.16719378139555,True
barabasi_albert,1000,0.7,24,0.29952836016248974,299.5283601624897,299.5283601624897,True
barabasi_albert,1000,0.7,25,0.29909796162899815,299.0979616289982,299.0979616289982,True
barabasi_albert,1000,0.7,26,0.2995145544984906,299.5145544984906,299.5145544984906,True
barabasi_albert,1000,0.7,27,0.2996538686523117,299.6538686523117,299.6538686523117,True
barabasi_albert,1000,0.7,28,0.2994229665578968,299.4229665578968,299.4229665578968,True
barabasi_albert,1000,0.7,29,0.2995435060538345,299.5435060538345,299.5435060538345,True
barabasi_albert,1000,1.0,0,0.0,0.0,0.0,True
barabasi_albert,1000,1.0,1,0.0,0.0,0.0,True
barabasi_albert,1000,1.0,2,0.0,0.0,0.0,True
barabasi_albert,1000,1.0,3,0.0,0.0,0.0,True
barabasi_albert,1000,1.0,4,0.0,0.0,0.0,True
barabasi_albert,1000,1.0,5,0.0,0.0,0.0,True
barabasi_albert,1000,1.0,6,0.0,0.0,0.0,True
barabasi_albert,1000,1.0,7,0.0,0.0,0.0,True
barabasi_albert,1000,1.0,8,0.0,0.0,0.0,True
barabasi_albert,1000,1.0,9,0.0,0.0,0.0,True
barabasi_albert,1000,1.0,10,0.0,0.0,0.0,True
barabasi_albert,1000,1.0,11,0.0,0.0,0.0,True
barabasi_albert,1000,1.0,12,0.0,0.0,0.0,True
barabasi_albert,1000,1.0,13,0.0,0.0,0.0,True
barabasi_albert,1000,1.0,14,0.0,0.0,0.0,True
barabasi_albert,1000,1.0,15,0.0,0.0,0.0,True
barabasi_albert,1000,1.0,16,0.0,0.0,0.0,True
barabasi_albert,1000,1.0,17,0.0,0.0,0.0,True
barabasi_albert,1000,1.0,18,0.0,0.0,0.0,True
barabasi_albert,1000,1.0,19,0.0,0.0,0.0,True
barabasi_albert,1000,1.0,20,0.0,0.0,0.0,True
barabasi_albert,1000,1.0,21,0.0,0.0,0.0,True
barabasi_albert,1000,1.0,22,0.0,0.0,0.0,True
barabasi_albert,1000,1.0,23,0.0,0.0,0.0,True
barabasi_albert,1000,1.0,24,0.0,0.0,0.0,True
barabasi_albert,1000,1.0,25,0.0,0.0,0.0,True
barabasi_albert,1000,1.0,26,0.0,0.0,0.0,True
barabasi_albert,1000,1.0,27,0.0,0.0,0.0,True
barabasi_albert,1000,1.0,28,0.0,0.0,0.0,True
barabasi_albert,1000,1.0,29,0.0,0.0,0.0,True
watts_strogatz,10,0.0,0,0.6276982820964078,6.2769828209640774,6.2769828209640774,False
watts_strogatz,10,0.0,1,0.6303640501132861,6.303640501132861,6.303640501132861,False
watts_strogatz,10,0.0,2,0.6283343846298939,6.283343846298939,6.283343846298939,False
watts_strogatz,10,0.0,3,0.6265079694787451,6.265079694787451,6.265079694787451,False
watts_strogatz,10,0.0,4,0.6294775276801224,6.294775276801224,6.294775276801224,False
watts_strogatz,10,0.0,5,0.6292801847232631,6.292801847232631,6.292801847232631,False
watts_strogatz,10,0.0,6,0.6296174541032626,6.296174541032626,6.296174541032626,False
watts_strogatz,10,0.0,7,0.6312657314957693,6.3126573149576926,6.3126573149576926,False
watts_strogatz,10,0.0,8,0.630282362654206,6.30282362654206,6.30282362654206,False
watts_strogatz,10,0.0,9,0.6302127742190091,6.302127742190091,6.302127742190091,False
watts_strogatz,10,0.0,10,0.6318192857119219,6.318192857119219,6.318192857119219,False
watts_strogatz,10,0.0,11,0.6279396900731917,6.279396900731918,6.279396900731918,False
watts_strogatz,10,0.0,12,0.6305012387660709,6.3050123876607085,6.3050123876607085,False
watts_strogatz,10,0.0,13,0.630204602613948,6.30204602613948,6.30204602613948,False
watts_strogatz,10,0.0,14,0.6278468971617597,6.278468971617597,6.278468971617597,False
watts_strogatz,10,0.0,15,0.6286015706611394,6.286015706611394,6.286015706611394,False
watts_strogatz,10,0.0,16,0.6303779828420573,6.303779828420573,6.303779828420573,False
watts_strogatz,10,0.0,17,0.6290000120656984,6.290000120656984,6.290000120656984,False
watts_strogatz,10,0.0,18,0.6293859976440072,6.293859976440071,6.293859976440071,False
watts_strogatz,10,0.0,19,0.6277733617419483,6.277733617419483,6.277733617419483,False
watts_strogatz,10,0.0,20,0.6290788702829946,6.290788702829946,6.290788702829946,False
watts_strogatz,10,0.0,21,0.627620980911443,6.27620980911443,6.27620980911443,False
watts_strogatz,10,0.0,22,0.6294407957018138,6.294407957018137,6.294407957018137,False
watts_strogatz,10,0.0,23,0.6255537787019623,6.255537787019623,6.255537787019623,False
watts_strogatz,10,0.0,24,0.6272113691707755,6.272113691707755,6.272113691707755,False
watts_strogatz,10,0.0,25,0.6290902861670371,6.2909028616703715,6.2909028616703715,False
watts_strogatz,10,0.0,26,0.6263586660629985,6.263586660629985,6.263586660629985,False
watts_strogatz,10,0.0,27,0.628479755618024,6.284797556180241,6.284797556180241,False
watts_strogatz,10,0.0,28,0.627700041690836,6.27700041690836,6.27700041690836,False
watts_strogatz,10,0.0,29,0.6308394186615323,6.308394186615322,6.308394186615322,False
watts_strogatz,10,0.3,0,0.5446094361561872,5.4460943615618715,5.4460943615618715,False
watts_strogatz,10,0.3,1,0.542196086891984,5.4219608689198395,5.4219608689198395,False
watts_strogatz,10,0.3,2,0.5439197221169714,5.439197221169714,5.439197221169714,False
watts_strogatz,10,0.3,3,0.5450728833166898,5.450728833166898,5.450728833166898,False
watts_strogatz,10,0.3,4,0.5414594776023642,5.414594776023643,5.414594776023643,False
watts_strogatz,10,0.3,5,0.5446969598923649,5.446969598923649,5.446969598923649,False
watts_strogatz,10,0.3,6,0.544444685157037,5.444446851570371,5.444446851570371,False
watts_strogatz,10,0.3,7,0.5436757958230523,5.4367579582305225,5.4367579582305225,False
watts_strogatz,10,0.3,8,0.5421651142762913,5.421651142762913,5.421651142762913,False
watts_strogatz,10,0.3,9,0.543335954393692,5.43335954393692,5.43335954393692,False
watts_strogatz,10,0.3,10,0.5443540751154842,5.443540751154842,5.443540751154842,False
watts_strogatz,10,0.3,11,0.5448750123064254,5.448750123064254,5.448750123064254,False
watts_strogatz,10,0.3,12,0.5448469292883513,5.448469292883513,5.448469292883513,False
watts_strogatz,10,0.3,13,0.5430233167069842,5.430233167069842,5.430233167069842,False
watts_strogatz,10,0.3,14,0.5412482962641808,5.412482962641808,5.412482962641808,False
watts_strogatz,10,0.3,15,0.541543305392931,5.415433053929311,5.415433053929311,False
watts_strogatz,10,0.3,16,0.5435757212062748,5.435757212062748,5.435757212062748,False
watts_strogatz,10,0.3,17,0.5434590269317403,5.434590269317403,5.434590269317403,False
watts_strogatz,10,0.3,18,0.5438959344411475,5.438959344411475,5.438959344411475,False
watts_strogatz,10,0.3,19,0.5441363677948625,5.441363677948625,5.441363677948625,False
watts_strogatz,10,0.3,20,0.5407599199539772,5.4075991995397725,5.4075991995397725,False
watts_strogatz,10,0.3,21,0.5445662616182841,5.445662616182841,5.445662616182841,False
watts_strogatz,10,0.3,22,0.5437857047910686,5.437857047910686,5.437857047910686,False
watts_strogatz,10,0.3,23,0.5432078696607889,5.432078696607889,5.432078696607889,False
watts_strogatz,10,0.3,24,0.5447335014458154,5.4473350144581545,5.4473350144581545,False
watts_strogatz,10,0.3,25,0.5446793927790379,5.446793927790379,5.446793927790379,False
watts_strogatz,10,0.3,26,0.5422549264123436,5.422549264123436,5.422549264123436,False
watts_strogatz,10,0.3,27,0.5433888804818874,5.433888804818874,5.433888804818874,False
watts_strogatz,10,0.3,28,0.5435213246610651,5.435213246610651,5.435213246610651,False
watts_strogatz,10,0.3,29,0.5432546965035675,5.432546965035675,5.432546965035675,False
watts_strogatz,10,0.5,0,0.43537893441297415,4.3537893441297415,4.3537893441297415,False
watts_strogatz,10,0.5,1,0.4352175324545998,4.352175324545998,4.352175324545998,False
watts_strogatz,10,0.5,2,0.438153250915012,4.38153250915012,4.38153250915012,False
watts_strogatz,10,0.5,3,0.4356709118373929,4.35670911837393,4.35670911837393,False
watts_strogatz,10,0.5,4,0.43797680395921623,4.379768039592163,4.379768039592163,False
watts_strogatz,10,0.5,5,0.42927280409954827,4.292728040995483,4.292728040995483,False
watts_strogatz,10,0.5,6,0.43845554687952915,4.384555468795291,4.384555468795291,False
watts_strogatz,10,0.5,7,0.4366090405150653,4.366090405150653,4.366090405150653,False
watts_strogatz,10,0.5,8,0.4367707231494464,4.367707231494464,4.367707231494464,False
watts_strogatz,10,0.5,9,0.43892597824208057,4.3892597824208055,4.3892597824208055,False
watts_strogatz,10,0.5,10,0.4340085483840651,4.340085483840651,4.340085483840651,False
watts_strogatz,10,0.5,11,0.4357326397293776,4.357326397293776,4.357326397293776,False
watts_strogatz,10,0.5,12,0.4379469477312107,4.379469477312107,4.379469477312107,False
watts_strogatz,10,0.5,13,0.4384347146552723,4.384347146552723,4.384347146552723,False
watts_strogatz,10,0.5,14,0.4380470506602454,4.380470506602454,4.380470506602454,False
watts_strogatz,10,0.5,15,0.4380902161177689,4.380902161177689,4.380902161177689,False
watts_strogatz,10,0.5,16,0.4373527945399639,4.373527945399639,4.373527945399639,False
watts_strogatz,10,0.5,17,0.43835626218212775,4.3835626218212775,4.3835626218212775,False
watts_strogatz,10,0.5,18,0.4350356196438161,4.350356196438161,4.350356196438161,False
watts_strogatz,10,0.5,19,0.43832264051795367,4.383226405179537,4.383226405179537,False
watts_strogatz,10,0.5,20,0.43548750143535,4.3548750143534996,4.3548750143534996,False
watts_strogatz,10,0.5,21,0.43809418969390235,4.3809418969390235,4.3809418969390235,False
watts_strogatz,10,0.5,22,0.43813250439658,4.3813250439658,4.3813250439658,False
watts_strogatz,10,0.5,23,0.4366983358148049,4.366983358148049,4.366983358148049,False
watts_strogatz,10,0.5,24,0.43782081226219194,4.37820812262192,4.37820812262192,False
watts_strogatz,10,0.5,25,0.43795608620597937,4.379560862059794,4.379560862059794,False
watts_strogatz,10,0.5,26,0.43663463354122334,4.366346335412233,4.366346335412233,False
watts_strogatz,10,0.5,27,0.43229117997710453,4.322911799771045,4.322911799771045,False
watts_strogatz,10,0.5,28,0.43644166435094933,4.364416643509493,4.364416643509493,False
watts_strogatz,10,0.5,29,0.4379232117404731,4.379232117404731,4.379232117404731,False
watts_strogatz,10,0.7,0,0.2984168940122738,2.984168940122738,2.984168940122738,False
watts_strogatz,10,0.7,1,0.298394877178051,2.9839487717805104,2.9839487717805104,False
watts_strogatz,10,0.7,2,0.30023707894664386,3.002370789466439,3.002370789466439,False
watts_strogatz,10,0.7,3,0.2927780841538099,2.927780841538099,2.927780841538099,False
watts_strogatz,10,0.7,4,0.2983673813565937,2.983673813565937,2.983673813565937,False
watts_strogatz,10,0.7,5,0.30022208232966774,3.0022208232966774,3.0022208232966774,False
watts_strogatz,10,0.7,6,0.30027334721940013,3.0027334721940013,3.0027334721940013,False
watts_strogatz,10,0.7,7,0.30011363406129477,3.0011363406129474,3.0011363406129474,False
watts_strogatz,10,0.7,8,0.3002354024689784,3.002354024689784,3.002354024689784,False
watts_strogatz,10,0.7,9,0.3003445705979282,3.003445705979282,3.003445705979282,False
watts_strogatz,10,0.7,10,0.30020879209304896,3.0020879209304896,3.0020879209304896,False
watts_strogatz,10,0.7,11,0.3001669842644564,3.0016698426445645,3.0016698426445645,False
watts_strogatz,10,0.7,12,0.2984285476999742,2.984285476999742,2.984285476999742,False
watts_strogatz,10,0.7,13,0.3002694862435943,3.002694862435943,3.002694862435943,False
watts_strogatz,10,0.7,14,0.2962173079806725,2.9621730798067247,2.9621730798067247,False
watts_strogatz,10,0.7,15,0.3003353275770322,3.003353275770322,3.003353275770322,False
watts_strogatz,10,0.7,16,0.3002688620836115,3.002688620836115,3.002688620836115,False
watts_strogatz,10,0.7,17,0.3003393314049755,3.003393314049755,3.003393314049755,False
watts_strogatz,10,0.7,18,0.30020898756077297,3.0020898756077297,3.0020898756077297,False
watts_strogatz,10,0.7,19,0.30028631340689393,3.0028631340689396,3.0028631340689396,False
watts_strogatz,10,0.7,20,0.29827485971683465,2.9827485971683467,2.9827485971683467,False
watts_strogatz,10,0.7,21,0.2982684860006205,2.982684860006205,2.982684860006205,False
watts_strogatz,10,0.7,22,0.2984379967977018,2.9843799679770178,2.9843799679770178,False
watts_strogatz,10,0.7,23,0.3003770152474424,3.0037701524744245,3.0037701524744245,False
watts_strogatz,10,0.7,24,0.3002956339115458,3.0029563391154577,3.0029563391154577,False
watts_strogatz,10,0.7,25,0.30033051286727064,3.0033051286727064,3.0033051286727064,False
watts_strogatz,10,0.7,26,0.30038107688035265,3.0038107688035263,3.0038107688035263,False
watts_strogatz,10,0.7,27,0.29841884990588663,2.9841884990588663,2.9841884990588663,False
watts_strogatz,10,0.7,28,0.2984079659076998,2.984079659076998,2.984079659076998,False
watts_strogatz,10,0.7,29,0.29829742150524874,2.9829742150524874,2.9829742150524874,False
watts_strogatz,10,1.0,0,0.0,0.0,0.0,False
watts_strogatz,10,1.0,1,0.0,0.0,0.0,False
watts_strogatz,10,1.0,2,0.0,0.0,0.0,False
watts_strogatz,10,1.0,3,0.0,0.0,0.0,False
watts_strogatz,10,1.0,4,0.0,0.0,0.0,False
watts_strogatz,10,1.0,5,0.0,0.0,0.0,False
watts_strogatz,10,1.0,6,0.0,0.0,0.0,False
watts_strogatz,10,1.0,7,0.0,0.0,0.0,False
watts_strogatz,10,1.0,8,0.0,0.0,0.0,False
watts_strogatz,10,1.0,9,0.0,0.0,0.0,False
watts_strogatz,10,1.0,10,0.0,0.0,0.0,False
watts_strogatz,10,1.0,11,0.0,0.0,0.0,False
watts_strogatz,10,1.0,12,0.0,0.0,0.0,False
watts_strogatz,10,1.0,13,0.0,0.0,0.0,False
watts_strogatz,10,1.0,14,0.0,0.0,0.0,False
watts_strogatz,10,1.0,15,0.0,0.0,0.0,False
watts_strogatz,10,1.0,16,0.0,0.0,0.0,False
watts_strogatz,10,1.0,17,0.0,0.0,0.0,False
watts_strogatz,10,1.0,18,0.0,0.0,0.0,False
watts_strogatz,10,1.0,19,0.0,0.0,0.0,False
watts_strogatz,10,1.0,20,0.0,0.0,0.0,False
watts_strogatz,10,1.0,21,0.0,0.0,0.0,False
watts_strogatz,10,1.0,22,0.0,0.0,0.0,False
watts_strogatz,10,1.0,23,0.0,0.0,0.0,False
watts_strogatz,10,1.0,24,0.0,0.0,0.0,False
watts_strogatz,10,1.0,25,0.0,0.0,0.0,False
watts_strogatz,10,1.0,26,0.0,0.0,0.0,False
watts_strogatz,10,1.0,27,0.0,0.0,0.0,False
watts_strogatz,10,1.0,28,0.0,0.0,0.0,False
watts_strogatz,10,1.0,29,0.0,0.0,0.0,False
watts_strogatz,30,0.0,0,0.6293084628566843,18.87925388570053,18.87925388570053,False
watts_strogatz,30,0.0,1,0.6290391572318335,18.871174716955004,18.871174716955004,False
watts_strogatz,30,0.0,2,0.6294928764758193,18.88478629427458,18.88478629427458,False
watts_strogatz,30,0.0,3,0.629015943677629,18.87047831032887,18.87047831032887,False
watts_strogatz,30,0.0,4,0.6282295807764962,18.846887423294884,18.846887423294884,False
watts_strogatz,30,0.0,5,0.629570666136146,18.88711998408438,18.88711998408438,False
watts_strogatz,30,0.0,6,0.6289685316446136,18.86905594933841,18.86905594933841,False
watts_strogatz,30,0.0,7,0.6287341021679953,18.86202306503986,18.86202306503986,False
watts_strogatz,30,0.0,8,0.6286935367357745,18.860806102073237,18.860806102073237,False
watts_strogatz,30,0.0,9,0.6287166253134151,18.86149875940245,18.86149875940245,False
watts_strogatz,30,0.0,10,0.6297414421853635,18.892243265560907,18.892243265560907,False
watts_strogatz,30,0.0,11,0.6292608015909715,18.877824047729145,18.877824047729145,False
watts_strogatz,30,0.0,12,0.6288814707035706,18.86644412110712,18.86644412110712,False
watts_strogatz,30,0.0,13,0.6286124416894958,18.858373250684874,18.858373250684874,False
watts_strogatz,30,0.0,14,0.629333790536597,18.88001371609791,18.88001371609791,False
watts_strogatz,30,0.0,15,0.6293730605626626,18.881191816879877,18.881191816879877,False
watts_strogatz,30,0.0,16,0.6301739473594468,18.905218420783402,18.905218420783402,False
watts_strogatz,30,0.0,17,0.6277710230551798,18.833130691655395,18.833130691655395,False
watts_strogatz,30,0.0,18,0.6292094201136857,18.876282603410573,18.876282603410573,False
watts_strogatz,30,0.0,19,0.6290829713282757,18.872489139848273,18.872489139848273,False
watts_strogatz,30,0.0,20,0.6294484614693681,18.883453844081043,18.883453844081043,False
watts_strogatz,30,0.0,21,0.6291547541310331,18.874642623930992,18.874642623930992,False
watts_strogatz,30,0.0,22,0.6299564666647001,18.898693999941003,18.898693999941003,False
watts_strogatz,30,0.0,23,0.629509720535945,18.88529161607835,18.88529161607835,False
watts_strogatz,30,0.0,24,0.6294678013804434,18.884034041413305,18.884034041413305,False
watts_strogatz,30,0.0,25,0.6295491308374601,18.886473925123802,18.886473925123802,False
watts_strogatz,30,0.0,26,0.6296460430247943,18.88938129074383,18.88938129074383,False
watts_strogatz,30,0.0,27,0.629486513377322,18.884595401319658,18.884595401319658,False
watts_strogatz,30,0.0,28,0.6284037719349261,18.852113158047786,18.852113158047786,False
watts_strogatz,30,0.0,29,0.6289395693030255,18.868187079090767,18.868187079090767,False
watts_strogatz,30,0.3,0,0.5430527043265081,16.291581129795244,16.291581129795244,False
watts_strogatz,30,0.3,1,0.542231230224081,16.26693690672243,16.26693690672243,False
watts_strogatz,30,0.3,2,0.5442975961672717,16.32892788501815,16.32892788501815,False
watts_strogatz,30,0.3,3,0.5431282879306485,16.293848637919453,16.293848637919453,False
watts_strogatz,30,0.3,4,0.5428414520674147,16.285243562022444,16.285243562022444,False
watts_strogatz,30,0.3,5,0.5423939037021035,16.271817111063104,16.271817111063104,False
watts_strogatz,30,0.3,6,0.5434761466960604,16.304284400881812,16.304284400881812,False
watts_strogatz,30,0.3,7,0.5439403524871487,16.31821057461446,16.31821057461446,False
watts_strogatz,30,0.3,8,0.5421395767624366,16.264187302873097,16.264187302873097,False
watts_strogatz,30,0.3,9,0.5434415801564161,16.30324740469248,16.30324740469248,False
watts_strogatz,30,0.3,10,0.5445036263917944,16.335108791753832,16.335108791753832,False
watts_strogatz,30,0.3,11,0.5431078319553788,16.293234958661365,16.293234958661365,False
watts_strogatz,30,0.3,12,0.5429174606524925,16.287523819574773,16.287523819574773,False
watts_strogatz,30,0.3,13,0.5437700383824,16.313101151472,16.313101151472,False
watts_strogatz,30,0.3,14,0.5443885015294477,16.331655045883434,16.331655045883434,False
watts_strogatz,30,0.3,15,0.5441207418431064,16.323622255293195,16.323622255293195,False
watts_strogatz,30,0.3,16,0.5431898543062863,16.29569562918859,16.29569562918859,False
watts_strogatz,30,0.3,17,0.5429251208730157,16.287753626190472,16.287753626190472,False
watts_strogatz,30,0.3,18,0.5439023712422146,16.31707113726644,16.31707113726644,False
watts_strogatz,30,0.3,19,0.5433767946762524,16.301303840287574,16.301303840287574,False
watts_strogatz,30,0.3,20,0.5418407046448921,16.255221139346762,16.255221139346762,False
watts_strogatz,30,0.3,21,0.5425473062737413,16.276419188212238,16.276419188212238,False
watts_strogatz,30,0.3,22,0.5442040969205755,16.326122907617265,16.326122907617265,False
watts_strogatz,30,0.3,23,0.5436422850222242,16.309268550666726,16.309268550666726,False
watts_strogatz,30,0.3,24,0.5424190474048458,16.272571422145376,16.272571422145376,False
watts_strogatz,30,0.3,25,0.5426438926397672,16.279316779193017,16.279316779193017,False
watts_strogatz,30,0.3,26,0.5430783547611685,16.292350642835054,16.292350642835054,False
watts_strogatz,30,0.3,27,0.5433742308228591,16.30122692468577,16.30122692468577,False
watts_strogatz,30,0.3,28,0.5431155790685434,16.293467372056302,16.293467372056302,False
watts_strogatz,30,0.3,29,0.5442233408983799,16.326700226951395,16.326700226951395,False
watts_strogatz,30,0.5,0,0.4363024032681845,13.089072098045534,13.089072098045534,False
watts_strogatz,30,0.5,1,0.4359946837642421,13.079840512927262,13.079840512927262,False
watts_strogatz,30,0.5,2,0.43667513241500944,13.100253972450282,13.100253972450282,False
watts_strogatz,30,0.5,3,0.43686883163046186,13.106064948913856,13.106064948913856,False
watts_strogatz,30,0.5,4,0.4374051077646105,13.122153232938315,13.122153232938315,False
watts_strogatz,30,0.5,5,0.43602720742228473,13.080816222668542,13.080816222668542,False
watts_strogatz,30,0.5,6,0.43664122918904325,13.099236875671297,13.099236875671297,False
watts_strogatz,30,0.5,7,0.43659048420865165,13.09771452625955,13.09771452625955,False
watts_strogatz,30,0.5,8,0.43603799750909533,13.08113992527286,13.08113992527286,False
watts_strogatz,30,0.5,9,0.43688941623198796,13.106682486959638,13.106682486959638,False
watts_strogatz,30,0.5,10,0.43655601138648525,13.096680341594558,13.096680341594558,False
watts_strogatz,30,0.5,11,0.4364421472089658,13.093264416268974,13.093264416268974,False
watts_strogatz,30,0.5,12,0.43729195338665683,13.118758601599705,13.118758601599705,False
watts_strogatz,30,0.5,13,0.4369100615177828,13.107301845533483,13.107301845533483,False
watts_strogatz,30,0.5,14,0.43651628887814187,13.095488666344256,13.095488666344256,False
watts_strogatz,30,0.5,15,0.43656480292378597,13.09694408771358,13.09694408771358,False
watts_strogatz,30,0.5,16,0.4371678675406445,13.115036026219336,13.115036026219336,False
watts_strogatz,30,0.5,17,0.43612632924952066,13.08378987748562,13.08378987748562,False
watts_strogatz,30,0.5,18,0.43706270988968654,13.111881296690596,13.111881296690596,False
watts_strogatz,30,0.5,19,0.43626434219136523,13.087930265740956,13.087930265740956,False
watts_strogatz,30,0.5,20,0.4373428520517053,13.12028556155116,13.12028556155116,False
watts_strogatz,30,0.5,21,0.43668109583544457,13.100432875063337,13.100432875063337,False
watts_strogatz,30,0.5,22,0.4362609132920021,13.087827398760064,13.087827398760064,False
watts_strogatz,30,0.5,23,0.43708719381075833,13.11261581432275,13.11261581432275,False
watts_strogatz,30,0.5,24,0.43610913440224863,13.08327403206746,13.08327403206746,False
watts_strogatz,30,0.5,25,0.4366311236325854,13.098933708977562,13.098933708977562,False
watts_strogatz,30,0.5,26,0.437303103449304,13.11909310347912,13.11909310347912,False
watts_strogatz,30,0.5,27,0.4370912298881279,13.112736896643836,13.112736896643836,False
watts_strogatz,30,0.5,28,0.43727388537271417,13.118216561181425,13.118216561181425,False
watts_strogatz,30,0.5,29,0.4359565831082103,13.078697493246308,13.078697493246308,False
watts_strogatz,30,0.7,0,0.29911468084327153,8.973440425298145,8.973440425298145,False
watts_strogatz,30,0.7,1,0.29893235907213433,8.96797077216403,8.96797077216403,False
watts_strogatz,30,0.7,2,0.2998464952740495,8.995394858221484,8.995394858221484,False
watts_strogatz,30,0.7,3,0.29966156908044783,8.989847072413435,8.989847072413435,False
watts_strogatz,30,0.7,4,0.29992250707350854,8.997675212205255,8.997675212205255,False
watts_strogatz,30,0.7,5,0.2993292306989159,8.979876920967477,8.979876920967477,False
watts_strogatz,30,0.7,6,0.30008018224680655,9.002405467404197,9.002405467404197,False
watts_strogatz,30,0.7,7,0.2994858738978994,8.984576216936981,8.984576216936981,False
watts_strogatz,30,0.7,8,0.29981299773951564,8.99438993218547,8.99438993218547,False
watts_strogatz,30,0.7,9,0.2993059821574824,8.97917946472447,8.97917946472447,False
watts_strogatz,30,0.7,10,0.2994320730043565,8.982962190130694,8.982962190130694,False
watts_strogatz,30,0.7,11,0.29959289543986,8.987786863195801,8.987786863195801,False
watts_strogatz,30,0.7,12,0.29969673812445663,8.990902143733699,8.990902143733699,False
watts_strogatz,30,0.7,13,0.29987105641581935,8.99613169247458,8.99613169247458,False
watts_strogatz,30,0.7,14,0.29906001203401034,8.97180036102031,8.97180036102031,False
watts_strogatz,30,0.7,15,0.29949985313633354,8.984995594090005,8.984995594090005,False
watts_strogatz,30,0.7,16,0.2992614226151651,8.977842678454952,8.977842678454952,False
watts_strogatz,30,0.7,17,0.2996494346923203,8.98948304076961,8.98948304076961,False
watts_strogatz,30,0.7,18,0.2988810118518017,8.966430355554051,8.966430355554051,False
watts_strogatz,30,0.7,19,0.2993486747476115,8.980460242428345,8.980460242428345,False
watts_strogatz,30,0.7,20,0.29931750858938133,8.97952525768144,8.97952525768144,False
watts_strogatz,30,0.7,21,0.2999529175561355,8.998587526684066,8.998587526684066,False
watts_strogatz,30,0.7,22,0.3000360922289891,9.001082766869672,9.001082766869672,False
watts_strogatz,30,0.7,23,0.29936232934775353,8.980869880432605,8.980869880432605,False
watts_strogatz,30,0.7,24,0.29945213518191116,8.983564055457334,8.983564055457334,False
watts_strogatz,30,0.7,25,0.2998838729300273,8.996516187900818,8.996516187900818,False
watts_strogatz,30,0.7,26,0.29984766731872636,8.995430019561791,8.995430019561791,False
watts_strogatz,30,0.7,27,0.29954399685338806,8.986319905601642,8.986319905601642,False
watts_strogatz,30,0.7,28,0.29985726915299593,8.995718074589877,8.995718074589877,False
watts_strogatz,30,0.7,29,0.29964524141167026,8.989357242350108,8.989357242350108,False
watts_strogatz,30,1.0,0,0.0,0.0,0.0,False
watts_strogatz,30,1.0,1,0.0,0.0,0.0,False
watts_strogatz,30,1.0,2,0.0,0.0,0.0,False
watts_strogatz,30,1.0,3,0.0,0.0,0.0,False
watts_strogatz,30,1.0,4,0.0,0.0,0.0,False
watts_strogatz,30,1.0,5,0.0,0.0,0.0,False
watts_strogatz,30,1.0,6,0.0,0.0,0.0,False
watts_strogatz,30,1.0,7,0.0,0.0,0.0,False
watts_strogatz,30,1.0,8,0.0,0.0,0.0,False
watts_strogatz,30,1.0,9,0.0,0.0,0.0,False
watts_strogatz,30,1.0,10,0.0,0.0,0.0,False
watts_strogatz,30,1.0,11,0.0,0.0,0.0,False
watts_strogatz,30,1.0,12,0.0,0.0,0.0,False
watts_strogatz,30,1.0,13,0.0,0.0,0.0,False
watts_strogatz,30,1.0,14,0.0,0.0,0.0,False
watts_strogatz,30,1.0,15,0.0,0.0,0.0,False
watts_strogatz,30,1.0,16,0.0,0.0,0.0,False
watts_strogatz,30,1.0,17,0.0,0.0,0.0,False
watts_strogatz,30,1.0,18,0.0,0.0,0.0,False
watts_strogatz,30,1.0,19,0.0,0.0,0.0,False
watts_strogatz,30,1.0,20,0.0,0.0,0.0,False
watts_strogatz,30,1.0,21,0.0,0.0,0.0,False
watts_strogatz,30,1.0,22,0.0,0.0,0.0,False
watts_strogatz,30,1.0,23,0.0,0.0,0.0,False
watts_strogatz,30,1.0,24,0.0,0.0,0.0,False
watts_strogatz,30,1.0,25,0.0,0.0,0.0,False
watts_strogatz,30,1.0,26,0.0,0.0,0.0,False
watts_strogatz,30,1.0,27,0.0,0.0,0.0,False
watts_strogatz,30,1.0,28,0.0,0.0,0.0,False
watts_strogatz,30,1.0,29,0.0,0.0,0.0,False
watts_strogatz,100,0.0,0,0.6302051424800063,63.02051424800062,63.02051424800062,True
watts_strogatz,100,0.0,1,0.6290879841875063,62.908798418750635,62.908798418750635,True
watts_strogatz,100,0.0,2,0.6279901712839935,62.79901712839935,62.79901712839935,True
watts_strogatz,100,0.0,3,0.6291981996572453,62.919819965724535,62.919819965724535,True
watts_strogatz,100,0.0,4,0.6291688911698559,62.91688911698559,62.91688911698559,True
watts_strogatz,100,0.0,5,0.6305090616084925,63.05090616084925,63.05090616084925,True
watts_strogatz,100,0.0,6,0.6290078758440816,62.90078758440816,62.90078758440816,True
watts_strogatz,100,0.0,7,0.6295182754439319,62.95182754439319,62.95182754439319,True
watts_strogatz,100,0.0,8,0.6288755119720812,62.887551197208126,62.887551197208126,True
watts_strogatz,100,0.0,9,0.6287640644212376,62.87640644212375,62.87640644212375,True
watts_strogatz,100,0.0,10,0.6285821408548279,62.858214085482786,62.858214085482786,True
watts_strogatz,100,0.0,11,0.6292829133315032,62.92829133315032,62.92829133315032,True
watts_strogatz,100,0.0,12,0.6281110601280198,62.81110601280198,62.81110601280198,True
watts_strogatz,100,0.0,13,0.6277605601515203,62.77605601515203,62.77605601515203,True
watts_strogatz,100,0.0,14,0.6295386228219437,62.95386228219437,62.95386228219437,True
watts_strogatz,100,0.0,15,0.6293229180070952,62.932291800709514,62.932291800709514,True
watts_strogatz,100,0.0,16,0.6289331517248112,62.893315172481124,62.893315172481124,True
watts_strogatz,100,0.0,17,0.629370951042413,62.9370951042413,62.9370951042413,True
watts_strogatz,100,0.0,18,0.6284375654236487,62.84375654236487,62.84375654236487,True
watts_strogatz,100,0.0,19,0.6296565178461848,62.96565178461848,62.96565178461848,True
watts_strogatz,100,0.0,20,0.6291352005228393,62.913520052283936,62.913520052283936,True
watts_strogatz,100,0.0,21,0.6287601284242366,62.876012842423656,62.876012842423656,True
watts_strogatz,100,0.0,22,0.6296531850936611,62.96531850936611,62.96531850936611,True
watts_strogatz,100,0.0,23,0.6296209698578138,62.96209698578138,62.96209698578138,True
watts_strogatz,100,0.0,24,0.6278908876735363,62.78908876735363,62.78908876735363,True
watts_strogatz,100,0.0,25,0.6286921054857355,62.86921054857355,62.86921054857355,True
watts_strogatz,100,0.0,26,0.6290572482367816,62.905724823678156,62.905724823678156,True
watts_strogatz,100,0.0,27,0.62898756650864,62.898756650863994,62.898756650863994,True
watts_strogatz,100,0.0,28,0.6292713161053132,62.92713161053132,62.92713161053132,True
watts_strogatz,100,0.0,29,0.6287428125800318,62.87428125800319,62.87428125800319,True
watts_strogatz,100,0.3,0,0.5434831376887956,54.348313768879564,54.348313768879564,True
watts_strogatz,100,0.3,1,0.54304096547974,54.304096547974,54.304096547974,True
watts_strogatz,100,0.3,2,0.542810867105229,54.2810867105229,54.2810867105229,True
watts_strogatz,100,0.3,3,0.5436729438753845,54.36729438753844,54.36729438753844,True
watts_strogatz,100,0.3,4,0.5430402183039524,54.30402183039524,54.30402183039524,True
watts_strogatz,100,0.3,5,0.5434309296027797,54.34309296027797,54.34309296027797,True
watts_strogatz,100,0.3,6,0.5430682568645273,54.30682568645273,54.30682568645273,True
watts_strogatz,100,0.3,7,0.5436747750913303,54.36747750913303,54.36747750913303,True
watts_strogatz,100,0.3,8,0.5438581191668562,54.385811916685626,54.385811916685626,True
watts_strogatz,100,0.3,9,0.5428037305865887,54.28037305865887,54.28037305865887,True
watts_strogatz,100,0.3,10,0.5435600488998117,54.35600488998117,54.35600488998117,True
watts_strogatz,100,0.3,11,0.5438315883171554,54.38315883171554,54.38315883171554,True
watts_strogatz,100,0.3,12,0.5438522662981388,54.38522662981388,54.38522662981388,True
watts_strogatz,100,0.3,13,0.5438845716377629,54.388457163776295,54.388457163776295,True
watts_strogatz,100,0.3,14,0.5431193476038274,54.31193476038274,54.31193476038274,True
watts_strogatz,100,0.3,15,0.5439450151910571,54.39450151910571,54.39450151910571,True
watts_strogatz,100,0.3,16,0.543193345098052,54.319334509805195,54.319334509805195,True
watts_strogatz,100,0.3,17,0.5433721422050062,54.33721422050062,54.33721422050062,True
watts_strogatz,100,0.3,18,0.5436140835273695,54.36140835273695,54.36140835273695,True
watts_strogatz,100,0.3,19,0.5434857517014356,54.34857517014356,54.34857517014356,True
watts_strogatz,100,0.3,20,0.5431117878927998,54.31117878927998,54.31117878927998,True
watts_strogatz,100,0.3,21,0.5435317680482272,54.35317680482272,54.35317680482272,True
watts_strogatz,100,0.3,22,0.5432867795313223,54.32867795313223,54.32867795313223,True
watts_strogatz,100,0.3,23,0.5433732071205808,54.33732071205808,54.33732071205808,True
watts_strogatz,100,0.3,24,0.5432785539852468,54.32785539852468,54.32785539852468,True
watts_strogatz,100,0.3,25,0.5428951964681471,54.28951964681471,54.28951964681471,True
watts_strogatz,100,0.3,26,0.543256276557377,54.3256276557377,54.3256276557377,True
watts_strogatz,100,0.3,27,0.5429272192662284,54.292721926622846,54.292721926622846,True
watts_strogatz,100,0.3,28,0.5434253918890455,54.342539188904546,54.342539188904546,True
watts_strogatz,100,0.3,29,0.5435752383078365,54.35752383078365,54.35752383078365,True
watts_strogatz,100,0.5,0,0.4368534944692881,43.68534944692881,43.68534944692881,True
watts_strogatz,100,0.5,1,0.43672375723830026,43.67237572383003,43.67237572383003,True
watts_strogatz,100,0.5,2,0.4370543548503535,43.70543548503535,43.70543548503535,True
watts_strogatz,100,0.5,3,0.4369567015074092,43.695670150740916,43.695670150740916,True
watts_strogatz,100,0.5,4,0.43670746509522673,43.67074650952267,43.67074650952267,True
watts_strogatz,100,0.5,5,0.43640573720687736,43.64057372068773,43.64057372068773,True
watts_strogatz,100,0.5,6,0.43637802472287024,43.63780247228702,43.63780247228702,True
watts_strogatz,100,0.5,7,0.43674667490509456,43.67466749050946,43.67466749050946,True
watts_strogatz,100,0.5,8,0.4366295450053169,43.66295450053169,43.66295450053169,True
watts_strogatz,100,0.5,9,0.43645823814867357,43.645823814867356,43.645823814867356,True
watts_strogatz,100,0.5,10,0.43742917126567893,43.742917126567896,43.742917126567896,True
watts_strogatz,100,0.5,11,0.4368324800399521,43.68324800399521,43.68324800399521,True
watts_strogatz,100,0.5,12,0.43588078460315904,43.588078460315906,43.588078460315906,True
watts_strogatz,100,0.5,13,0.43692479289077235,43.692479289077234,43.692479289077234,True
watts_strogatz,100,0.5,14,0.43611763805914017,43.611763805914016,43.611763805914016,True
watts_strogatz,100,0.5,15,0.43665639911748355,43.66563991174836,43.66563991174836,True
watts_strogatz,100,0.5,16,0.4366781517846835,43.66781517846835,43.66781517846835,True
watts_strogatz,100,0.5,17,0.4371265291626256,43.71265291626256,43.71265291626256,True
watts_strogatz,100,0.5,18,0.436788781030215,43.6788781030215,43.6788781030215,True
watts_strogatz,100,0.5,19,0.4365978783801868,43.65978783801868,43.65978783801868,True
watts_strogatz,100,0.5,20,0.4357653161873335,43.57653161873335,43.57653161873335,True
watts_strogatz,100,0.5,21,0.4369560059824862,43.69560059824862,43.69560059824862,True
watts_strogatz,100,0.5,22,0.43639359504958486,43.639359504958485,43.639359504958485,True
watts_strogatz,100,0.5,23,0.43640475213584073,43.640475213584075,43.640475213584075,True
watts_strogatz,100,0.5,24,0.43650649204156033,43.65064920415603,43.65064920415603,True
watts_strogatz,100,0.5,25,0.43667394531438886,43.66739453143889,43.66739453143889,True
watts_strogatz,100,0.5,26,0.43679856582110177,43.679856582110176,43.679856582110176,True
watts_strogatz,100,0.5,27,0.43677763091949895,43.67776309194989,43.67776309194989,True
watts_strogatz,100,0.5,28,0.43669870470320515,43.66987047032052,43.66987047032052,True
watts_strogatz,100,0.5,29,0.436991914113679,43.6991914113679,43.6991914113679,True
watts_strogatz,100,0.7,0,0.2995914836663712,29.959148366637123,29.959148366637123,True
watts_strogatz,100,0.7,1,0.29907841212507225,29.907841212507225,29.907841212507225,True
watts_strogatz,100,0.7,2,0.29966586641815207,29.96658664181521,29.96658664181521,True
watts_strogatz,100,0.7,3,0.2999749771384119,29.99749771384119,29.99749771384119,True
watts_strogatz,100,0.7,4,0.2994468549141638,29.94468549141638,29.94468549141638,True
watts_strogatz,100,0.7,5,0.29991265988129145,29.991265988129147,29.991265988129147,True
watts_strogatz,100,0.7,6,0.2996381182429456,29.963811824294563,29.963811824294563,True
watts_strogatz,100,0.7,7,0.299514510147708,29.951451014770804,29.951451014770804,True
watts_strogatz,100,0.7,8,0.2991057078249494,29.91057078249494,29.91057078249494,True
watts_strogatz,100,0.7,9,0.2991004625663931,29.910046256639312,29.910046256639312,True
watts_strogatz,100,0.7,10,0.2991938101118351,29.91938101118351,29.91938101118351,True
watts_strogatz,100,0.7,11,0.29952366570670574,29.952366570670574,29.952366570670574,True
watts_strogatz,100,0.7,12,0.2997696932134466,29.97696932134466,29.97696932134466,True
watts_strogatz,100,0.7,13,0.29909631032958783,29.909631032958785,29.909631032958785,True
watts_strogatz,100,0.7,14,0.29898754453164766,29.898754453164766,29.898754453164766,True
watts_strogatz,100,0.7,15,0.29888922437259013,29.888922437259012,29.888922437259012,True
watts_strogatz,100,0.7,16,0.29968794660558584,29.968794660558583,29.968794660558583,True
watts_strogatz,100,0.7,17,0.29962906264662514,29.962906264662514,29.962906264662514,True
watts_strogatz,100,0.7,18,0.29943318323209633,29.943318323209635,29.943318323209635,True
watts_strogatz,100,0.7,19,0.2995042565716316,29.95042565716316,29.95042565716316,True
watts_strogatz,100,0.7,20,0.29938435225208526,29.938435225208526,29.938435225208526,True
watts_strogatz,100,0.7,21,0.29935697264461314,29.935697264461314,29.935697264461314,True
watts_strogatz,100,0.7,22,0.29951795104301704,29.951795104301702,29.951795104301702,True
watts_strogatz,100,0.7,23,0.29967036234156597,29.967036234156595,29.967036234156595,True
watts_strogatz,100,0.7,24,0.29988616862238904,29.988616862238903,29.988616862238903,True
watts_strogatz,100,0.7,25,0.29935973680586947,29.935973680586947,29.935973680586947,True
watts_strogatz,100,0.7,26,0.29930449042276186,29.930449042276187,29.930449042276187,True
watts_strogatz,100,0.7,27,0.2993067501600625,29.930675016006248,29.930675016006248,True
watts_strogatz,100,0.7,28,0.2996319627879135,29.963196278791347,29.963196278791347,True
watts_strogatz,100,0.7,29,0.29951185560214855,29.951185560214853,29.951185560214853,True
watts_strogatz,100,1.0,0,0.0,0.0,0.0,True
watts_strogatz,100,1.0,1,0.0,0.0,0.0,True
watts_strogatz,100,1.0,2,0.0,0.0,0.0,True
watts_strogatz,100,1.0,3,0.0,0.0,0.0,True
watts_strogatz,100,1.0,4,0.0,0.0,0.0,True
watts_strogatz,100,1.0,5,0.0,0.0,0.0,True
watts_strogatz,100,1.0,6,0.0,0.0,0.0,True
watts_strogatz,100,1.0,7,0.0,0.0,0.0,True
watts_strogatz,100,1.0,8,0.0,0.0,0.0,True
watts_strogatz,100,1.0,9,0.0,0.0,0.0,True
watts_strogatz,100,1.0,10,0.0,0.0,0.0,True
watts_strogatz,100,1.0,11,0.0,0.0,0.0,True
watts_strogatz,100,1.0,12,0.0,0.0,0.0,True
watts_strogatz,100,1.0,13,0.0,0.0,0.0,True
watts_strogatz,100,1.0,14,0.0,0.0,0.0,True
watts_strogatz,100,1.0,15,0.0,0.0,0.0,True
watts_strogatz,100,1.0,16,0.0,0.0,0.0,True
watts_strogatz,100,1.0,17,0.0,0.0,0.0,True
watts_strogatz,100,1.0,18,0.0,0.0,0.0,True
watts_strogatz,100,1.0,19,0.0,0.0,0.0,True
watts_strogatz,100,1.0,20,0.0,0.0,0.0,True
watts_strogatz,100,1.0,21,0.0,0.0,0.0,True
watts_strogatz,100,1.0,22,0.0,0.0,0.0,True
watts_strogatz,100,1.0,23,0.0,0.0,0.0,True
watts_strogatz,100,1.0,24,0.0,0.0,0.0,True
watts_strogatz,100,1.0,25,0.0,0.0,0.0,True
watts_strogatz,100,1.0,26,0.0,0.0,0.0,True
watts_strogatz,100,1.0,27,0.0,0.0,0.0,True
watts_strogatz,100,1.0,28,0.0,0.0,0.0,True
watts_strogatz,100,1.0,29,0.0,0.0,0.0,True
watts_strogatz,300,0.0,0,0.6283167140712669,188.49501422138007,188.49501422138007,True
watts_strogatz,300,0.0,1,0.6286874636502368,188.60623909507103,188.60623909507103,True
watts_strogatz,300,0.0,2,0.6288934697438857,188.6680409231657,188.6680409231657,True
watts_strogatz,300,0.0,3,0.6296656867837673,188.8997060351302,188.8997060351302,True
watts_strogatz,300,0.0,4,0.6292677985460453,188.78033956381358,188.78033956381358,True
watts_strogatz,300,0.0,5,0.6285151754290601,188.55455262871803,188.55455262871803,True
watts_strogatz,300,0.0,6,0.6290687184842901,188.72061554528705,188.72061554528705,True
watts_strogatz,300,0.0,7,0.62911414073763,188.73424222128898,188.73424222128898,True
watts_strogatz,300,0.0,8,0.6301195215027124,189.03585645081372,189.03585645081372,True
watts_strogatz,300,0.0,9,0.6286764777373822,188.60294332121467,188.60294332121467,True
watts_strogatz,300,0.0,10,0.6289216581671822,188.67649745015464,188.67649745015464,True
watts_strogatz,300,0.0,11,0.6287351599353889,188.62054798061666,188.62054798061666,True
watts_strogatz,300,0.0,12,0.6296420062355421,188.89260187066265,188.89260187066265,True
watts_strogatz,300,0.0,13,0.6295567231659873,188.8670169497962,188.8670169497962,True
watts_strogatz,300,0.0,14,0.6292127864234411,188.76383592703235,188.76383592703235,True
watts_strogatz,300,0.0,15,0.6288211844684608,188.64635534053824,188.64635534053824,True
watts_strogatz,300,0.0,16,0.6291392039868202,188.74176119604607,188.74176119604607,True
watts_strogatz,300,0.0,17,0.629435605492759,188.8306816478277,188.8306816478277,True
watts_strogatz,300,0.0,18,0.6290776958923583,188.7233087677075,188.7233087677075,True
watts_strogatz,300,0.0,19,0.6291865804514809,188.75597413544426,188.75597413544426,True
watts_strogatz,300,0.0,20,0.6285314871001795,188.55944613005386,188.55944613005386,True
watts_strogatz,300,0.0,21,0.6292055564937671,188.7616669481301,188.7616669481301,True
watts_strogatz,300,0.0,22,0.6289606618169418,188.68819854508254,188.68819854508254,True
watts_strogatz,300,0.0,23,0.6285116563493007,188.55349690479022,188.55349690479022,True
watts_strogatz,300,0.0,24,0.6288021557753001,188.64064673259003,188.64064673259003,True
watts_strogatz,300,0.0,25,0.6289752719805147,188.6925815941544,188.6925815941544,True
watts_strogatz,300,0.0,26,0.6291791387093167,188.753741612795,188.753741612795,True
watts_strogatz,300,0.0,27,0.6288665590591569,188.65996771774707,188.65996771774707,True
watts_strogatz,300,0.0,28,0.6286247051695468,188.58741155086406,188.58741155086406,True
watts_strogatz,300,0.0,29,0.6295959418203096,188.8787825460929,188.8787825460929,True
watts_strogatz,300,0.3,0,0.5434862810824894,163.04588432474682,163.04588432474682,True
watts_strogatz,300,0.3,1,0.5429626773017401,162.88880319052203,162.88880319052203,True
watts_strogatz,300,0.3,2,0.5426019238507027,162.7805771552108,162.7805771552108,True
watts_strogatz,300,0.3,3,0.5434972935490994,163.0491880647298,163.0491880647298,True
watts_strogatz,300,0.3,4,0.543253877818077,162.9761633454231,162.9761633454231,True
watts_strogatz,300,0.3,5,0.5433395781163315,163.00187343489944,163.00187343489944,True
watts_strogatz,300,0.3,6,0.5432115871940955,162.96347615822864,162.96347615822864,True
watts_strogatz,300,0.3,7,0.5434938474881763,163.0481542464529,163.0481542464529,True
watts_strogatz,300,0.3,8,0.5438230359893877,163.14691079681631,163.14691079681631,True
watts_strogatz,300,0.3,9,0.5435053088827123,163.05159266481368,163.05159266481368,True
watts_strogatz,300,0.3,10,0.5436162771523334,163.08488314570002,163.08488314570002,True
watts_strogatz,300,0.3,11,0.5433597736156788,163.00793208470364,163.00793208470364,True
watts_strogatz,300,0.3,12,0.5435438963711756,163.06316891135268,163.06316891135268,True
watts_strogatz,300,0.3,13,0.5429548670496256,162.88646011488768,162.88646011488768,True
watts_strogatz,300,0.3,14,0.5430037847249364,162.9011354174809,162.9011354174809,True
watts_strogatz,300,0.3,15,0.5427762741891289,162.83288225673866,162.83288225673866,True
watts_strogatz,300,0.3,16,0.5437872704067457,163.13618112202371,163.13618112202371,True
watts_strogatz,300,0.3,17,0.5427010164103596,162.81030492310788,162.81030492310788,True
watts_strogatz,300,0.3,18,0.5433977776577651,163.01933329732952,163.01933329732952,True
watts_strogatz,300,0.3,19,0.5441667424901124,163.25002274703374,163.25002274703374,True
watts_strogatz,300,0.3,20,0.5433473243428217,163.00419730284653,163.00419730284653,True
watts_strogatz,300,0.3,21,0.5431119322816501,162.93357968449504,162.93357968449504,True
watts_strogatz,300,0.3,22,0.5431559310552876,162.9467793165863,162.9467793165863,True
watts_strogatz,300,0.3,23,0.5430638172418303,162.9191451725491,162.9191451725491,True
watts_strogatz,300,0.3,24,0.5435204251867791,163.05612755603374,163.05612755603374,True
watts_strogatz,300,0.3,25,0.543475484955029,163.0426454865087,163.0426454865087,True
watts_strogatz,300,0.3,26,0.5427343275465084,162.8202982639525,162.8202982639525,True
watts_strogatz,300,0.3,27,0.5437434401970545,163.12303205911633,163.12303205911633,True
watts_strogatz,300,0.3,28,0.542946708303044,162.88401249091322,162.88401249091322,True
watts_strogatz,300,0.3,29,0.5434712318217603,163.04136954652807,163.04136954652807,True
watts_strogatz,300,0.5,0,0.43649774997304924,130.94932499191478,130.94932499191478,True
watts_strogatz,300,0.5,1,0.4363589453094613,130.9076835928384,130.9076835928384,True
watts_strogatz,300,0.5,2,0.4359927407282417,130.7978222184725,130.7978222184725,True
watts_strogatz,300,0.5,3,0.43644486212439415,130.93345863731824,130.93345863731824,True
watts_strogatz,300,0.5,4,0.43638618001821894,130.9158540054657,130.9158540054657,True
watts_strogatz,300,0.5,5,0.43703955914896,131.111867744688,131.111867744688,True
watts_strogatz,300,0.5,6,0.4366225532636887,130.98676597910662,130.98676597910662,True
watts_strogatz,300,0.5,7,0.43687572638440486,131.06271791532146,131.06271791532146,True
watts_strogatz,300,0.5,8,0.4366495319174448,130.99485957523345,130.99485957523345,True
watts_strogatz,300,0.5,9,0.43616788221183567,130.8503646635507,130.8503646635507,True
watts_strogatz,300,0.5,10,0.43644934981727135,130.9348049451814,130.9348049451814,True
watts_strogatz,300,0.5,11,0.4364931739475634,130.947952184269,130.947952184269,True
watts_strogatz,300,0.5,12,0.4364943056208088,130.94829168624264,130.94829168624264,True
watts_strogatz,300,0.5,13,0.436470488780078,130.9411466340234,130.9411466340234,True
watts_strogatz,300,0.5,14,0.436398901158749,130.9196703476247,130.9196703476247,True
watts_strogatz,300,0.5,15,0.4364531874890307,130.93595624670922,130.93595624670922,True
watts_strogatz,300,0.5,16,0.4372745427701691,131.18236283105074,131.18236283105074,True
watts_strogatz,300,0.5,17,0.4365495772102155,130.96487316306465,130.96487316306465,True
watts_strogatz,300,0.5,18,0.43683020494611835,131.04906148383552,131.04906148383552,True
watts_strogatz,300,0.5,19,0.43628968287028935,130.8869048610868,130.8869048610868,True
watts_strogatz,300,0.5,20,0.43649091671339213,130.94727501401763,130.94727501401763,True
watts_strogatz,300,0.5,21,0.4363654190432884,130.90962571298653,130.90962571298653,True
watts_strogatz,300,0.5,22,0.43663837732097266,130.9915131962918,130.9915131962918,True
watts_strogatz,300,0.5,23,0.43620427886282975,130.86128365884892,130.86128365884892,True
watts_strogatz,300,0.5,24,0.437269618203727,131.1808854611181,131.1808854611181,True
watts_strogatz,300,0.5,25,0.43665734191121097,130.9972025733633,130.9972025733633,True
watts_strogatz,300,0.5,26,0.43661126226949887,130.98337868084965,130.98337868084965,True
watts_strogatz,300,0.5,27,0.43710881667412227,131.13264500223667,131.13264500223667,True
watts_strogatz,300,0.5,28,0.4363629618365865,130.90888855097595,130.90888855097595,True
watts_strogatz,300,0.5,29,0.43707544821278543,131.12263446383562,131.12263446383562,True
watts_strogatz,300,0.7,0,0.29968679887574834,89.9060396627245,89.9060396627245,True
watts_strogatz,300,0.7,1,0.29936808792331737,89.81042637699521,89.81042637699521,True
watts_strogatz,300,0.7,2,0.2997978006497136,89.93934019491408,89.93934019491408,True
watts_strogatz,300,0.7,3,0.2995436994388113,89.8631098316434,89.8631098316434,True
watts_strogatz,300,0.7,4,0.2995076946424332,89.85230839272997,89.85230839272997,True
watts_strogatz,300,0.7,5,0.2996891756108382,89.90675268325145,89.90675268325145,True
watts_strogatz,300,0.7,6,0.2994120085612526,89.82360256837578,89.82360256837578,True
watts_strogatz,300,0.7,7,0.2994367078369702,89.83101235109106,89.83101235109106,True
watts_strogatz,300,0.7,8,0.2994085111898578,89.82255335695733,89.82255335695733,True
watts_strogatz,300,0.7,9,0.2997105389862731,89.91316169588193,89.91316169588193,True
watts_strogatz,300,0.7,10,0.29989895101788533,89.9696853053656,89.9696853053656,True
watts_strogatz,300,0.7,11,0.2993945562926401,89.81836688779204,89.81836688779204,True
watts_strogatz,300,0.7,12,0.29941684386735967,89.8250531602079,89.8250531602079,True
watts_strogatz,300,0.7,13,0.2998345456788616,89.95036370365848,89.95036370365848,True
watts_strogatz,300,0.7,14,0.2997832909464885,89.93498728394654,89.93498728394654,True
watts_strogatz,300,0.7,15,0.2994518712595132,89.83556137785396,89.83556137785396,True
watts_strogatz,300,0.7,16,0.29982174533836214,89.94652360150864,89.94652360150864,True
watts_strogatz,300,0.7,17,0.29922542215812187,89.76762664743656,89.76762664743656,True
watts_strogatz,300,0.7,18,0.2993374325717818,89.80122977153454,89.80122977153454,True
watts_strogatz,300,0.7,19,0.2997872369275554,89.93617107826661,89.93617107826661,True
watts_strogatz,300,0.7,20,0.29938892509145676,89.81667752743702,89.81667752743702,True
watts_strogatz,300,0.7,21,0.29966237528069817,89.89871258420945,89.89871258420945,True
watts_strogatz,300,0.7,22,0.2993291858016417,89.79875574049251,89.79875574049251,True
watts_strogatz,300,0.7,23,0.29951358152583685,89.85407445775105,89.85407445775105,True
watts_strogatz,300,0.7,24,0.29987308279110925,89.96192483733277,89.96192483733277,True
watts_strogatz,300,0.7,25,0.29966654842561546,89.89996452768465,89.89996452768465,True
watts_strogatz,300,0.7,26,0.29943120585770644,89.82936175731193,89.82936175731193,True
watts_strogatz,300,0.7,27,0.29940757844339394,89.82227353301818,89.82227353301818,True
watts_strogatz,300,0.7,28,0.2991022122342223,89.73066367026668,89.73066367026668,True
watts_strogatz,300,0.7,29,0.29956769545369943,89.87030863610983,89.87030863610983,True
watts_strogatz,300,1.0,0,0.0,0.0,0.0,True
watts_strogatz,300,1.0,1,0.0,0.0,0.0,True
watts_strogatz,300,1.0,2,0.0,0.0,0.0,True
watts_strogatz,300,1.0,3,0.0,0.0,0.0,True
watts_strogatz,300,1.0,4,0.0,0.0,0.0,True
watts_strogatz,300,1.0,5,0.0,0.0,0.0,True
watts_strogatz,300,1.0,6,0.0,0.0,0.0,True
watts_strogatz,300,1.0,7,0.0,0.0,0.0,True
watts_strogatz,300,1.0,8,0.0,0.0,0.0,True
watts_strogatz,300,1.0,9,0.0,0.0,0.0,True
watts_strogatz,300,1.0,10,0.0,0.0,0.0,True
watts_strogatz,300,1.0,11,0.0,0.0,0.0,True
watts_strogatz,300,1.0,12,0.0,0.0,0.0,True
watts_strogatz,300,1.0,13,0.0,0.0,0.0,True
watts_strogatz,300,1.0,14,0.0,0.0,0.0,True
watts_strogatz,300,1.0,15,0.0,0.0,0.0,True
watts_strogatz,300,1.0,16,0.0,0.0,0.0,True
watts_strogatz,300,1.0,17,0.0,0.0,0.0,True
watts_strogatz,300,1.0,18,0.0,0.0,0.0,True
watts_strogatz,300,1.0,19,0.0,0.0,0.0,True
watts_strogatz,300,1.0,20,0.0,0.0,0.0,True
watts_strogatz,300,1.0,21,0.0,0.0,0.0,True
watts_strogatz,300,1.0,22,0.0,0.0,0.0,True
watts_strogatz,300,1.0,23,0.0,0.0,0.0,True
watts_strogatz,300,1.0,24,0.0,0.0,0.0,True
watts_strogatz,300,1.0,25,0.0,0.0,0.0,True
watts_strogatz,300,1.0,26,0.0,0.0,0.0,True
watts_strogatz,300,1.0,27,0.0,0.0,0.0,True
watts_strogatz,300,1.0,28,0.0,0.0,0.0,True
watts_strogatz,300,1.0,29,0.0,0.0,0.0,True
watts_strogatz,1000,0.0,0,0.6297760519402882,629.7760519402882,629.7760519402882,True
watts_strogatz,1000,0.0,1,0.6287901230830526,628.7901230830525,628.7901230830525,True
watts_strogatz,1000,0.0,2,0.6293183919116302,629.3183919116302,629.3183919116302,True
watts_strogatz,1000,0.0,3,0.6284266292611872,628.4266292611871,628.4266292611871,True
watts_strogatz,1000,0.0,4,0.6295564553033552,629.5564553033553,629.5564553033553,True
watts_strogatz,1000,0.0,5,0.6292161665777558,629.2161665777558,629.2161665777558,True
watts_strogatz,1000,0.0,6,0.6294099052443083,629.4099052443083,629.4099052443083,True
watts_strogatz,1000,0.0,7,0.6293703478997481,629.3703478997481,629.3703478997481,True
watts_strogatz,1000,0.0,8,0.629007079905644,629.007079905644,629.007079905644,True
watts_strogatz,1000,0.0,9,0.6286360074277022,628.6360074277022,628.6360074277022,True
watts_strogatz,1000,0.0,10,0.629446400781233,629.446400781233,629.446400781233,True
watts_strogatz,1000,0.0,11,0.6291545111874712,629.1545111874713,629.1545111874713,True
watts_strogatz,1000,0.0,12,0.628993424841124,628.993424841124,628.993424841124,True
watts_strogatz,1000,0.0,13,0.6285989286936697,628.5989286936697,628.5989286936697,True
watts_strogatz,1000,0.0,14,0.6285164773384635,628.5164773384635,628.5164773384635,True
watts_strogatz,1000,0.0,15,0.629121572013221,629.121572013221,629.121572013221,True
watts_strogatz,1000,0.0,16,0.6284760772541025,628.4760772541025,628.4760772541025,True
watts_strogatz,1000,0.0,17,0.6290390700769313,629.0390700769312,629.0390700769312,True
watts_strogatz,1000,0.0,18,0.6286760414308421,628.6760414308421,628.6760414308421,True
watts_strogatz,1000,0.0,19,0.6284570114283008,628.4570114283008,628.4570114283008,True
watts_strogatz,1000,0.0,20,0.6299451839690985,629.9451839690985,629.9451839690985,True
watts_strogatz,1000,0.0,21,0.628669213609193,628.669213609193,628.669213609193,True
watts_strogatz,1000,0.0,22,0.6292108161979209,629.2108161979208,629.2108161979208,True
watts_strogatz,1000,0.0,23,0.629198857752589,629.198857752589,629.198857752589,True
watts_strogatz,1000,0.0,24,0.6289967937880392,628.9967937880392,628.9967937880392,True
watts_strogatz,1000,0.0,25,0.6288999547982957,628.8999547982958,628.8999547982958,True
watts_strogatz,1000,0.0,26,0.6287846240562115,628.7846240562114,628.7846240562114,True
watts_strogatz,1000,0.0,27,0.6303494388146981,630.349438814698,630.349438814698,True
watts_strogatz,1000,0.0,28,0.628422373544927,628.422373544927,628.422373544927,True
watts_strogatz,1000,0.0,29,0.6291782351411729,629.1782351411729,629.1782351411729,True
watts_strogatz,1000,0.3,0,0.5434129531267968,543.4129531267969,543.4129531267969,True
watts_strogatz,1000,0.3,1,0.5433989452150233,543.3989452150233,543.3989452150233,True
watts_strogatz,1000,0.3,2,0.5436703969667436,543.6703969667436,543.6703969667436,True
watts_strogatz,1000,0.3,3,0.543221196004578,543.221196004578,543.221196004578,True
watts_strogatz,1000,0.3,4,0.5435128872257144,543.5128872257144,543.5128872257144,True
watts_strogatz,1000,0.3,5,0.544038833310583,544.038833310583,544.038833310583,True
watts_strogatz,1000,0.3,6,0.5435075781285117,543.5075781285117,543.5075781285117,True
watts_strogatz,1000,0.3,7,0.5433431335076164,543.3431335076165,543.3431335076165,True
watts_strogatz,1000,0.3,8,0.5426972191481059,542.6972191481059,542.6972191481059,True
watts_strogatz,1000,0.3,9,0.5427910455134131,542.7910455134131,542.7910455134131,True
watts_strogatz,1000,0.3,10,0.5431771140488086,543.1771140488087,543.1771140488087,True
watts_strogatz,1000,0.3,11,0.5434195837214919,543.4195837214919,543.4195837214919,True
watts_strogatz,1000,0.3,12,0.5429531005392805,542.9531005392805,542.9531005392805,True
watts_strogatz,1000,0.3,13,0.5432094712737447,543.2094712737447,543.2094712737447,True
watts_strogatz,1000,0.3,14,0.5430202774249848,543.0202774249848,543.0202774249848,True
watts_strogatz,1000,0.3,15,0.54306868030344,543.06868030344,543.06868030344,True
watts_strogatz,1000,0.3,16,0.5437756086630023,543.7756086630023,543.7756086630023,True
watts_strogatz,1000,0.3,17,0.5427193691460028,542.7193691460028,542.7193691460028,True
watts_strogatz,1000,0.3,18,0.5426992689728396,542.6992689728396,542.6992689728396,True
watts_strogatz,1000,0.3,19,0.5432304797792308,543.2304797792308,543.2304797792308,True
watts_strogatz,1000,0.3,20,0.5432479193679887,543.2479193679886,543.2479193679886,True
watts_strogatz,1000,0.3,21,0.5433161023146824,543.3161023146824,543.3161023146824,True
watts_strogatz,1000,0.3,22,0.5426461976025332,542.6461976025332,542.6461976025332,True
watts_strogatz,1000,0.3,23,0.543249970055669,543.249970055669,543.249970055669,True
watts_strogatz,1000,0.3,24,0.5436776777117271,543.6776777117271,543.6776777117271,True
watts_strogatz,1000,0.3,25,0.5435183529930783,543.5183529930782,543.5183529930782,True
watts_strogatz,1000,0.3,26,0.5428240960641078,542.8240960641077,542.8240960641077,True
watts_strogatz,1000,0.3,27,0.5432749142425994,543.2749142425995,543.2749142425995,True
watts_strogatz,1000,0.3,28,0.5439102924175814,543.9102924175813,543.9102924175813,True
watts_strogatz,1000,0.3,29,0.5435153277974404,543.5153277974404,543.5153277974404,True
watts_strogatz,1000,0.5,0,0.4362069716245398,436.2069716245398,436.2069716245398,True
watts_strogatz,1000,0.5,1,0.4369014801979185,436.90148019791854,436.90148019791854,True
watts_strogatz,1000,0.5,2,0.4360865474201918,436.08654742019183,436.08654742019183,True
watts_strogatz,1000,0.5,3,0.4372101993992129,437.2101993992129,437.2101993992129,True
watts_strogatz,1000,0.5,4,0.4367184677618764,436.7184677618764,436.7184677618764,True
watts_strogatz,1000,0.5,5,0.4369281096124963,436.92810961249626,436.92810961249626,True
watts_strogatz,1000,0.5,6,0.43617413074338063,436.1741307433806,436.1741307433806,True
watts_strogatz,1000,0.5,7,0.43576212597108854,435.76212597108855,435.76212597108855,True
watts_strogatz,1000,0.5,8,0.43676807887833524,436.76807887833525,436.76807887833525,True
watts_strogatz,1000,0.5,9,0.4367633259858018,436.7633259858018,436.7633259858018,True
watts_strogatz,1000,0.5,10,0.4367516404006717,436.7516404006717,436.7516404006717,True
watts_strogatz,1000,0.5,11,0.43609816183795014,436.09816183795016,436.09816183795016,True
watts_strogatz,1000,0.5,12,0.43655128272027877,436.5512827202788,436.5512827202788,True
watts_strogatz,1000,0.5,13,0.43656341546771316,436.5634154677132,436.5634154677132,True
watts_strogatz,1000,0.5,14,0.4365916723249349,436.5916723249349,436.5916723249349,True
watts_strogatz,1000,0.5,15,0.4361514081719473,436.1514081719473,436.1514081719473,True
watts_strogatz,1000,0.5,16,0.4362066584732619,436.2066584732619,436.2066584732619,True
watts_strogatz,1000,0.5,17,0.4369407413033719,436.9407413033719,436.9407413033719,True
watts_strogatz,1000,0.5,18,0.43624809298281564,436.24809298281565,436.24809298281565,True
watts_strogatz,1000,0.5,19,0.43700968916102056,437.00968916102056,437.00968916102056,True
watts_strogatz,1000,0.5,20,0.43637181963774985,436.37181963774987,436.37181963774987,True
watts_strogatz,1000,0.5,21,0.43682245133401,436.82245133401,436.82245133401,True
watts_strogatz,1000,0.5,22,0.43716044551495037,437.16044551495037,437.16044551495037,True
watts_strogatz,1000,0.5,23,0.43738282693674246,437.38282693674245,437.38282693674245,True
watts_strogatz,1000,0.5,24,0.4370462862531539,437.0462862531539,437.0462862531539,True
watts_strogatz,1000,0.5,25,0.43705440250815153,437.05440250815155,437.05440250815155,True
watts_strogatz,1000,0.5,26,0.43701915653296264,437.01915653296265,437.01915653296265,True
watts_strogatz,1000,0.5,27,0.436410873320741,436.410873320741,436.410873320741,True
watts_strogatz,1000,0.5,28,0.4369039665142682,436.90396651426823,436.90396651426823,True
watts_strogatz,1000,0.5,29,0.4365263883800762,436.5263883800762,436.5263883800762,True
watts_strogatz,1000,0.7,0,0.29982103240587443,299.8210324058744,299.8210324058744,True
watts_strogatz,1000,0.7,1,0.2995376355337911,299.5376355337911,299.5376355337911,True
watts_strogatz,1000,0.7,2,0.2991718035204677,299.1718035204677,299.1718035204677,True
watts_strogatz,1000,0.7,3,0.2995613927697658,299.5613927697658,299.5613927697658,True
watts_strogatz,1000,0.7,4,0.29954180874162295,299.54180874162296,299.54180874162296,True
watts_strogatz,1000,0.7,5,0.2992066176913478,299.20661769134784,299.20661769134784,True
watts_strogatz,1000,0.7,6,0.29943648074354845,299.43648074354843,299.43648074354843,True
watts_strogatz,1000,0.7,7,0.299187678786878,299.187678786878,299.187678786878,True
watts_strogatz,1000,0.7,8,0.29943173582484217,299.4317358248422,299.4317358248422,True
watts_strogatz,1000,0.7,9,0.3000187952107626,300.01879521076256,300.01879521076256,True
watts_strogatz,1000,0.7,10,0.2996553170806454,299.65531708064543,299.65531708064543,True
watts_strogatz,1000,0.7,11,0.29935510118221387,299.35510118221384,299.35510118221384,True
watts_strogatz,1000,0.7,12,0.2996442256025439,299.6442256025439,299.6442256025439,True
watts_strogatz,1000,0.7,13,0.2992355235537383,299.2355235537383,299.2355235537383,True
watts_strogatz,1000,0.7,14,0.2996391727619533,299.63917276195326,299.63917276195326,True
watts_strogatz,1000,0.7,15,0.2999324440218589,299.93244402185894,299.93244402185894,True
watts_strogatz,1000,0.7,16,0.2996425068945273,299.64250689452734,299.64250689452734,True
watts_strogatz,1000,0.7,17,0.2994929729654956,299.4929729654956,299.4929729654956,True
watts_strogatz,1000,0.7,18,0.2998276686972462,299.8276686972462,299.8276686972462,True
watts_strogatz,1000,0.7,19,0.29947193775272984,299.47193775272984,299.47193775272984,True
watts_strogatz,1000,0.7,20,0.299222001026031,299.222001026031,299.222001026031,True
watts_strogatz,1000,0.7,21,0.2992726838955517,299.2726838955517,299.2726838955517,True
watts_strogatz,1000,0.7,22,0.2996128124893733,299.6128124893733,299.6128124893733,True
watts_strogatz,1000,0.7,23,0.2996891439643924,299.6891439643924,299.6891439643924,True
watts_strogatz,1000,0.7,24,0.29980086722863564,299.80086722863564,299.80086722863564,True
watts_strogatz,1000,0.7,25,0.29971553673091544,299.71553673091546,299.71553673091546,True
watts_strogatz,1000,0.7,26,0.2993696842975465,299.3696842975465,299.3696842975465,True
watts_strogatz,1000,0.7,27,0.29956759500152297,299.567595001523,299.567595001523,True
watts_strogatz,1000,0.7,28,0.29987410054232444,299.8741005423244,299.8741005423244,True
watts_strogatz,1000,0.7,29,0.2993377337894947,299.3377337894947,299.3377337894947,True
watts_strogatz,1000,1.0,0,0.0,0.0,0.0,True
watts_strogatz,1000,1.0,1,0.0,0.0,0.0,True
watts_strogatz,1000,1.0,2,0.0,0.0,0.0,True
watts_strogatz,1000,1.0,3,0.0,0.0,0.0,True
watts_strogatz,1000,1.0,4,0.0,0.0,0.0,True
watts_strogatz,1000,1.0,5,0.0,0.0,0.0,True
watts_strogatz,1000,1.0,6,0.0,0.0,0.0,True
watts_strogatz,1000,1.0,7,0.0,0.0,0.0,True
watts_strogatz,1000,1.0,8,0.0,0.0,0.0,True
watts_strogatz,1000,1.0,9,0.0,0.0,0.0,True
watts_strogatz,1000,1.0,10,0.0,0.0,0.0,True
watts_strogatz,1000,1.0,11,0.0,0.0,0.0,True
watts_strogatz,1000,1.0,12,0.0,0.0,0.0,True
watts_strogatz,1000,1.0,13,0.0,0.0,0.0,True
watts_strogatz,1000,1.0,14,0.0,0.0,0.0,True
watts_strogatz,1000,1.0,15,0.0,0.0,0.0,True
watts_strogatz,1000,1.0,16,0.0,0.0,0.0,True
watts_strogatz,1000,1.0,17,0.0,0.0,0.0,True
watts_strogatz,1000,1.0,18,0.0,0.0,0.0,True
watts_strogatz,1000,1.0,19,0.0,0.0,0.0,True
watts_strogatz,1000,1.0,20,0.0,0.0,0.0,True
watts_strogatz,1000,1.0,21,0.0,0.0,0.0,True
watts_strogatz,1000,1.0,22,0.0,0.0,0.0,True
watts_strogatz,1000,1.0,23,0.0,0.0,0.0,True
watts_strogatz,1000,1.0,24,0.0,0.0,0.0,True
watts_strogatz,1000,1.0,25,0.0,0.0,0.0,True
watts_strogatz,1000,1.0,26,0.0,0.0,0.0,True
watts_strogatz,1000,1.0,27,0.0,0.0,0.0,True
watts_strogatz,1000,1.0,28,0.0,0.0,0.0,True
watts_strogatz,1000,1.0,29,0.0,0.0,0.0,True
