graph_model,sybil_size,overlap,rep,tau,w_eff,r_eff,sampled
erdos_renyi,10,0.0,0,0.6326963662409404,6.326963662409404,6.326963662409404,False
erdos_renyi,10,0.0,1,0.6331871941904694,6.331871941904694,6.331871941904694,False
erdos_renyi,10,0.0,2,0.632295378570192,6.3229537857019205,6.3229537857019205,False
erdos_renyi,10,0.0,3,0.6326844918160062,6.326844918160061,6.326844918160061,False
erdos_renyi,10,0.0,4,0.631806455256677,6.31806455256677,6.31806455256677,False
erdos_renyi,10,0.0,5,0.6323097272087919,6.323097272087919,6.323097272087919,False
erdos_renyi,10,0.0,6,0.6316574298886283,6.316574298886283,6.316574298886283,False
erdos_renyi,10,0.0,7,0.6328942082866453,6.328942082866453,6.328942082866453,False
erdos_renyi,10,0.0,8,0.631685257504044,6.31685257504044,6.31685257504044,False
erdos_renyi,10,0.0,9,0.6316475976766203,6.316475976766203,6.316475976766203,False
erdos_renyi,10,0.0,10,0.6323947476437443,6.323947476437443,6.323947476437443,False
erdos_renyi,10,0.0,11,0.6300850991032036,6.3008509910320365,6.3008509910320365,False
erdos_renyi,10,0.0,12,0.6327013207435196,6.327013207435196,6.327013207435196,False
erdos_renyi,10,0.0,13,0.6316036761518841,6.31603676151884,6.31603676151884,False
erdos_renyi,10,0.0,14,0.6320047161399445,6.320047161399445,6.320047161399445,False
erdos_renyi,10,0.0,15,0.6328406764926222,6.328406764926222,6.328406764926222,False
erdos_renyi,10,0.0,16,0.6327005124785026,6.327005124785026,6.327005124785026,False
erdos_renyi,10,0.0,17,0.6316002597395969,6.316002597395968,6.316002597395968,False
erdos_renyi,10,0.0,18,0.6330107738142796,6.330107738142797,6.330107738142797,False
erdos_renyi,10,0.0,19,0.6322798720695959,6.322798720695959,6.322798720695959,False
erdos_renyi,10,0.0,20,0.6311166422428613,6.311166422428613,6.311166422428613,False
erdos_renyi,10,0.0,21,0.6315618348476746,6.315618348476746,6.315618348476746,False
erdos_renyi,10,0.0,22,0.6326153766348444,6.326153766348444,6.326153766348444,False
erdos_renyi,10,0.0,23,0.632450437516199,6.32450437516199,6.32450437516199,False
erdos_renyi,10,0.0,24,0.6330645700359565,6.330645700359565,6.330645700359565,False
erdos_renyi,10,0.0,25,0.632538601625821,6.32538601625821,6.32538601625821,False
erdos_renyi,10,0.0,26,0.6320995751984146,6.320995751984146,6.320995751984146,False
erdos_renyi,10,0.0,27,0.632371517978805,6.323715179788049,6.323715179788049,False
erdos_renyi,10,0.0,28,0.6320610548939182,6.3206105489391815,6.3206105489391815,False
erdos_renyi,10,0.0,29,0.6310841229911679,6.310841229911679,6.310841229911679,False
erdos_renyi,10,0.1,0,0.6311531401378574,6.3115314013785735,6.3115314013785735,False
erdos_renyi,10,0.1,1,0.631622531624338,6.31622531624338,6.31622531624338,False
erdos_renyi,10,0.1,2,0.6313908484248126,6.313908484248127,6.313908484248127,False
erdos_renyi,10,0.1,3,0.6315871938475904,6.315871938475905,6.315871938475905,False
erdos_renyi,10,0.1,4,0.6302560949455669,6.302560949455669,6.302560949455669,False
erdos_renyi,10,0.1,5,0.6328266775269098,6.328266775269098,6.328266775269098,False
erdos_renyi,10,0.1,6,0.6314689238203892,6.314689238203892,6.314689238203892,False
erdos_renyi,10,0.1,7,0.6332073077770879,6.332073077770879,6.332073077770879,False
erdos_renyi,10,0.1,8,0.6329294431535128,6.3292944315351285,6.3292944315351285,False
erdos_renyi,10,0.1,9,0.6315941559331989,6.315941559331989,6.315941559331989,False
erdos_renyi,10,0.1,10,0.6309335508091792,6.3093355080917926,6.3093355080917926,False
erdos_renyi,10,0.1,11,0.6316115321732525,6.316115321732525,6.316115321732525,False
erdos_renyi,10,0.1,12,0.6307258372599263,6.307258372599263,6.307258372599263,False
erdos_renyi,10,0.1,13,0.6324737570907388,6.324737570907388,6.324737570907388,False
erdos_renyi,10,0.1,14,0.632410461277319,6.324104612773191,6.324104612773191,False
erdos_renyi,10,0.1,15,0.6305262466200792,6.305262466200792,6.305262466200792,False
erdos_renyi,10,0.1,16,0.6289921560184605,6.289921560184605,6.289921560184605,False
erdos_renyi,10,0.1,17,0.6328426154249616,6.328426154249616,6.328426154249616,False
erdos_renyi,10,0.1,18,0.6312031575980983,6.312031575980983,6.312031575980983,False
erdos_renyi,10,0.1,19,0.6324277392451455,6.324277392451455,6.324277392451455,False
erdos_renyi,10,0.1,20,0.6311192033576241,6.311192033576241,6.311192033576241,False
erdos_renyi,10,0.1,21,0.6316384870962392,6.316384870962391,6.316384870962391,False
erdos_renyi,10,0.1,22,0.630579282858738,6.30579282858738,6.30579282858738,False
erdos_renyi,10,0.1,23,0.6321825131345482,6.3218251313454825,6.3218251313454825,False
erdos_renyi,10,0.1,24,0.6311352074357586,6.311352074357586,6.311352074357586,False
erdos_renyi,10,0.1,25,0.6333731668520908,6.333731668520908,6.333731668520908,False
erdos_renyi,10,0.1,26,0.6312679925396749,6.312679925396749,6.312679925396749,False
erdos_renyi,10,0.1,27,0.6321263800509658,6.321263800509658,6.321263800509658,False
erdos_renyi,10,0.1,28,0.630595431178998,6.3059543117899794,6.3059543117899794,False
erdos_renyi,10,0.1,29,0.6319254900260884,6.319254900260884,6.319254900260884,False
erdos_renyi,10,0.3,0,0.545740361424917,5.45740361424917,5.45740361424917,False
erdos_renyi,10,0.3,1,0.5462738665632764,5.462738665632764,5.462738665632764,False
erdos_renyi,10,0.3,2,0.5455551292575835,5.455551292575835,5.455551292575835,False
erdos_renyi,10,0.3,3,0.5468976896865467,5.468976896865467,5.468976896865467,False
erdos_renyi,10,0.3,4,0.5460598936038696,5.460598936038696,5.460598936038696,False
erdos_renyi,10,0.3,5,0.5460641203586545,5.460641203586545,5.460641203586545,False
erdos_renyi,10,0.3,6,0.5454708712249627,5.454708712249627,5.454708712249627,False
erdos_renyi,10,0.3,7,0.5455415893987572,5.455415893987572,5.455415893987572,False
erdos_renyi,10,0.3,8,0.5454424925845476,5.454424925845476,5.454424925845476,False
erdos_renyi,10,0.3,9,0.5454245749278683,5.454245749278684,5.454245749278684,False
erdos_renyi,10,0.3,10,0.5450697719475173,5.450697719475173,5.450697719475173,False
erdos_renyi,10,0.3,11,0.5422234829130255,5.422234829130255,5.422234829130255,False
erdos_renyi,10,0.3,12,0.5457101236792399,5.457101236792399,5.457101236792399,False
erdos_renyi,10,0.3,13,0.5447941188446357,5.447941188446357,5.447941188446357,False
erdos_renyi,10,0.3,14,0.5458119315332499,5.4581193153325,5.4581193153325,False
erdos_renyi,10,0.3,15,0.5454557675880438,5.454557675880438,5.454557675880438,False
erdos_renyi,10,0.3,16,0.5444909869580088,5.444909869580088,5.444909869580088,False
erdos_renyi,10,0.3,17,0.5459896458985551,5.459896458985551,5.459896458985551,False
erdos_renyi,10,0.3,18,0.5456396266613222,5.456396266613222,5.456396266613222,False
erdos_renyi,10,0.3,19,0.5455914210856267,5.4559142108562675,5.4559142108562675,False
erdos_renyi,10,0.3,20,0.5443947529955961,5.443947529955961,5.443947529955961,False
erdos_renyi,10,0.3,21,0.5452649215279066,5.452649215279067,5.452649215279067,False
erdos_renyi,10,0.3,22,0.545133666795711,5.45133666795711,5.45133666795711,False
erdos_renyi,10,0.3,23,0.5464148997711396,5.464148997711396,5.464148997711396,False
erdos_renyi,10,0.3,24,0.546399323324912,5.46399323324912,5.46399323324912,False
erdos_renyi,10,0.3,25,0.5444906470444228,5.444906470444229,5.444906470444229,False
erdos_renyi,10,0.3,26,0.5453163289787162,5.453163289787161,5.453163289787161,False
erdos_renyi,10,0.3,27,0.545985405382302,5.45985405382302,5.45985405382302,False
erdos_renyi,10,0.3,28,0.5458188971916569,5.458188971916568,5.458188971916568,False
erdos_renyi,10,0.3,29,0.5459659935074167,5.459659935074167,5.459659935074167,False
erdos_renyi,10,0.5,0,0.4382242838904167,4.382242838904167,4.382242838904167,False
erdos_renyi,10,0.5,1,0.4383746207324476,4.383746207324476,4.383746207324476,False
erdos_renyi,10,0.5,2,0.43844908109859126,4.384490810985913,4.384490810985913,False
erdos_renyi,10,0.5,3,0.43841033468777213,4.384103346877721,4.384103346877721,False
erdos_renyi,10,0.5,4,0.4381387917916093,4.3813879179160935,4.3813879179160935,False
erdos_renyi,10,0.5,5,0.4379349609920399,4.379349609920399,4.379349609920399,False
erdos_renyi,10,0.5,6,0.4381913533759938,4.381913533759938,4.381913533759938,False
erdos_renyi,10,0.5,7,0.4381496160503663,4.381496160503663,4.381496160503663,False
erdos_renyi,10,0.5,8,0.4379872268406523,4.3798722684065226,4.3798722684065226,False
erdos_renyi,10,0.5,9,0.4382375467877674,4.382375467877674,4.382375467877674,False
erdos_renyi,10,0.5,10,0.4381049247183805,4.381049247183805,4.381049247183805,False
erdos_renyi,10,0.5,11,0.43812420380871275,4.3812420380871275,4.3812420380871275,False
erdos_renyi,10,0.5,12,0.4381541310981335,4.381541310981335,4.381541310981335,False
erdos_renyi,10,0.5,13,0.43815082910512326,4.381508291051233,4.381508291051233,False
erdos_renyi,10,0.5,14,0.43669936400519427,4.366993640051943,4.366993640051943,False
erdos_renyi,10,0.5,15,0.43812906222457104,4.381290622245711,4.381290622245711,False
erdos_renyi,10,0.5,16,0.438096105997142,4.38096105997142,4.38096105997142,False
erdos_renyi,10,0.5,17,0.4381698560297054,4.381698560297053,4.381698560297053,False
erdos_renyi,10,0.5,18,0.4382325158748178,4.382325158748178,4.382325158748178,False
erdos_renyi,10,0.5,19,0.4383480233560103,4.383480233560103,4.383480233560103,False
erdos_renyi,10,0.5,20,0.43829928030540355,4.3829928030540355,4.3829928030540355,False
erdos_renyi,10,0.5,21,0.43828266418984196,4.382826641898419,4.382826641898419,False
erdos_renyi,10,0.5,22,0.43815123958201696,4.381512395820169,4.381512395820169,False
erdos_renyi,10,0.5,23,0.43813497497459986,4.381349749745999,4.381349749745999,False
erdos_renyi,10,0.5,24,0.4365848484809659,4.365848484809659,4.365848484809659,False
erdos_renyi,10,0.5,25,0.43794121453033863,4.3794121453033865,4.3794121453033865,False
erdos_renyi,10,0.5,26,0.43818995180790576,4.381899518079058,4.381899518079058,False
erdos_renyi,10,0.5,27,0.4382911001530362,4.382911001530362,4.382911001530362,False
erdos_renyi,10,0.5,28,0.43845524238873834,4.384552423887383,4.384552423887383,False
erdos_renyi,10,0.5,29,0.438376226062446,4.38376226062446,4.38376226062446,False
erdos_renyi,10,0.7,0,0.3002404384377212,3.002404384377212,3.002404384377212,False
erdos_renyi,10,0.7,1,0.30019918303938753,3.0019918303938753,3.0019918303938753,False
erdos_renyi,10,0.7,2,0.3003018829893862,3.003018829893862,3.003018829893862,False
erdos_renyi,10,0.7,3,0.30052625428850777,3.0052625428850774,3.0052625428850774,False
erdos_renyi,10,0.7,4,0.30032352795091843,3.0032352795091843,3.0032352795091843,False
erdos_renyi,10,0.7,5,0.3001524611837685,3.001524611837685,3.001524611837685,False
erdos_renyi,10,0.7,6,0.3003527281679774,3.0035272816797742,3.0035272816797742,False
erdos_renyi,10,0.7,7,0.3002600618129899,3.0026006181298994,3.0026006181298994,False
erdos_renyi,10,0.7,8,0.30018978777984195,3.0018978777984193,3.0018978777984193,False
erdos_renyi,10,0.7,9,0.300201537350393,3.00201537350393,3.00201537350393,False
erdos_renyi,10,0.7,10,0.300265926085017,3.0026592608501703,3.0026592608501703,False
erdos_renyi,10,0.7,11,0.30015325567071227,3.0015325567071227,3.0015325567071227,False
erdos_renyi,10,0.7,12,0.30017076874821336,3.0017076874821336,3.0017076874821336,False
erdos_renyi,10,0.7,13,0.3001775467856991,3.001775467856991,3.001775467856991,False
erdos_renyi,10,0.7,14,0.2984843383686403,2.9848433836864032,2.9848433836864032,False
erdos_renyi,10,0.7,15,0.3002220512418373,3.002220512418373,3.002220512418373,False
erdos_renyi,10,0.7,16,0.3002157339727547,3.002157339727547,3.002157339727547,False
erdos_renyi,10,0.7,17,0.30032356866483034,3.0032356866483036,3.0032356866483036,False
erdos_renyi,10,0.7,18,0.3002587385558728,3.002587385558728,3.002587385558728,False
erdos_renyi,10,0.7,19,0.30025739776098304,3.0025739776098304,3.0025739776098304,False
erdos_renyi,10,0.7,20,0.30032683591135423,3.0032683591135423,3.0032683591135423,False
erdos_renyi,10,0.7,21,0.30012214340305843,3.001221434030584,3.001221434030584,False
erdos_renyi,10,0.7,22,0.3001870119475909,3.001870119475909,3.001870119475909,False
erdos_renyi,10,0.7,23,0.3003028732552374,3.003028732552374,3.003028732552374,False
erdos_renyi,10,0.7,24,0.3002135515625578,3.002135515625578,3.002135515625578,False
erdos_renyi,10,0.7,25,0.30013800019596437,3.0013800019596437,3.0013800019596437,False
erdos_renyi,10,0.7,26,0.30046567703794325,3.0046567703794325,3.0046567703794325,False
erdos_renyi,10,0.7,27,0.3002037602857749,3.002037602857749,3.002037602857749,False
erdos_renyi,10,0.7,28,0.3002261123100678,3.002261123100678,3.002261123100678,False
erdos_renyi,10,0.7,29,0.30029633528414523,3.0029633528414523,3.0029633528414523,False
erdos_renyi,10,0.9,0,0.1166991504167263,1.166991504167263,1.166991504167263,False
erdos_renyi,10,0.9,1,0.11671624487796717,1.1671624487796717,1.1671624487796717,False
erdos_renyi,10,0.9,2,0.11671252353332051,1.1671252353332051,1.1671252353332051,False
erdos_renyi,10,0.9,3,0.11669148327663958,1.1669148327663958,1.1669148327663958,False
erdos_renyi,10,0.9,4,0.11669993089934694,1.1669993089934694,1.1669993089934694,False
erdos_renyi,10,0.9,5,0.11669629021865613,1.1669629021865613,1.1669629021865613,False
erdos_renyi,10,0.9,6,0.11669125992503682,1.1669125992503682,1.1669125992503682,False
erdos_renyi,10,0.9,7,0.11410685000386789,1.1410685000386789,1.1410685000386789,False
erdos_renyi,10,0.9,8,0.11670129312845035,1.1670129312845035,1.1670129312845035,False
erdos_renyi,10,0.9,9,0.11670768050349567,1.1670768050349567,1.1670768050349567,False
erdos_renyi,10,0.9,10,0.11668231907166449,1.1668231907166449,1.1668231907166449,False
erdos_renyi,10,0.9,11,0.11671960085539057,1.1671960085539057,1.1671960085539057,False
erdos_renyi,10,0.9,12,0.11670312928051696,1.1670312928051696,1.1670312928051696,False
erdos_renyi,10,0.9,13,0.11668476424677754,1.1668476424677754,1.1668476424677754,False
erdos_renyi,10,0.9,14,0.11669952803586225,1.1669952803586225,1.1669952803586225,False
erdos_renyi,10,0.9,15,0.11669851915819984,1.1669851915819984,1.1669851915819984,False
erdos_renyi,10,0.9,16,0.11669013000918349,1.166901300091835,1.166901300091835,False
erdos_renyi,10,0.9,17,0.11668671362086958,1.1668671362086958,1.1668671362086958,False
erdos_renyi,10,0.9,18,0.11670264717509804,1.1670264717509804,1.1670264717509804,False
erdos_renyi,10,0.9,19,0.11668752090523982,1.1668752090523982,1.1668752090523982,False
erdos_renyi,10,0.9,20,0.11668407725530316,1.1668407725530316,1.1668407725530316,False
erdos_renyi,10,0.9,21,0.11669414956990742,1.1669414956990742,1.1669414956990742,False
erdos_renyi,10,0.9,22,0.1167133822911347,1.167133822911347,1.167133822911347,False
erdos_renyi,10,0.9,23,0.11668970921503385,1.1668970921503385,1.1668970921503385,False
erdos_renyi,10,0.9,24,0.1166827203398032,1.166827203398032,1.166827203398032,False
erdos_renyi,10,0.9,25,0.116699917626373,1.16699917626373,1.16699917626373,False
erdos_renyi,10,0.9,26,0.11670453907020684,1.1670453907020684,1.1670453907020684,False
erdos_renyi,10,0.9,27,0.11669392027118941,1.166939202711894,1.166939202711894,False
erdos_renyi,10,0.9,28,0.11669142061896898,1.1669142061896898,1.1669142061896898,False
erdos_renyi,10,0.9,29,0.11667920256582798,1.1667920256582798,1.1667920256582798,False
erdos_renyi,10,1.0,0,0.0,0.0,0.0,False
erdos_renyi,10,1.0,1,0.0,0.0,0.0,False
erdos_renyi,10,1.0,2,0.0,0.0,0.0,False
erdos_renyi,10,1.0,3,0.0,0.0,0.0,False
erdos_renyi,10,1.0,4,0.0,0.0,0.0,False
erdos_renyi,10,1.0,5,0.0,0.0,0.0,False
erdos_renyi,10,1.0,6,0.0,0.0,0.0,False
erdos_renyi,10,1.0,7,0.0,0.0,0.0,False
erdos_renyi,10,1.0,8,0.0,0.0,0.0,False
erdos_renyi,10,1.0,9,0.0,0.0,0.0,False
erdos_renyi,10,1.0,10,0.0,0.0,0.0,False
erdos_renyi,10,1.0,11,0.0,0.0,0.0,False
erdos_renyi,10,1.0,12,0.0,0.0,0.0,False
erdos_renyi,10,1.0,13,0.0,0.0,0.0,False
erdos_renyi,10,1.0,14,0.0,0.0,0.0,False
erdos_renyi,10,1.0,15,0.0,0.0,0.0,False
erdos_renyi,10,1.0,16,0.0,0.0,0.0,False
erdos_renyi,10,1.0,17,0.0,0.0,0.0,False
erdos_renyi,10,1.0,18,0.0,0.0,0.0,False
erdos_renyi,10,1.0,19,0.0,0.0,0.0,False
erdos_renyi,10,1.0,20,0.0,0.0,0.0,False
erdos_renyi,10,1.0,21,0.0,0.0,0.0,False
erdos_renyi,10,1.0,22,0.0,0.0,0.0,False
erdos_renyi,10,1.0,23,0.0,0.0,0.0,False
erdos_renyi,10,1.0,24,0.0,0.0,0.0,False
erdos_renyi,10,1.0,25,0.0,0.0,0.0,False
erdos_renyi,10,1.0,26,0.0,0.0,0.0,False
erdos_renyi,10,1.0,27,0.0,0.0,0.0,False
erdos_renyi,10,1.0,28,0.0,0.0,0.0,False
erdos_renyi,10,1.0,29,0.0,0.0,0.0,False
erdos_renyi,30,0.0,0,0.6315874887747246,18.947624663241736,18.947624663241736,False
erdos_renyi,30,0.0,1,0.6325653654760331,18.976960964280995,18.976960964280995,False
erdos_renyi,30,0.0,2,0.6327759193224844,18.983277579674535,18.983277579674535,False
erdos_renyi,30,0.0,3,0.6317740350873948,18.953221052621846,18.953221052621846,False
erdos_renyi,30,0.0,4,0.6316923709342174,18.95077112802652,18.95077112802652,False
erdos_renyi,30,0.0,5,0.6320504437580301,18.9615133127409,18.9615133127409,False
erdos_renyi,30,0.0,6,0.6316917177874337,18.950751533623013,18.950751533623013,False
erdos_renyi,30,0.0,7,0.6321107875065954,18.963323625197862,18.963323625197862,False
erdos_renyi,30,0.0,8,0.6319697543045661,18.959092629136983,18.959092629136983,False
erdos_renyi,30,0.0,9,0.6321854489324781,18.96556346797434,18.96556346797434,False
erdos_renyi,30,0.0,10,0.6325808653814626,18.977425961443878,18.977425961443878,False
erdos_renyi,30,0.0,11,0.631200622561906,18.93601867685718,18.93601867685718,False
erdos_renyi,30,0.0,12,0.6315197489620733,18.9455924688622,18.9455924688622,False
erdos_renyi,30,0.0,13,0.6312990468144397,18.93897140443319,18.93897140443319,False
erdos_renyi,30,0.0,14,0.6323417354320359,18.970252062961077,18.970252062961077,False
erdos_renyi,30,0.0,15,0.6320362056220554,18.961086168661662,18.961086168661662,False
erdos_renyi,30,0.0,16,0.6317355222063554,18.952065666190663,18.952065666190663,False
erdos_renyi,30,0.0,17,0.6325092060576798,18.975276181730393,18.975276181730393,False
erdos_renyi,30,0.0,18,0.632708351239655,18.98125053718965,18.98125053718965,False
erdos_renyi,30,0.0,19,0.6318027935864686,18.95408380759406,18.95408380759406,False
erdos_renyi,30,0.0,20,0.6319841981021521,18.959525943064563,18.959525943064563,False
erdos_renyi,30,0.0,21,0.6318178168063853,18.954534504191557,18.954534504191557,False
erdos_renyi,30,0.0,22,0.6325253821100218,18.975761463300657,18.975761463300657,False
erdos_renyi,30,0.0,23,0.6316905328171758,18.950715984515274,18.950715984515274,False
erdos_renyi,30,0.0,24,0.6318193964187351,18.954581892562054,18.954581892562054,False
erdos_renyi,30,0.0,25,0.6319795872327514,18.959387616982543,18.959387616982543,False
erdos_renyi,30,0.0,26,0.6318356869812731,18.955070609438195,18.955070609438195,False
erdos_renyi,30,0.0,27,0.6316955790053753,18.95086737016126,18.95086737016126,False
erdos_renyi,30,0.0,28,0.6329910429626524,18.98973128887957,18.98973128887957,False
erdos_renyi,30,0.0,29,0.6316436103503782,18.949308310511345,18.949308310511345,False
erdos_renyi,30,0.1,0,0.6317604443102288,18.952813329306863,18.952813329306863,False
erdos_renyi,30,0.1,1,0.6314095480400315,18.942286441200945,18.942286441200945,False
erdos_renyi,30,0.1,2,0.6317440670843792,18.952322012531376,18.952322012531376,False
erdos_renyi,30,0.1,3,0.6322020049916302,18.966060149748905,18.966060149748905,False
erdos_renyi,30,0.1,4,0.6312167193431837,18.93650158029551,18.93650158029551,False
erdos_renyi,30,0.1,5,0.6321524597371746,18.96457379211524,18.96457379211524,False
erdos_renyi,30,0.1,6,0.6313589170411866,18.9407675112356,18.9407675112356,False
erdos_renyi,30,0.1,7,0.6310832841093308,18.932498523279925,18.932498523279925,False
erdos_renyi,30,0.1,8,0.6316646426668315,18.949939280004948,18.949939280004948,False
erdos_renyi,30,0.1,9,0.631498258305556,18.94494774916668,18.94494774916668,False
erdos_renyi,30,0.1,10,0.6319920649561812,18.959761948685436,18.959761948685436,False
erdos_renyi,30,0.1,11,0.6315438180420536,18.946314541261607,18.946314541261607,False
erdos_renyi,30,0.1,12,0.6312445463560807,18.93733639068242,18.93733639068242,False
erdos_renyi,30,0.1,13,0.6319569408501331,18.958708225503994,18.958708225503994,False
erdos_renyi,30,0.1,14,0.6319984269029325,18.959952807087976,18.959952807087976,False
erdos_renyi,30,0.1,15,0.6321924035402966,18.9657721062089,18.9657721062089,False
erdos_renyi,30,0.1,16,0.6315244325511048,18.945732976533144,18.945732976533144,False
erdos_renyi,30,0.1,17,0.6315325031046604,18.94597509313981,18.94597509313981,False
erdos_renyi,30,0.1,18,0.631580115717015,18.94740347151045,18.94740347151045,False
erdos_renyi,30,0.1,19,0.6313518817589278,18.940556452767833,18.940556452767833,False
erdos_renyi,30,0.1,20,0.6314559538212327,18.94367861463698,18.94367861463698,False
erdos_renyi,30,0.1,21,0.6316564186187356,18.949692558562067,18.949692558562067,False
erdos_renyi,30,0.1,22,0.6312396708973389,18.937190126920168,18.937190126920168,False
erdos_renyi,30,0.1,23,0.6314910605740203,18.944731817220607,18.944731817220607,False
erdos_renyi,30,0.1,24,0.630925634254526,18.92776902763578,18.92776902763578,False
erdos_renyi,30,0.1,25,0.6317517495956936,18.952552487870808,18.952552487870808,False
erdos_renyi,30,0.1,26,0.6322755357724059,18.968266073172177,18.968266073172177,False
erdos_renyi,30,0.1,27,0.6318952249976044,18.956856749928132,18.956856749928132,False
erdos_renyi,30,0.1,28,0.6316779324105055,18.950337972315165,18.950337972315165,False
erdos_renyi,30,0.1,29,0.6315152857958249,18.94545857387475,18.94545857387475,False
erdos_renyi,30,0.3,0,0.5459423976281776,16.37827192884533,16.37827192884533,False
erdos_renyi,30,0.3,1,0.5450825220889222,16.352475662667665,16.352475662667665,False
erdos_renyi,30,0.3,2,0.5458353591479268,16.375060774437806,16.375060774437806,False
erdos_renyi,30,0.3,3,0.5451413099092262,16.354239297276784,16.354239297276784,False
erdos_renyi,30,0.3,4,0.5453710774795988,16.361132324387963,16.361132324387963,False
erdos_renyi,30,0.3,5,0.5452705099293931,16.358115297881792,16.358115297881792,False
erdos_renyi,30,0.3,6,0.5462414732791084,16.387244198373253,16.387244198373253,False
erdos_renyi,30,0.3,7,0.5459503262792328,16.378509788376984,16.378509788376984,False
erdos_renyi,30,0.3,8,0.5455188010813957,16.36556403244187,16.36556403244187,False
erdos_renyi,30,0.3,9,0.5456503323817478,16.369509971452434,16.369509971452434,False
erdos_renyi,30,0.3,10,0.5454646200921922,16.363938602765767,16.363938602765767,False
erdos_renyi,30,0.3,11,0.5456958321804819,16.37087496541446,16.37087496541446,False
erdos_renyi,30,0.3,12,0.545566958756136,16.36700876268408,16.36700876268408,False
erdos_renyi,30,0.3,13,0.5458169773593117,16.37450932077935,16.37450932077935,False
erdos_renyi,30,0.3,14,0.545405497225397,16.36216491676191,16.36216491676191,False
erdos_renyi,30,0.3,15,0.5455862579521904,16.36758773856571,16.36758773856571,False
erdos_renyi,30,0.3,16,0.545536184550512,16.36608553651536,16.36608553651536,False
erdos_renyi,30,0.3,17,0.5453312105277142,16.359936315831426,16.359936315831426,False
erdos_renyi,30,0.3,18,0.5457479354545061,16.372438063635183,16.372438063635183,False
erdos_renyi,30,0.3,19,0.5457978685139919,16.373936055419758,16.373936055419758,False
erdos_renyi,30,0.3,20,0.5455729495008386,16.367188485025157,16.367188485025157,False
erdos_renyi,30,0.3,21,0.5456658905632751,16.369976716898254,16.369976716898254,False
erdos_renyi,30,0.3,22,0.5456763599261817,16.37029079778545,16.37029079778545,False
erdos_renyi,30,0.3,23,0.5459379658151794,16.378138974455382,16.378138974455382,False
erdos_renyi,30,0.3,24,0.5454120297922062,16.362360893766184,16.362360893766184,False
erdos_renyi,30,0.3,25,0.5451017990972855,16.353053972918566,16.353053972918566,False
erdos_renyi,30,0.3,26,0.54528074267774,16.3584222803322,16.3584222803322,False
erdos_renyi,30,0.3,27,0.5453101942003223,16.35930582600967,16.35930582600967,False
erdos_renyi,30,0.3,28,0.5453781344320949,16.361344032962847,16.361344032962847,False
erdos_renyi,30,0.3,29,0.5455434411099015,16.366303233297046,16.366303233297046,False
erdos_renyi,30,0.5,0,0.4380690636450797,13.14207190935239,13.14207190935239,False
erdos_renyi,30,0.5,1,0.4383161909026987,13.149485727080961,13.149485727080961,False
erdos_renyi,30,0.5,2,0.4376922168356512,13.130766505069536,13.130766505069536,False
erdos_renyi,30,0.5,3,0.4383627119929705,13.150881359789114,13.150881359789114,False
erdos_renyi,30,0.5,4,0.43806547755972003,13.141964326791602,13.141964326791602,False
erdos_renyi,30,0.5,5,0.43797398407670984,13.139219522301296,13.139219522301296,False
erdos_renyi,30,0.5,6,0.4379067601563885,13.137202804691656,13.137202804691656,False
erdos_renyi,30,0.5,7,0.43828724147314924,13.148617244194478,13.148617244194478,False
erdos_renyi,30,0.5,8,0.437983488105411,13.13950464316233,13.13950464316233,False
erdos_renyi,30,0.5,9,0.4380567707014559,13.141703121043676,13.141703121043676,False
erdos_renyi,30,0.5,10,0.43774726777970574,13.132418033391172,13.132418033391172,False
erdos_renyi,30,0.5,11,0.4378898568492072,13.136695705476217,13.136695705476217,False
erdos_renyi,30,0.5,12,0.4377823807419059,13.133471422257177,13.133471422257177,False
erdos_renyi,30,0.5,13,0.4380356229141562,13.141068687424687,13.141068687424687,False
erdos_renyi,30,0.5,14,0.4381726546900522,13.145179640701565,13.145179640701565,False
erdos_renyi,30,0.5,15,0.43812648466114024,13.143794539834207,13.143794539834207,False
erdos_renyi,30,0.5,16,0.4380851467851371,13.142554403554113,13.142554403554113,False
erdos_renyi,30,0.5,17,0.43773163703238893,13.131949110971668,13.131949110971668,False
erdos_renyi,30,0.5,18,0.43811660649851114,13.143498194955335,13.143498194955335,False
erdos_renyi,30,0.5,19,0.43788197108392724,13.136459132517817,13.136459132517817,False
erdos_renyi,30,0.5,20,0.4381204153965048,13.143612461895145,13.143612461895145,False
erdos_renyi,30,0.5,21,0.43824662328291575,13.147398698487473,13.147398698487473,False
erdos_renyi,30,0.5,22,0.4382178630557998,13.146535891673993,13.146535891673993,False
erdos_renyi,30,0.5,23,0.43795991933562606,13.138797580068783,13.138797580068783,False
erdos_renyi,30,0.5,24,0.43775877597132096,13.13276327913963,13.13276327913963,False
erdos_renyi,30,0.5,25,0.43818436006292005,13.145530801887602,13.145530801887602,False
erdos_renyi,30,0.5,26,0.4382467870763217,13.14740361228965,13.14740361228965,False
erdos_renyi,30,0.5,27,0.43809090553553554,13.142727166066067,13.142727166066067,False
erdos_renyi,30,0.5,28,0.43819241266545894,13.145772379963768,13.145772379963768,False
erdos_renyi,30,0.5,29,0.43833368721455324,13.150010616436598,13.150010616436598,False
erdos_renyi,30,0.7,0,0.3002520781116167,9.0075623433485,9.0075623433485,False
erdos_renyi,30,0.7,1,0.3002504717935891,9.007514153807673,9.007514153807673,False
erdos_renyi,30,0.7,2,0.3000445866349898,9.001337599049693,9.001337599049693,False
erdos_renyi,30,0.7,3,0.3000854638641922,9.002563915925766,9.002563915925766,False
erdos_renyi,30,0.7,4,0.30006665786517617,9.001999735955286,9.001999735955286,False
erdos_renyi,30,0.7,5,0.3001609599617525,9.004828798852575,9.004828798852575,False
erdos_renyi,30,0.7,6,0.3002406658494201,9.007219975482602,9.007219975482602,False
erdos_renyi,30,0.7,7,0.3002894091274524,9.008682273823572,9.008682273823572,False
erdos_renyi,30,0.7,8,0.30018116621509117,9.005434986452736,9.005434986452736,False
erdos_renyi,30,0.7,9,0.300030064483789,9.00090193451367,9.00090193451367,False
erdos_renyi,30,0.7,10,0.2999122786918834,8.997368360756502,8.997368360756502,False
erdos_renyi,30,0.7,11,0.30021086881055026,9.006326064316507,9.006326064316507,False
erdos_renyi,30,0.7,12,0.3003197690776358,9.009593072329075,9.009593072329075,False
erdos_renyi,30,0.7,13,0.3001000520068845,9.003001560206535,9.003001560206535,False
erdos_renyi,30,0.7,14,0.3003294514458902,9.009883543376706,9.009883543376706,False
erdos_renyi,30,0.7,15,0.3002530945635159,9.007592836905477,9.007592836905477,False
erdos_renyi,30,0.7,16,0.3000030215206747,9.000090645620242,9.000090645620242,False
erdos_renyi,30,0.7,17,0.30033427770682475,9.010028331204742,9.010028331204742,False
erdos_renyi,30,0.7,18,0.30025361196899203,9.00760835906976,9.00760835906976,False
erdos_renyi,30,0.7,19,0.30022051422549834,9.00661542676495,9.00661542676495,False
erdos_renyi,30,0.7,20,0.3002377978873847,9.00713393662154,9.00713393662154,False
erdos_renyi,30,0.7,21,0.30028108492712524,9.008432547813758,9.008432547813758,False
erdos_renyi,30,0.7,22,0.3003070068470691,9.009210205412074,9.009210205412074,False
erdos_renyi,30,0.7,23,0.3002956146008581,9.008868438025742,9.008868438025742,False
erdos_renyi,30,0.7,24,0.29990904158648546,8.997271247594563,8.997271247594563,False
erdos_renyi,30,0.7,25,0.30025399742117775,9.007619922635332,9.007619922635332,False
erdos_renyi,30,0.7,26,0.29999151025076387,8.999745307522916,8.999745307522916,False
erdos_renyi,30,0.7,27,0.30032247009851576,9.009674102955472,9.009674102955472,False
erdos_renyi,30,0.7,28,0.3002476279669165,9.007428839007495,9.007428839007495,False
erdos_renyi,30,0.7,29,0.300304979504577,9.009149385137311,9.009149385137311,False
erdos_renyi,30,0.9,0,0.11669702658045622,3.5009107974136864,3.5009107974136864,False
erdos_renyi,30,0.9,1,0.11670480370237835,3.5011441110713504,3.5011441110713504,False
erdos_renyi,30,0.9,2,0.11669672758522232,3.5009018275566692,3.5009018275566692,False
erdos_renyi,30,0.9,3,0.11669491996743186,3.500847599022956,3.500847599022956,False
erdos_renyi,30,0.9,4,0.11670364264864752,3.501109279459426,3.501109279459426,False
erdos_renyi,30,0.9,5,0.11670232728658114,3.5010698185974345,3.5010698185974345,False
erdos_renyi,30,0.9,6,0.11669379770715071,3.5008139312145214,3.5008139312145214,False
erdos_renyi,30,0.9,7,0.11670046671548695,3.5010140014646085,3.5010140014646085,False
erdos_renyi,30,0.9,8,0.1164326766938204,3.492980300814612,3.492980300814612,False
erdos_renyi,30,0.9,9,0.11670072189483782,3.5010216568451344,3.5010216568451344,False
erdos_renyi,30,0.9,10,0.11669156886745835,3.5007470660237505,3.5007470660237505,False
erdos_renyi,30,0.9,11,0.11669550258480643,3.500865077544193,3.500865077544193,False
erdos_renyi,30,0.9,12,0.11669117828391173,3.500735348517352,3.500735348517352,False
erdos_renyi,30,0.9,13,0.11669289240877612,3.5007867722632833,3.5007867722632833,False
erdos_renyi,30,0.9,14,0.11669475637206006,3.500842691161802,3.500842691161802,False
erdos_renyi,30,0.9,15,0.11668526900059939,3.5005580700179815,3.5005580700179815,False
erdos_renyi,30,0.9,16,0.11670678917989752,3.5012036753969253,3.5012036753969253,False
erdos_renyi,30,0.9,17,0.11670316905127576,3.5010950715382725,3.5010950715382725,False
erdos_renyi,30,0.9,18,0.11669816749123774,3.500945024737132,3.500945024737132,False
erdos_renyi,30,0.9,19,0.11670055006958413,3.501016502087524,3.501016502087524,False
erdos_renyi,30,0.9,20,0.11668717644537574,3.500615293361272,3.500615293361272,False
erdos_renyi,30,0.9,21,0.11669095531701534,3.50072865951046,3.50072865951046,False
erdos_renyi,30,0.9,22,0.11669571118160038,3.5008713354480117,3.5008713354480117,False
erdos_renyi,30,0.9,23,0.11669612069802482,3.5008836209407446,3.5008836209407446,False
erdos_renyi,30,0.9,24,0.11669256445314424,3.5007769335943273,3.5007769335943273,False
erdos_renyi,30,0.9,25,0.11671510713188138,3.5014532139564416,3.5014532139564416,False
erdos_renyi,30,0.9,26,0.11669457420504503,3.5008372261513507,3.5008372261513507,False
erdos_renyi,30,0.9,27,0.11670115391299274,3.501034617389782,3.501034617389782,False
erdos_renyi,30,0.9,28,0.11670255202629687,3.5010765607889063,3.5010765607889063,False
erdos_renyi,30,0.9,29,0.11669269464822651,3.5007808394467954,3.5007808394467954,False
erdos_renyi,30,1.0,0,0.0,0.0,0.0,False
erdos_renyi,30,1.0,1,0.0,0.0,0.0,False
erdos_renyi,30,1.0,2,0.0,0.0,0.0,False
erdos_renyi,30,1.0,3,0.0,0.0,0.0,False
erdos_renyi,30,1.0,4,0.0,0.0,0.0,False
erdos_renyi,30,1.0,5,0.0,0.0,0.0,False
erdos_renyi,30,1.0,6,0.0,0.0,0.0,False
erdos_renyi,30,1.0,7,0.0,0.0,0.0,False
erdos_renyi,30,1.0,8,0.0,0.0,0.0,False
erdos_renyi,30,1.0,9,0.0,0.0,0.0,False
erdos_renyi,30,1.0,10,0.0,0.0,0.0,False
erdos_renyi,30,1.0,11,0.0,0.0,0.0,False
erdos_renyi,30,1.0,12,0.0,0.0,0.0,False
erdos_renyi,30,1.0,13,0.0,0.0,0.0,False
erdos_renyi,30,1.0,14,0.0,0.0,0.0,False
erdos_renyi,30,1.0,15,0.0,0.0,0.0,False
erdos_renyi,30,1.0,16,0.0,0.0,0.0,False
erdos_renyi,30,1.0,17,0.0,0.0,0.0,False
erdos_renyi,30,1.0,18,0.0,0.0,0.0,False
erdos_renyi,30,1.0,19,0.0,0.0,0.0,False
erdos_renyi,30,1.0,20,0.0,0.0,0.0,False
erdos_renyi,30,1.0,21,0.0,0.0,0.0,False
erdos_renyi,30,1.0,22,0.0,0.0,0.0,False
erdos_renyi,30,1.0,23,0.0,0.0,0.0,False
erdos_renyi,30,1.0,24,0.0,0.0,0.0,False
erdos_renyi,30,1.0,25,0.0,0.0,0.0,False
erdos_renyi,30,1.0,26,0.0,0.0,0.0,False
erdos_renyi,30,1.0,27,0.0,0.0,0.0,False
erdos_renyi,30,1.0,28,0.0,0.0,0.0,False
erdos_renyi,30,1.0,29,0.0,0.0,0.0,False
erdos_renyi,100,0.0,0,0.6320913665137016,63.20913665137016,63.20913665137016,True
erdos_renyi,100,0.0,1,0.6323033704989356,63.230337049893556,63.230337049893556,True
erdos_renyi,100,0.0,2,0.6320402216794209,63.204022167942085,63.204022167942085,True
erdos_renyi,100,0.0,3,0.6321272114384804,63.212721143848036,63.212721143848036,True
erdos_renyi,100,0.0,4,0.6316802951348319,63.16802951348319,63.16802951348319,True
erdos_renyi,100,0.0,5,0.6322792573664984,63.22792573664984,63.22792573664984,True
erdos_renyi,100,0.0,6,0.6315338359322908,63.15338359322909,63.15338359322909,True
erdos_renyi,100,0.0,7,0.631828699461392,63.1828699461392,63.1828699461392,True
erdos_renyi,100,0.0,8,0.6316348961895757,63.16348961895757,63.16348961895757,True
erdos_renyi,100,0.0,9,0.6319622784707342,63.196227847073416,63.196227847073416,True
erdos_renyi,100,0.0,10,0.632139247538053,63.213924753805294,63.213924753805294,True
erdos_renyi,100,0.0,11,0.6315878321478765,63.15878321478765,63.15878321478765,True
erdos_renyi,100,0.0,12,0.631781145637665,63.1781145637665,63.1781145637665,True
erdos_renyi,100,0.0,13,0.6314777802340839,63.147778023408385,63.147778023408385,True
erdos_renyi,100,0.0,14,0.6319532363736553,63.19532363736553,63.19532363736553,True
erdos_renyi,100,0.0,15,0.6317765932209994,63.17765932209994,63.17765932209994,True
erdos_renyi,100,0.0,16,0.6321648297681759,63.21648297681759,63.21648297681759,True
erdos_renyi,100,0.0,17,0.6321571718458288,63.21571718458288,63.21571718458288,True
erdos_renyi,100,0.0,18,0.6321422039530125,63.21422039530125,63.21422039530125,True
erdos_renyi,100,0.0,19,0.6326982083038503,63.26982083038503,63.26982083038503,True
erdos_renyi,100,0.0,20,0.6318452129932475,63.18452129932475,63.18452129932475,True
erdos_renyi,100,0.0,21,0.6319730252244511,63.197302522445106,63.197302522445106,True
erdos_renyi,100,0.0,22,0.632511320039739,63.2511320039739,63.2511320039739,True
erdos_renyi,100,0.0,23,0.631899284978299,63.1899284978299,63.1899284978299,True
erdos_renyi,100,0.0,24,0.6323758409320526,63.23758409320526,63.23758409320526,True
erdos_renyi,100,0.0,25,0.6316617837887855,63.16617837887855,63.16617837887855,True
erdos_renyi,100,0.0,26,0.6323583819707314,63.235838197073136,63.235838197073136,True
erdos_renyi,100,0.0,27,0.6326390612344994,63.26390612344994,63.26390612344994,True
erdos_renyi,100,0.0,28,0.6313631416850451,63.13631416850451,63.13631416850451,True
erdos_renyi,100,0.0,29,0.6317213233067496,63.172132330674955,63.172132330674955,True
erdos_renyi,100,0.1,0,0.6320264066927516,63.202640669275155,63.202640669275155,True
erdos_renyi,100,0.1,1,0.6312733840016966,63.12733840016966,63.12733840016966,True
erdos_renyi,100,0.1,2,0.6320905891760183,63.20905891760184,63.20905891760184,True
erdos_renyi,100,0.1,3,0.6323504370496094,63.23504370496094,63.23504370496094,True
erdos_renyi,100,0.1,4,0.6319051346241447,63.190513462414465,63.190513462414465,True
erdos_renyi,100,0.1,5,0.63200310641699,63.200310641699,63.200310641699,True
erdos_renyi,100,0.1,6,0.6317997376184561,63.17997376184561,63.17997376184561,True
erdos_renyi,100,0.1,7,0.6315005714937747,63.15005714937747,63.15005714937747,True
erdos_renyi,100,0.1,8,0.6314728430318474,63.14728430318473,63.14728430318473,True
erdos_renyi,100,0.1,9,0.6317282592803388,63.17282592803388,63.17282592803388,True
erdos_renyi,100,0.1,10,0.631356499210128,63.135649921012806,63.135649921012806,True
erdos_renyi,100,0.1,11,0.6314463664114702,63.144636641147024,63.144636641147024,True
erdos_renyi,100,0.1,12,0.6316557793941509,63.16557793941509,63.16557793941509,True
erdos_renyi,100,0.1,13,0.6320398881088521,63.203988810885214,63.203988810885214,True
erdos_renyi,100,0.1,14,0.6317701602587731,63.17701602587731,63.17701602587731,True
erdos_renyi,100,0.1,15,0.6311865676729354,63.11865676729354,63.11865676729354,True
erdos_renyi,100,0.1,16,0.6318601019908868,63.186010199088685,63.186010199088685,True
erdos_renyi,100,0.1,17,0.6317259031110276,63.17259031110276,63.17259031110276,True
erdos_renyi,100,0.1,18,0.6317316151732543,63.173161517325426,63.173161517325426,True
erdos_renyi,100,0.1,19,0.6311171864536349,63.11171864536349,63.11171864536349,True
erdos_renyi,100,0.1,20,0.6316351384512623,63.16351384512623,63.16351384512623,True
erdos_renyi,100,0.1,21,0.6312524850459175,63.125248504591745,63.125248504591745,True
erdos_renyi,100,0.1,22,0.6318068923334217,63.18068923334217,63.18068923334217,True
erdos_renyi,100,0.1,23,0.6316464511991239,63.164645119912386,63.164645119912386,True
erdos_renyi,100,0.1,24,0.6316869890584913,63.168698905849126,63.168698905849126,True
erdos_renyi,100,0.1,25,0.6318050004974959,63.18050004974959,63.18050004974959,True
erdos_renyi,100,0.1,26,0.6317888416361679,63.178884163616786,63.178884163616786,True
erdos_renyi,100,0.1,27,0.6318631923659181,63.186319236591814,63.186319236591814,True
erdos_renyi,100,0.1,28,0.6316779162920068,63.16779162920068,63.16779162920068,True
erdos_renyi,100,0.1,29,0.631870538146857,63.1870538146857,63.1870538146857,True
erdos_renyi,100,0.3,0,0.5459443283672254,54.59443283672254,54.59443283672254,True
erdos_renyi,100,0.3,1,0.5454996151495477,54.549961514954774,54.549961514954774,True
erdos_renyi,100,0.3,2,0.5458945173642362,54.58945173642362,54.58945173642362,True
erdos_renyi,100,0.3,3,0.5457262883377292,54.57262883377292,54.57262883377292,True
erdos_renyi,100,0.3,4,0.5453443763448491,54.53443763448491,54.53443763448491,True
erdos_renyi,100,0.3,5,0.5458281377473984,54.58281377473983,54.58281377473983,True
erdos_renyi,100,0.3,6,0.5455280977730907,54.55280977730907,54.55280977730907,True
erdos_renyi,100,0.3,7,0.5456965745460425,54.56965745460425,54.56965745460425,True
erdos_renyi,100,0.3,8,0.5456674281106855,54.56674281106855,54.56674281106855,True
erdos_renyi,100,0.3,9,0.545959518231434,54.595951823143395,54.595951823143395,True
erdos_renyi,100,0.3,10,0.5457184466021632,54.571844660216314,54.571844660216314,True
erdos_renyi,100,0.3,11,0.5457692703212975,54.57692703212975,54.57692703212975,True
erdos_renyi,100,0.3,12,0.5457828413226775,54.578284132267754,54.578284132267754,True
erdos_renyi,100,0.3,13,0.54537814982541,54.537814982541,54.537814982541,True
erdos_renyi,100,0.3,14,0.5457710183282548,54.577101832825484,54.577101832825484,True
erdos_renyi,100,0.3,15,0.5454552910792416,54.54552910792416,54.54552910792416,True
erdos_renyi,100,0.3,16,0.5458578644916621,54.58578644916621,54.58578644916621,True
erdos_renyi,100,0.3,17,0.5455972498381263,54.55972498381263,54.55972498381263,True
erdos_renyi,100,0.3,18,0.5454725259985225,54.54725259985225,54.54725259985225,True
erdos_renyi,100,0.3,19,0.5453422213641872,54.53422213641872,54.53422213641872,True
erdos_renyi,100,0.3,20,0.5457463594076923,54.574635940769234,54.574635940769234,True
erdos_renyi,100,0.3,21,0.5455426400767813,54.554264007678135,54.554264007678135,True
erdos_renyi,100,0.3,22,0.5458488970747759,54.58488970747759,54.58488970747759,True
erdos_renyi,100,0.3,23,0.54552229157251,54.552229157251,54.552229157251,True
erdos_renyi,100,0.3,24,0.5457320298152373,54.57320298152373,54.57320298152373,True
erdos_renyi,100,0.3,25,0.5453978161626072,54.53978161626072,54.53978161626072,True
erdos_renyi,100,0.3,26,0.5457233026677875,54.57233026677875,54.57233026677875,True
erdos_renyi,100,0.3,27,0.5456221654124347,54.56221654124347,54.56221654124347,True
erdos_renyi,100,0.3,28,0.5452413708779553,54.52413708779553,54.52413708779553,True
erdos_renyi,100,0.3,29,0.5455049608848856,54.550496088488565,54.550496088488565,True
erdos_renyi,100,0.5,0,0.43819502123657195,43.819502123657195,43.819502123657195,True
erdos_renyi,100,0.5,1,0.43808858877803003,43.808858877803004,43.808858877803004,True
erdos_renyi,100,0.5,2,0.43802293717927676,43.802293717927675,43.802293717927675,True
erdos_renyi,100,0.5,3,0.43816367014236,43.816367014236,43.816367014236,True
erdos_renyi,100,0.5,4,0.4380733344348975,43.807333443489746,43.807333443489746,True
erdos_renyi,100,0.5,5,0.43772638243784767,43.77263824378477,43.77263824378477,True
erdos_renyi,100,0.5,6,0.43788589818258816,43.788589818258814,43.788589818258814,True
erdos_renyi,100,0.5,7,0.43790329740103207,43.7903297401032,43.7903297401032,True
erdos_renyi,100,0.5,8,0.43812130995599596,43.812130995599595,43.812130995599595,True
erdos_renyi,100,0.5,9,0.4380806986476553,43.80806986476553,43.80806986476553,True
erdos_renyi,100,0.5,10,0.4382534242051137,43.82534242051137,43.82534242051137,True
erdos_renyi,100,0.5,11,0.4377749230767062,43.77749230767062,43.77749230767062,True
erdos_renyi,100,0.5,12,0.4380211627626517,43.80211627626517,43.80211627626517,True
erdos_renyi,100,0.5,13,0.43804623216834326,43.80462321683433,43.80462321683433,True
erdos_renyi,100,0.5,14,0.4381473288434383,43.81473288434383,43.81473288434383,True
erdos_renyi,100,0.5,15,0.438253204443529,43.8253204443529,43.8253204443529,True
erdos_renyi,100,0.5,16,0.4382574062242869,43.82574062242869,43.82574062242869,True
erdos_renyi,100,0.5,17,0.43821735187752053,43.821735187752054,43.821735187752054,True
erdos_renyi,100,0.5,18,0.43806969769477133,43.806969769477135,43.806969769477135,True
erdos_renyi,100,0.5,19,0.43810714897120495,43.8107148971205,43.8107148971205,True
erdos_renyi,100,0.5,20,0.4378899174835307,43.78899174835307,43.78899174835307,True
erdos_renyi,100,0.5,21,0.4380992673476457,43.80992673476457,43.80992673476457,True
erdos_renyi,100,0.5,22,0.4380538075134337,43.80538075134337,43.80538075134337,True
erdos_renyi,100,0.5,23,0.4380867004140865,43.80867004140865,43.80867004140865,True
erdos_renyi,100,0.5,24,0.4380771126731142,43.80771126731142,43.80771126731142,True
erdos_renyi,100,0.5,25,0.43803695339522686,43.80369533952268,43.80369533952268,True
erdos_renyi,100,0.5,26,0.43799078376937683,43.799078376937686,43.799078376937686,True
erdos_renyi,100,0.5,27,0.4381855698425443,43.81855698425443,43.81855698425443,True
erdos_renyi,100,0.5,28,0.4382321501626625,43.823215016266246,43.823215016266246,True
erdos_renyi,100,0.5,29,0.4381900917093915,43.81900917093915,43.81900917093915,True
erdos_renyi,100,0.7,0,0.2999339232448689,29.99339232448689,29.99339232448689,True
erdos_renyi,100,0.7,1,0.29999238952552343,29.999238952552343,29.999238952552343,True
erdos_renyi,100,0.7,2,0.3002224884846859,30.022248848468593,30.022248848468593,True
erdos_renyi,100,0.7,3,0.3001876308301802,30.01876308301802,30.01876308301802,True
erdos_renyi,100,0.7,4,0.3001704474542717,30.017044745427167,30.017044745427167,True
erdos_renyi,100,0.7,5,0.30025686279864694,30.025686279864694,30.025686279864694,True
erdos_renyi,100,0.7,6,0.30020275277793196,30.020275277793196,30.020275277793196,True
erdos_renyi,100,0.7,7,0.3002303154199393,30.023031541993927,30.023031541993927,True
erdos_renyi,100,0.7,8,0.3001847378881166,30.01847378881166,30.01847378881166,True
erdos_renyi,100,0.7,9,0.30011735054373234,30.011735054373233,30.011735054373233,True
erdos_renyi,100,0.7,10,0.3000162934533849,30.001629345338486,30.001629345338486,True
erdos_renyi,100,0.7,11,0.3000969442906851,30.00969442906851,30.00969442906851,True
erdos_renyi,100,0.7,12,0.3001295001368316,30.01295001368316,30.01295001368316,True
erdos_renyi,100,0.7,13,0.3000698297562231,30.00698297562231,30.00698297562231,True
erdos_renyi,100,0.7,14,0.3002002437385557,30.02002437385557,30.02002437385557,True
erdos_renyi,100,0.7,15,0.3001411058844239,30.01411058844239,30.01411058844239,True
erdos_renyi,100,0.7,16,0.30011020136281774,30.011020136281775,30.011020136281775,True
erdos_renyi,100,0.7,17,0.3001463005639595,30.01463005639595,30.01463005639595,True
erdos_renyi,100,0.7,18,0.3002207186814452,30.02207186814452,30.02207186814452,True
erdos_renyi,100,0.7,19,0.3001676791610218,30.016767916102182,30.016767916102182,True
erdos_renyi,100,0.7,20,0.30007359018746704,30.007359018746705,30.007359018746705,True
erdos_renyi,100,0.7,21,0.30026730872375496,30.026730872375495,30.026730872375495,True
erdos_renyi,100,0.7,22,0.3002202224869408,30.02202224869408,30.02202224869408,True
erdos_renyi,100,0.7,23,0.30012286121840814,30.012286121840816,30.012286121840816,True
erdos_renyi,100,0.7,24,0.30026607086029444,30.026607086029443,30.026607086029443,True
erdos_renyi,100,0.7,25,0.30034322170952454,30.034322170952453,30.034322170952453,True
erdos_renyi,100,0.7,26,0.3000286779697414,30.002867796974144,30.002867796974144,True
erdos_renyi,100,0.7,27,0.30017697338780946,30.01769733878095,30.01769733878095,True
erdos_renyi,100,0.7,28,0.30014577992404323,30.014577992404323,30.014577992404323,True
erdos_renyi,100,0.7,29,0.3001688711316164,30.016887113161637,30.016887113161637,True
erdos_renyi,100,0.9,0,0.11669202020644887,11.669202020644887,11.669202020644887,True
erdos_renyi,100,0.9,1,0.11670272392951897,11.670272392951897,11.670272392951897,True
erdos_renyi,100,0.9,2,0.11669764284076267,11.669764284076267,11.669764284076267,True
erdos_renyi,100,0.9,3,0.11669303303847856,11.669303303847855,11.669303303847855,True
erdos_renyi,100,0.9,4,0.11659830144283767,11.659830144283767,11.659830144283767,True
erdos_renyi,100,0.9,5,0.11669566971403578,11.669566971403578,11.669566971403578,True
erdos_renyi,100,0.9,6,0.1166969441743484,11.66969441743484,11.66969441743484,True
erdos_renyi,100,0.9,7,0.11670134235369933,11.670134235369932,11.670134235369932,True
erdos_renyi,100,0.9,8,0.11669306883591157,11.669306883591158,11.669306883591158,True
erdos_renyi,100,0.9,9,0.11669740128202744,11.669740128202744,11.669740128202744,True
erdos_renyi,100,0.9,10,0.11669635875658135,11.669635875658136,11.669635875658136,True
erdos_renyi,100,0.9,11,0.11669542225068763,11.669542225068763,11.669542225068763,True
erdos_renyi,100,0.9,12,0.11670026850731152,11.670026850731151,11.670026850731151,True
erdos_renyi,100,0.9,13,0.1166973678852622,11.669736788526219,11.669736788526219,True
erdos_renyi,100,0.9,14,0.11669301839305768,11.669301839305767,11.669301839305767,True
erdos_renyi,100,0.9,15,0.11670167592783864,11.670167592783864,11.670167592783864,True
erdos_renyi,100,0.9,16,0.11659609520968617,11.659609520968617,11.659609520968617,True
erdos_renyi,100,0.9,17,0.11669613322910866,11.669613322910866,11.669613322910866,True
erdos_renyi,100,0.9,18,0.11668824776997433,11.668824776997432,11.668824776997432,True
erdos_renyi,100,0.9,19,0.11669927145892411,11.669927145892412,11.669927145892412,True
erdos_renyi,100,0.9,20,0.11669139686876928,11.669139686876928,11.669139686876928,True
erdos_renyi,100,0.9,21,0.11669923437138074,11.669923437138074,11.669923437138074,True
erdos_renyi,100,0.9,22,0.1166982741778102,11.66982741778102,11.66982741778102,True
erdos_renyi,100,0.9,23,0.11669375262650261,11.669375262650261,11.669375262650261,True
erdos_renyi,100,0.9,24,0.11669122455444392,11.669122455444391,11.669122455444391,True
erdos_renyi,100,0.9,25,0.11669804863049593,11.669804863049594,11.669804863049594,True
erdos_renyi,100,0.9,26,0.11668780548165825,11.668780548165824,11.668780548165824,True
erdos_renyi,100,0.9,27,0.11669858787068199,11.669858787068199,11.669858787068199,True
erdos_renyi,100,0.9,28,0.11660245783751544,11.660245783751543,11.660245783751543,True
erdos_renyi,100,0.9,29,0.11669273970909433,11.669273970909433,11.669273970909433,True
erdos_renyi,100,1.0,0,0.0,0.0,0.0,True
erdos_renyi,100,1.0,1,0.0,0.0,0.0,True
erdos_renyi,100,1.0,2,0.0,0.0,0.0,True
erdos_renyi,100,1.0,3,0.0,0.0,0.0,True
erdos_renyi,100,1.0,4,0.0,0.0,0.0,True
erdos_renyi,100,1.0,5,0.0,0.0,0.0,True
erdos_renyi,100,1.0,6,0.0,0.0,0.0,True
erdos_renyi,100,1.0,7,0.0,0.0,0.0,True
erdos_renyi,100,1.0,8,0.0,0.0,0.0,True
erdos_renyi,100,1.0,9,0.0,0.0,0.0,True
erdos_renyi,100,1.0,10,0.0,0.0,0.0,True
erdos_renyi,100,1.0,11,0.0,0.0,0.0,True
erdos_renyi,100,1.0,12,0.0,0.0,0.0,True
erdos_renyi,100,1.0,13,0.0,0.0,0.0,True
erdos_renyi,100,1.0,14,0.0,0.0,0.0,True
erdos_renyi,100,1.0,15,0.0,0.0,0.0,True
erdos_renyi,100,1.0,16,0.0,0.0,0.0,True
erdos_renyi,100,1.0,17,0.0,0.0,0.0,True
erdos_renyi,100,1.0,18,0.0,0.0,0.0,True
erdos_renyi,100,1.0,19,0.0,0.0,0.0,True
erdos_renyi,100,1.0,20,0.0,0.0,0.0,True
erdos_renyi,100,1.0,21,0.0,0.0,0.0,True
erdos_renyi,100,1.0,22,0.0,0.0,0.0,True
erdos_renyi,100,1.0,23,0.0,0.0,0.0,True
erdos_renyi,100,1.0,24,0.0,0.0,0.0,True
erdos_renyi,100,1.0,25,0.0,0.0,0.0,True
erdos_renyi,100,1.0,26,0.0,0.0,0.0,True
erdos_renyi,100,1.0,27,0.0,0.0,0.0,True
erdos_renyi,100,1.0,28,0.0,0.0,0.0,True
erdos_renyi,100,1.0,29,0.0,0.0,0.0,True
erdos_renyi,300,0.0,0,0.6321005924334773,189.6301777300432,189.6301777300432,True
erdos_renyi,300,0.0,1,0.6319970093826568,189.59910281479705,189.59910281479705,True
erdos_renyi,300,0.0,2,0.6319991455234633,189.59974365703897,189.59974365703897,True
erdos_renyi,300,0.0,3,0.6328354225004215,189.85062675012645,189.85062675012645,True
erdos_renyi,300,0.0,4,0.6316891075227231,189.50673225681695,189.50673225681695,True
erdos_renyi,300,0.0,5,0.6317734406841875,189.53203220525626,189.53203220525626,True
erdos_renyi,300,0.0,6,0.6316556467313459,189.49669401940378,189.49669401940378,True
erdos_renyi,300,0.0,7,0.6321476777603671,189.6443033281101,189.6443033281101,True
erdos_renyi,300,0.0,8,0.631894209332418,189.5682627997254,189.5682627997254,True
erdos_renyi,300,0.0,9,0.6327088948366153,189.8126684509846,189.8126684509846,True
erdos_renyi,300,0.0,10,0.6320857839741886,189.62573519225657,189.62573519225657,True
erdos_renyi,300,0.0,11,0.6324291323630463,189.7287397089139,189.7287397089139,True
erdos_renyi,300,0.0,12,0.6316428290262599,189.49284870787798,189.49284870787798,True
erdos_renyi,300,0.0,13,0.6328999478347241,189.86998435041724,189.86998435041724,True
erdos_renyi,300,0.0,14,0.6318692338262348,189.56077014787044,189.56077014787044,True
erdos_renyi,300,0.0,15,0.6320777403508295,189.62332210524886,189.62332210524886,True
erdos_renyi,300,0.0,16,0.6318657885817986,189.55973657453958,189.55973657453958,True
erdos_renyi,300,0.0,17,0.6321774352537215,189.65323057611644,189.65323057611644,True
erdos_renyi,300,0.0,18,0.6323655207574679,189.70965622724037,189.70965622724037,True
erdos_renyi,300,0.0,19,0.6320305032936933,189.60915098810798,189.60915098810798,True
erdos_renyi,300,0.0,20,0.6321044705263381,189.63134115790143,189.63134115790143,True
erdos_renyi,300,0.0,21,0.6320445288636931,189.61335865910794,189.61335865910794,True
erdos_renyi,300,0.0,22,0.6318205136234897,189.54615408704692,189.54615408704692,True
erdos_renyi,300,0.0,23,0.6324201023771264,189.72603071313793,189.72603071313793,True
erdos_renyi,300,0.0,24,0.63185762226103,189.557286678309,189.557286678309,True
erdos_renyi,300,0.0,25,0.6327393514075801,189.82180542227402,189.82180542227402,True
erdos_renyi,300,0.0,26,0.6319143964148104,189.5743189244431,189.5743189244431,True
erdos_renyi,300,0.0,27,0.6317312648593258,189.51937945779775,189.51937945779775,True
erdos_renyi,300,0.0,28,0.6325074442644372,189.75223327933116,189.75223327933116,True
erdos_renyi,300,0.0,29,0.6318821191171589,189.56463573514765,189.56463573514765,True
erdos_renyi,300,0.1,0,0.6313034545124401,189.39103635373203,189.39103635373203,True
erdos_renyi,300,0.1,1,0.6325520213297289,189.76560639891866,189.76560639891866,True
erdos_renyi,300,0.1,2,0.6313388714044735,189.40166142134206,189.40166142134206,True
erdos_renyi,300,0.1,3,0.6314811305070203,189.44433915210607,189.44433915210607,True
erdos_renyi,300,0.1,4,0.6317768048849661,189.53304146548984,189.53304146548984,True
erdos_renyi,300,0.1,5,0.6321323082279151,189.63969246837453,189.63969246837453,True
erdos_renyi,300,0.1,6,0.6317971057665525,189.53913172996573,189.53913172996573,True
erdos_renyi,300,0.1,7,0.6316844980217641,189.50534940652923,189.50534940652923,True
erdos_renyi,300,0.1,8,0.6322613725550483,189.6784117665145,189.6784117665145,True
erdos_renyi,300,0.1,9,0.6321078868992882,189.63236606978646,189.63236606978646,True
erdos_renyi,300,0.1,10,0.6315340596260172,189.46021788780516,189.46021788780516,True
erdos_renyi,300,0.1,11,0.6318042671089223,189.54128013267672,189.54128013267672,True
erdos_renyi,300,0.1,12,0.6322775730867332,189.68327192601996,189.68327192601996,True
erdos_renyi,300,0.1,13,0.6317546635084546,189.52639905253636,189.52639905253636,True
erdos_renyi,300,0.1,14,0.6319070367800554,189.57211103401664,189.57211103401664,True
erdos_renyi,300,0.1,15,0.6315496221053265,189.46488663159795,189.46488663159795,True
erdos_renyi,300,0.1,16,0.6319068761653289,189.57206284959867,189.57206284959867,True
erdos_renyi,300,0.1,17,0.6319644889710361,189.58934669131082,189.58934669131082,True
erdos_renyi,300,0.1,18,0.631361970500181,189.4085911500543,189.4085911500543,True
erdos_renyi,300,0.1,19,0.6311315673439246,189.33947020317737,189.33947020317737,True
erdos_renyi,300,0.1,20,0.6315578193988396,189.46734581965188,189.46734581965188,True
erdos_renyi,300,0.1,21,0.631851145688191,189.5553437064573,189.5553437064573,True
erdos_renyi,300,0.1,22,0.6320012699987652,189.60038099962955,189.60038099962955,True
erdos_renyi,300,0.1,23,0.6314719403224331,189.44158209672995,189.44158209672995,True
erdos_renyi,300,0.1,24,0.6317357403453134,189.52072210359404,189.52072210359404,True
erdos_renyi,300,0.1,25,0.6317475093691183,189.52425281073548,189.52425281073548,True
erdos_renyi,300,0.1,26,0.6314496394742681,189.43489184228045,189.43489184228045,True
erdos_renyi,300,0.1,27,0.6312648122224189,189.37944366672568,189.37944366672568,True
erdos_renyi,300,0.1,28,0.6321341185023175,189.64023555069525,189.64023555069525,True
erdos_renyi,300,0.1,29,0.6317480907884179,189.52442723652536,189.52442723652536,True
erdos_renyi,300,0.3,0,0.5453679388417647,163.6103816525294,163.6103816525294,True
erdos_renyi,300,0.3,1,0.5454547085547653,163.63641256642958,163.63641256642958,True
erdos_renyi,300,0.3,2,0.5449266210800028,163.47798632400082,163.47798632400082,True
erdos_renyi,300,0.3,3,0.5457040258852339,163.71120776557018,163.71120776557018,True
erdos_renyi,300,0.3,4,0.5453902165523145,163.61706496569434,163.61706496569434,True
erdos_renyi,300,0.3,5,0.5456055844822558,163.68167534467673,163.68167534467673,True
erdos_renyi,300,0.3,6,0.5452875041322794,163.58625123968383,163.58625123968383,True
erdos_renyi,300,0.3,7,0.5454619458319454,163.63858374958363,163.63858374958363,True
erdos_renyi,300,0.3,8,0.5453781261121385,163.61343783364157,163.61343783364157,True
erdos_renyi,300,0.3,9,0.54511209448182,163.533628344546,163.533628344546,True
erdos_renyi,300,0.3,10,0.5457310089998229,163.71930269994687,163.71930269994687,True
erdos_renyi,300,0.3,11,0.5453261147187667,163.59783441563002,163.59783441563002,True
erdos_renyi,300,0.3,12,0.5458976309391672,163.76928928175016,163.76928928175016,True
erdos_renyi,300,0.3,13,0.545521357287938,163.65640718638141,163.65640718638141,True
erdos_renyi,300,0.3,14,0.5451218760376272,163.53656281128815,163.53656281128815,True
erdos_renyi,300,0.3,15,0.545270585915914,163.5811757747742,163.5811757747742,True
erdos_renyi,300,0.3,16,0.5453812448182809,163.61437344548426,163.61437344548426,True
erdos_renyi,300,0.3,17,0.5452931147558944,163.5879344267683,163.5879344267683,True
erdos_renyi,300,0.3,18,0.5458158183749098,163.74474551247295,163.74474551247295,True
erdos_renyi,300,0.3,19,0.5455717215994196,163.67151647982587,163.67151647982587,True
erdos_renyi,300,0.3,20,0.5461982339034925,163.85947017104775,163.85947017104775,True
erdos_renyi,300,0.3,21,0.5455327732107419,163.65983196322256,163.65983196322256,True
erdos_renyi,300,0.3,22,0.5454879572962511,163.64638718887534,163.64638718887534,True
erdos_renyi,300,0.3,23,0.5457589117199655,163.72767351598964,163.72767351598964,True
erdos_renyi,300,0.3,24,0.545322546577478,163.5967639732434,163.5967639732434,True
erdos_renyi,300,0.3,25,0.5456662929979504,163.69988789938515,163.69988789938515,True
erdos_renyi,300,0.3,26,0.5455409269515754,163.66227808547262,163.66227808547262,True
erdos_renyi,300,0.3,27,0.5457451868037821,163.72355604113466,163.72355604113466,True
erdos_renyi,300,0.3,28,0.545868861558211,163.76065846746332,163.76065846746332,True
erdos_renyi,300,0.3,29,0.5457891698348255,163.73675095044766,163.73675095044766,True
erdos_renyi,300,0.5,0,0.43824608567651147,131.47382570295343,131.47382570295343,True
erdos_renyi,300,0.5,1,0.43801351572934455,131.40405471880337,131.40405471880337,True
erdos_renyi,300,0.5,2,0.43797678722993705,131.39303616898113,131.39303616898113,True
erdos_renyi,300,0.5,3,0.43826326130388704,131.47897839116612,131.47897839116612,True
erdos_renyi,300,0.5,4,0.4380969256733347,131.4290777020004,131.4290777020004,True
erdos_renyi,300,0.5,5,0.43812564705471824,131.43769411641546,131.43769411641546,True
erdos_renyi,300,0.5,6,0.43816959138553413,131.45087741566024,131.45087741566024,True
erdos_renyi,300,0.5,7,0.4378510530749242,131.35531592247727,131.35531592247727,True
erdos_renyi,300,0.5,8,0.4377779688795248,131.33339066385744,131.33339066385744,True
erdos_renyi,300,0.5,9,0.43786670470153033,131.3600114104591,131.3600114104591,True
erdos_renyi,300,0.5,10,0.43808894900693474,131.42668470208042,131.42668470208042,True
erdos_renyi,300,0.5,11,0.4381459369542904,131.44378108628712,131.44378108628712,True
erdos_renyi,300,0.5,12,0.43796391251354094,131.38917375406228,131.38917375406228,True
erdos_renyi,300,0.5,13,0.43802306127587587,131.40691838276277,131.40691838276277,True
erdos_renyi,300,0.5,14,0.4382355593494456,131.47066780483368,131.47066780483368,True
erdos_renyi,300,0.5,15,0.43803599650177927,131.41079895053377,131.41079895053377,True
erdos_renyi,300,0.5,16,0.4380233647234345,131.40700941703034,131.40700941703034,True
erdos_renyi,300,0.5,17,0.4380101438505707,131.40304315517122,131.40304315517122,True
erdos_renyi,300,0.5,18,0.4380344603828896,131.41033811486687,131.41033811486687,True
erdos_renyi,300,0.5,19,0.4378537274150861,131.35611822452583,131.35611822452583,True
erdos_renyi,300,0.5,20,0.43809102255353904,131.42730676606172,131.42730676606172,True
erdos_renyi,300,0.5,21,0.4379861848119657,131.3958554435897,131.3958554435897,True
erdos_renyi,300,0.5,22,0.43800459682350823,131.40137904705247,131.40137904705247,True
erdos_renyi,300,0.5,23,0.43792127761999833,131.3763832859995,131.3763832859995,True
erdos_renyi,300,0.5,24,0.43793847292478305,131.38154187743493,131.38154187743493,True
erdos_renyi,300,0.5,25,0.43798292533270555,131.39487759981168,131.39487759981168,True
erdos_renyi,300,0.5,26,0.4383053026660534,131.491590799816,131.491590799816,True
erdos_renyi,300,0.5,27,0.4382939618635121,131.48818855905364,131.48818855905364,True
erdos_renyi,300,0.5,28,0.437904728119055,131.3714184357165,131.3714184357165,True
erdos_renyi,300,0.5,29,0.43802731454120347,131.40819436236103,131.40819436236103,True
erdos_renyi,300,0.7,0,0.30019044116571836,90.0571323497155,90.0571323497155,True
erdos_renyi,300,0.7,1,0.30013772590315835,90.0413177709475,90.0413177709475,True
erdos_renyi,300,0.7,2,0.3002113835831377,90.0634150749413,90.0634150749413,True
erdos_renyi,300,0.7,3,0.30018179065712847,90.05453719713854,90.05453719713854,True
erdos_renyi,300,0.7,4,0.3003183182475313,90.0954954742594,90.0954954742594,True
erdos_renyi,300,0.7,5,0.3002687636236654,90.08062908709962,90.08062908709962,True
erdos_renyi,300,0.7,6,0.3001630004997401,90.04890014992203,90.04890014992203,True
erdos_renyi,300,0.7,7,0.300185987111389,90.05579613341669,90.05579613341669,True
erdos_renyi,300,0.7,8,0.30022840527284667,90.068521581854,90.068521581854,True
erdos_renyi,300,0.7,9,0.3002085960801534,90.06257882404601,90.06257882404601,True
erdos_renyi,300,0.7,10,0.3000571394408015,90.01714183224044,90.01714183224044,True
erdos_renyi,300,0.7,11,0.30014878000463696,90.04463400139109,90.04463400139109,True
erdos_renyi,300,0.7,12,0.300145138586962,90.0435415760886,90.0435415760886,True
erdos_renyi,300,0.7,13,0.3002593567852875,90.07780703558625,90.07780703558625,True
erdos_renyi,300,0.7,14,0.30021522698059977,90.06456809417993,90.06456809417993,True
erdos_renyi,300,0.7,15,0.30015437880150075,90.04631364045022,90.04631364045022,True
erdos_renyi,300,0.7,16,0.3002890129410509,90.08670388231528,90.08670388231528,True
erdos_renyi,300,0.7,17,0.3002297098630421,90.06891295891263,90.06891295891263,True
erdos_renyi,300,0.7,18,0.3000621940174386,90.01865820523159,90.01865820523159,True
erdos_renyi,300,0.7,19,0.3002569524172044,90.07708572516133,90.07708572516133,True
erdos_renyi,300,0.7,20,0.3001621341269063,90.04864023807188,90.04864023807188,True
erdos_renyi,300,0.7,21,0.30028816344288567,90.0864490328657,90.0864490328657,True
erdos_renyi,300,0.7,22,0.3002731978886152,90.08195936658456,90.08195936658456,True
erdos_renyi,300,0.7,23,0.30021360511399753,90.06408153419926,90.06408153419926,True
erdos_renyi,300,0.7,24,0.300196200715087,90.0588602145261,90.0588602145261,True
erdos_renyi,300,0.7,25,0.3002095350816705,90.06286052450115,90.06286052450115,True
erdos_renyi,300,0.7,26,0.30013511598612264,90.04053479583679,90.04053479583679,True
erdos_renyi,300,0.7,27,0.300255264204479,90.07657926134371,90.07657926134371,True
erdos_renyi,300,0.7,28,0.3002178592913084,90.06535778739251,90.06535778739251,True
erdos_renyi,300,0.7,29,0.3002686780214482,90.08060340643446,90.08060340643446,True
erdos_renyi,300,0.9,0,0.116699011445351,35.009703433605296,35.009703433605296,True
erdos_renyi,300,0.9,1,0.11670139731040963,35.010419193122885,35.010419193122885,True
erdos_renyi,300,0.9,2,0.11669196719852037,35.00759015955611,35.00759015955611,True
erdos_renyi,300,0.9,3,0.11670101619349094,35.01030485804728,35.01030485804728,True
erdos_renyi,300,0.9,4,0.11670217388952808,35.01065216685843,35.01065216685843,True
erdos_renyi,300,0.9,5,0.11669219225098904,35.00765767529671,35.00765767529671,True
erdos_renyi,300,0.9,6,0.11669587852284091,35.00876355685227,35.00876355685227,True
erdos_renyi,300,0.9,7,0.11669538949431979,35.00861684829594,35.00861684829594,True
erdos_renyi,300,0.9,8,0.11669744710147678,35.00923413044303,35.00923413044303,True
erdos_renyi,300,0.9,9,0.11669967098727974,35.00990129618392,35.00990129618392,True
erdos_renyi,300,0.9,10,0.11669311626395029,35.007934879185086,35.007934879185086,True
erdos_renyi,300,0.9,11,0.11670024284619607,35.01007285385882,35.01007285385882,True
erdos_renyi,300,0.9,12,0.11670445512067351,35.01133653620205,35.01133653620205,True
erdos_renyi,300,0.9,13,0.11669881600232734,35.009644800698204,35.009644800698204,True
erdos_renyi,300,0.9,14,0.11669562775052811,35.00868832515843,35.00868832515843,True
erdos_renyi,300,0.9,15,0.11670518257756246,35.01155477326874,35.01155477326874,True
erdos_renyi,300,0.9,16,0.11669342888291512,35.00802866487454,35.00802866487454,True
erdos_renyi,300,0.9,17,0.11670104024830574,35.01031207449172,35.01031207449172,True
erdos_renyi,300,0.9,18,0.1166935841948844,35.00807525846532,35.00807525846532,True
erdos_renyi,300,0.9,19,0.1166981747820035,35.00945243460105,35.00945243460105,True
erdos_renyi,300,0.9,20,0.11669182837481407,35.00754851244422,35.00754851244422,True
erdos_renyi,300,0.9,21,0.11669710942825173,35.00913282847552,35.00913282847552,True
erdos_renyi,300,0.9,22,0.11660500734159351,34.981502202478055,34.981502202478055,True
erdos_renyi,300,0.9,23,0.1167064571938633,35.01193715815899,35.01193715815899,True
erdos_renyi,300,0.9,24,0.11669779782212808,35.00933934663843,35.00933934663843,True
erdos_renyi,300,0.9,25,0.11669388739759212,35.00816621927763,35.00816621927763,True
erdos_renyi,300,0.9,26,0.1165935702276849,34.978071068305475,34.978071068305475,True
erdos_renyi,300,0.9,27,0.11669687169390308,35.00906150817092,35.00906150817092,True
erdos_renyi,300,0.9,28,0.11669856351311125,35.009569053933376,35.009569053933376,True
erdos_renyi,300,0.9,29,0.11669572393157324,35.00871717947197,35.00871717947197,True
erdos_renyi,300,1.0,0,0.0,0.0,0.0,True
erdos_renyi,300,1.0,1,0.0,0.0,0.0,True
erdos_renyi,300,1.0,2,0.0,0.0,0.0,True
erdos_renyi,300,1.0,3,0.0,0.0,0.0,True
erdos_renyi,300,1.0,4,0.0,0.0,0.0,True
erdos_renyi,300,1.0,5,0.0,0.0,0.0,True
erdos_renyi,300,1.0,6,0.0,0.0,0.0,True
erdos_renyi,300,1.0,7,0.0,0.0,0.0,True
erdos_renyi,300,1.0,8,0.0,0.0,0.0,True
erdos_renyi,300,1.0,9,0.0,0.0,0.0,True
erdos_renyi,300,1.0,10,0.0,0.0,0.0,True
erdos_renyi,300,1.0,11,0.0,0.0,0.0,True
erdos_renyi,300,1.0,12,0.0,0.0,0.0,True
erdos_renyi,300,1.0,13,0.0,0.0,0.0,True
erdos_renyi,300,1.0,14,0.0,0.0,0.0,True
erdos_renyi,300,1.0,15,0.0,0.0,0.0,True
erdos_renyi,300,1.0,16,0.0,0.0,0.0,True
erdos_renyi,300,1.0,17,0.0,0.0,0.0,True
erdos_renyi,300,1.0,18,0.0,0.0,0.0,True
erdos_renyi,300,1.0,19,0.0,0.0,0.0,True
erdos_renyi,300,1.0,20,0.0,0.0,0.0,True
erdos_renyi,300,1.0,21,0.0,0.0,0.0,True
erdos_renyi,300,1.0,22,0.0,0.0,0.0,True
erdos_renyi,300,1.0,23,0.0,0.0,0.0,True
erdos_renyi,300,1.0,24,0.0,0.0,0.0,True
erdos_renyi,300,1.0,25,0.0,0.0,0.0,True
erdos_renyi,300,1.0,26,0.0,0.0,0.0,True
erdos_renyi,300,1.0,27,0.0,0.0,0.0,True
erdos_renyi,300,1.0,28,0.0,0.0,0.0,True
erdos_renyi,300,1.0,29,0.0,0.0,0.0,True
erdos_renyi,1000,0.0,0,0.6316604055114992,631.6604055114991,631.6604055114991,True
erdos_renyi,1000,0.0,1,0.6320707613217337,632.0707613217337,632.0707613217337,True
erdos_renyi,1000,0.0,2,0.6325521114681975,632.5521114681975,632.5521114681975,True
erdos_renyi,1000,0.0,3,0.6326418148382286,632.6418148382286,632.6418148382286,True
erdos_renyi,1000,0.0,4,0.6323383017252139,632.3383017252139,632.3383017252139,True
erdos_renyi,1000,0.0,5,0.6319308264072149,631.9308264072149,631.9308264072149,True
erdos_renyi,1000,0.0,6,0.6316779248213152,631.6779248213153,631.6779248213153,True
erdos_renyi,1000,0.0,7,0.6321952587654226,632.1952587654226,632.1952587654226,True
erdos_renyi,1000,0.0,8,0.6322731534577868,632.2731534577867,632.2731534577867,True
erdos_renyi,1000,0.0,9,0.6322687816756775,632.2687816756775,632.2687816756775,True
erdos_renyi,1000,0.0,10,0.6320874436591918,632.0874436591918,632.0874436591918,True
erdos_renyi,1000,0.0,11,0.6325787113934551,632.5787113934551,632.5787113934551,True
erdos_renyi,1000,0.0,12,0.6317320504505457,631.7320504505457,631.7320504505457,True
erdos_renyi,1000,0.0,13,0.6321918500607824,632.1918500607824,632.1918500607824,True
erdos_renyi,1000,0.0,14,0.6323099251152275,632.3099251152275,632.3099251152275,True
erdos_renyi,1000,0.0,15,0.6316030872772298,631.6030872772297,631.6030872772297,True
erdos_renyi,1000,0.0,16,0.6322536803317113,632.2536803317113,632.2536803317113,True
erdos_renyi,1000,0.0,17,0.6324370249206345,632.4370249206345,632.4370249206345,True
erdos_renyi,1000,0.0,18,0.632043940377175,632.0439403771751,632.0439403771751,True
erdos_renyi,1000,0.0,19,0.6320308089310889,632.0308089310889,632.0308089310889,True
erdos_renyi,1000,0.0,20,0.6325049675027368,632.5049675027368,632.5049675027368,True
erdos_renyi,1000,0.0,21,0.6321465742768011,632.1465742768011,632.1465742768011,True
erdos_renyi,1000,0.0,22,0.63218265133013,632.1826513301299,632.1826513301299,True
erdos_renyi,1000,0.0,23,0.6320676538872585,632.0676538872585,632.0676538872585,True
erdos_renyi,1000,0.0,24,0.6315528133034987,631.5528133034986,631.5528133034986,True
erdos_renyi,1000,0.0,25,0.6319446962994535,631.9446962994535,631.9446962994535,True
erdos_renyi,1000,0.0,26,0.6325230468962377,632.5230468962377,632.5230468962377,True
erdos_renyi,1000,0.0,27,0.6323035346610165,632.3035346610166,632.3035346610166,True
erdos_renyi,1000,0.0,28,0.632298835385465,632.298835385465,632.298835385465,True
erdos_renyi,1000,0.0,29,0.6320870083059033,632.0870083059033,632.0870083059033,True
erdos_renyi,1000,0.1,0,0.6313920799718684,631.3920799718684,631.3920799718684,True
erdos_renyi,1000,0.1,1,0.6317867594066817,631.7867594066818,631.7867594066818,True
erdos_renyi,1000,0.1,2,0.6312556062337842,631.2556062337842,631.2556062337842,True
erdos_renyi,1000,0.1,3,0.6315381506224551,631.5381506224551,631.5381506224551,True
erdos_renyi,1000,0.1,4,0.6323586293076158,632.3586293076157,632.3586293076157,True
erdos_renyi,1000,0.1,5,0.631555268533439,631.5552685334391,631.5552685334391,True
erdos_renyi,1000,0.1,6,0.6316016590970738,631.6016590970738,631.6016590970738,True
erdos_renyi,1000,0.1,7,0.6314333395525229,631.4333395525229,631.4333395525229,True
erdos_renyi,1000,0.1,8,0.6316140977663329,631.614097766333,631.614097766333,True
erdos_renyi,1000,0.1,9,0.63132533882049,631.3253388204901,631.3253388204901,True
erdos_renyi,1000,0.1,10,0.6317569032963394,631.7569032963394,631.7569032963394,True
erdos_renyi,1000,0.1,11,0.6314600025533609,631.4600025533608,631.4600025533608,True
erdos_renyi,1000,0.1,12,0.6313671582051001,631.3671582051002,631.3671582051002,True
erdos_renyi,1000,0.1,13,0.6318979281011138,631.8979281011137,631.8979281011137,True
erdos_renyi,1000,0.1,14,0.6319910822129022,631.9910822129023,631.9910822129023,True
erdos_renyi,1000,0.1,15,0.6320775560632503,632.0775560632503,632.0775560632503,True
erdos_renyi,1000,0.1,16,0.6316961171083995,631.6961171083994,631.6961171083994,True
erdos_renyi,1000,0.1,17,0.6315100138096651,631.5100138096651,631.5100138096651,True
erdos_renyi,1000,0.1,18,0.6314220028456785,631.4220028456785,631.4220028456785,True
erdos_renyi,1000,0.1,19,0.6318050958684229,631.8050958684229,631.8050958684229,True
erdos_renyi,1000,0.1,20,0.6315204152757536,631.5204152757536,631.5204152757536,True
erdos_renyi,1000,0.1,21,0.6320854048071758,632.0854048071758,632.0854048071758,True
erdos_renyi,1000,0.1,22,0.631785540265903,631.7855402659029,631.7855402659029,True
erdos_renyi,1000,0.1,23,0.6314361024890982,631.4361024890982,631.4361024890982,True
erdos_renyi,1000,0.1,24,0.6314740086929811,631.4740086929811,631.4740086929811,True
erdos_renyi,1000,0.1,25,0.6316027302800279,631.6027302800279,631.6027302800279,True
erdos_renyi,1000,0.1,26,0.6323759612879756,632.3759612879755,632.3759612879755,True
erdos_renyi,1000,0.1,27,0.6317125254927299,631.7125254927299,631.7125254927299,True
erdos_renyi,1000,0.1,28,0.631856154093375,631.856154093375,631.856154093375,True
erdos_renyi,1000,0.1,29,0.6318022063024852,631.8022063024852,631.8022063024852,True
erdos_renyi,1000,0.3,0,0.5460018897440841,546.0018897440841,546.0018897440841,True
erdos_renyi,1000,0.3,1,0.5452954527880534,545.2954527880534,545.2954527880534,True
erdos_renyi,1000,0.3,2,0.5455954156861886,545.5954156861886,545.5954156861886,True
erdos_renyi,1000,0.3,3,0.545839212671403,545.8392126714031,545.8392126714031,True
erdos_renyi,1000,0.3,4,0.5454793476769053,545.4793476769053,545.4793476769053,True
erdos_renyi,1000,0.3,5,0.5457721501814699,545.7721501814699,545.7721501814699,True
erdos_renyi,1000,0.3,6,0.5452486357182249,545.2486357182249,545.2486357182249,True
erdos_renyi,1000,0.3,7,0.5455997724128824,545.5997724128824,545.5997724128824,True
erdos_renyi,1000,0.3,8,0.5457524954087638,545.7524954087638,545.7524954087638,True
erdos_renyi,1000,0.3,9,0.5455950363074501,545.5950363074501,545.5950363074501,True
erdos_renyi,1000,0.3,10,0.5456963210707932,545.6963210707933,545.6963210707933,True
erdos_renyi,1000,0.3,11,0.5453313044626529,545.3313044626528,545.3313044626528,True
erdos_renyi,1000,0.3,12,0.5455176055807531,545.5176055807532,545.5176055807532,True
erdos_renyi,1000,0.3,13,0.5455796611780899,545.5796611780899,545.5796611780899,True
erdos_renyi,1000,0.3,14,0.5457241208840783,545.7241208840783,545.7241208840783,True
erdos_renyi,1000,0.3,15,0.5454475677620644,545.4475677620644,545.4475677620644,True
erdos_renyi,1000,0.3,16,0.5457588633162063,545.7588633162063,545.7588633162063,True
erdos_renyi,1000,0.3,17,0.5453894209882761,545.3894209882761,545.3894209882761,True
erdos_renyi,1000,0.3,18,0.545383399621779,545.383399621779,545.383399621779,True
erdos_renyi,1000,0.3,19,0.5455609013258846,545.5609013258846,545.5609013258846,True
erdos_renyi,1000,0.3,20,0.5456704136352444,545.6704136352444,545.6704136352444,True
erdos_renyi,1000,0.3,21,0.54572153818863,545.72153818863,545.72153818863,True
erdos_renyi,1000,0.3,22,0.5458813472387236,545.8813472387236,545.8813472387236,True
erdos_renyi,1000,0.3,23,0.5456665610996781,545.6665610996781,545.6665610996781,True
erdos_renyi,1000,0.3,24,0.5453500448480415,545.3500448480415,545.3500448480415,True
erdos_renyi,1000,0.3,25,0.5454246898569644,545.4246898569644,545.4246898569644,True
erdos_renyi,1000,0.3,26,0.5453182449298746,545.3182449298746,545.3182449298746,True
erdos_renyi,1000,0.3,27,0.5456373883293082,545.6373883293082,545.6373883293082,True
erdos_renyi,1000,0.3,28,0.54558806959214,545.58806959214,545.58806959214,True
erdos_renyi,1000,0.3,29,0.5454642621380072,545.4642621380073,545.4642621380073,True
erdos_renyi,1000,0.5,0,0.43805261589385114,438.0526158938511,438.0526158938511,True
erdos_renyi,1000,0.5,1,0.4382221322081543,438.22213220815433,438.22213220815433,True
erdos_renyi,1000,0.5,2,0.4383727949863786,438.3727949863786,438.3727949863786,True
erdos_renyi,1000,0.5,3,0.4381743613150768,438.1743613150768,438.1743613150768,True
erdos_renyi,1000,0.5,4,0.4382279576257536,438.2279576257536,438.2279576257536,True
erdos_renyi,1000,0.5,5,0.4384325279882356,438.4325279882356,438.4325279882356,True
erdos_renyi,1000,0.5,6,0.43804495784872266,438.0449578487227,438.0449578487227,True
erdos_renyi,1000,0.5,7,0.4381922926516698,438.1922926516698,438.1922926516698,True
erdos_renyi,1000,0.5,8,0.4380760514154718,438.0760514154718,438.0760514154718,True
erdos_renyi,1000,0.5,9,0.4381487058069321,438.1487058069321,438.1487058069321,True
erdos_renyi,1000,0.5,10,0.4379864809717313,437.98648097173134,437.98648097173134,True
erdos_renyi,1000,0.5,11,0.4382213508233185,438.22135082331846,438.22135082331846,True
erdos_renyi,1000,0.5,12,0.43814756624967044,438.14756624967043,438.14756624967043,True
erdos_renyi,1000,0.5,13,0.4381399139538481,438.1399139538481,438.1399139538481,True
erdos_renyi,1000,0.5,14,0.43797182759994746,437.97182759994746,437.97182759994746,True
erdos_renyi,1000,0.5,15,0.4381341476749775,438.1341476749775,438.1341476749775,True
erdos_renyi,1000,0.5,16,0.4381994157729745,438.1994157729745,438.1994157729745,True
erdos_renyi,1000,0.5,17,0.4380712841892461,438.0712841892461,438.0712841892461,True
erdos_renyi,1000,0.5,18,0.4379868322759226,437.9868322759226,437.9868322759226,True
erdos_renyi,1000,0.5,19,0.43804455903744965,438.04455903744963,438.04455903744963,True
erdos_renyi,1000,0.5,20,0.4382355368309797,438.2355368309797,438.2355368309797,True
erdos_renyi,1000,0.5,21,0.4380632153793639,438.0632153793639,438.0632153793639,True
erdos_renyi,1000,0.5,22,0.4381972672650152,438.19726726501517,438.19726726501517,True
erdos_renyi,1000,0.5,23,0.4380902566362008,438.0902566362008,438.0902566362008,True
erdos_renyi,1000,0.5,24,0.4378921231920805,437.8921231920805,437.8921231920805,True
erdos_renyi,1000,0.5,25,0.4379928056408966,437.9928056408966,437.9928056408966,True
erdos_renyi,1000,0.5,26,0.4380673934429975,438.0673934429975,438.0673934429975,True
erdos_renyi,1000,0.5,27,0.43800727688840224,438.00727688840226,438.00727688840226,True
erdos_renyi,1000,0.5,28,0.4379838163109566,437.9838163109566,437.9838163109566,True
erdos_renyi,1000,0.5,29,0.4379772994882578,437.9772994882578,437.9772994882578,True
erdos_renyi,1000,0.7,0,0.30019660106178725,300.19660106178725,300.19660106178725,True
erdos_renyi,1000,0.7,1,0.3001586004972465,300.15860049724654,300.15860049724654,True
erdos_renyi,1000,0.7,2,0.30023468939999043,300.23468939999043,300.23468939999043,True
erdos_renyi,1000,0.7,3,0.3002517553135857,300.2517553135857,300.2517553135857,True
erdos_renyi,1000,0.7,4,0.3002700985233713,300.2700985233713,300.2700985233713,True
erdos_renyi,1000,0.7,5,0.3002105043378004,300.2105043378004,300.2105043378004,True
erdos_renyi,1000,0.7,6,0.3003678613101224,300.3678613101224,300.3678613101224,True
erdos_renyi,1000,0.7,7,0.3003053588075829,300.30535880758293,300.30535880758293,True
erdos_renyi,1000,0.7,8,0.3001039142959082,300.1039142959082,300.1039142959082,True
erdos_renyi,1000,0.7,9,0.3001208519577049,300.1208519577049,300.1208519577049,True
erdos_renyi,1000,0.7,10,0.30001149619279743,300.01149619279744,300.01149619279744,True
erdos_renyi,1000,0.7,11,0.3001169412614576,300.1169412614576,300.1169412614576,True
erdos_renyi,1000,0.7,12,0.3003230318226767,300.32303182267674,300.32303182267674,True
erdos_renyi,1000,0.7,13,0.3003069856186821,300.30698561868206,300.30698561868206,True
erdos_renyi,1000,0.7,14,0.3002701609153029,300.2701609153029,300.2701609153029,True
erdos_renyi,1000,0.7,15,0.30018241058756034,300.18241058756035,300.18241058756035,True
erdos_renyi,1000,0.7,16,0.3002690566580519,300.2690566580519,300.2690566580519,True
erdos_renyi,1000,0.7,17,0.30016654136251153,300.1665413625115,300.1665413625115,True
erdos_renyi,1000,0.7,18,0.300197948907449,300.197948907449,300.197948907449,True
erdos_renyi,1000,0.7,19,0.3001867310350612,300.1867310350612,300.1867310350612,True
erdos_renyi,1000,0.7,20,0.3001796674427859,300.1796674427859,300.1796674427859,True
erdos_renyi,1000,0.7,21,0.300168281910389,300.168281910389,300.168281910389,True
erdos_renyi,1000,0.7,22,0.30021928099577844,300.21928099577843,300.21928099577843,True
erdos_renyi,1000,0.7,23,0.3001241753453143,300.1241753453143,300.1241753453143,True
erdos_renyi,1000,0.7,24,0.30028119193258807,300.28119193258806,300.28119193258806,True
erdos_renyi,1000,0.7,25,0.30005593384708507,300.05593384708504,300.05593384708504,True
erdos_renyi,1000,0.7,26,0.30020491361494095,300.20491361494095,300.20491361494095,True
erdos_renyi,1000,0.7,27,0.3002307819448228,300.23078194482275,300.23078194482275,True
erdos_renyi,1000,0.7,28,0.30023649482509673,300.2364948250967,300.2364948250967,True
erdos_renyi,1000,0.7,29,0.3001805904775424,300.1805904775424,300.1805904775424,True
erdos_renyi,1000,0.9,0,0.11669853003016684,116.69853003016684,116.69853003016684,True
erdos_renyi,1000,0.9,1,0.1166997842901536,116.6997842901536,116.6997842901536,True
erdos_renyi,1000,0.9,2,0.11669461814528259,116.69461814528259,116.69461814528259,True
erdos_renyi,1000,0.9,3,0.11669836927995247,116.69836927995247,116.69836927995247,True
erdos_renyi,1000,0.9,4,0.11669840005955534,116.69840005955534,116.69840005955534,True
erdos_renyi,1000,0.9,5,0.11669780458284962,116.69780458284961,116.69780458284961,True
erdos_renyi,1000,0.9,6,0.11669698538254658,116.69698538254659,116.69698538254659,True
erdos_renyi,1000,0.9,7,0.11669029252848373,116.69029252848372,116.69029252848372,True
erdos_renyi,1000,0.9,8,0.11670036252919813,116.70036252919813,116.70036252919813,True
erdos_renyi,1000,0.9,9,0.11659885355287081,116.5988535528708,116.5988535528708,True
erdos_renyi,1000,0.9,10,0.11660249727595051,116.60249727595051,116.60249727595051,True
erdos_renyi,1000,0.9,11,0.11668823434600761,116.68823434600762,116.68823434600762,True
erdos_renyi,1000,0.9,12,0.11669964196483662,116.69964196483662,116.69964196483662,True
erdos_renyi,1000,0.9,13,0.11669205356310786,116.69205356310786,116.69205356310786,True
erdos_renyi,1000,0.9,14,0.11660305721501019,116.60305721501018,116.60305721501018,True
erdos_renyi,1000,0.9,15,0.11670358574682704,116.70358574682704,116.70358574682704,True
erdos_renyi,1000,0.9,16,0.11650605611507969,116.50605611507969,116.50605611507969,True
erdos_renyi,1000,0.9,17,0.11669505711469763,116.69505711469763,116.69505711469763,True
erdos_renyi,1000,0.9,18,0.116695494896494,116.695494896494,116.695494896494,True
erdos_renyi,1000,0.9,19,0.11669255461075412,116.69255461075412,116.69255461075412,True
erdos_renyi,1000,0.9,20,0.11669290121085896,116.69290121085896,116.69290121085896,True
erdos_renyi,1000,0.9,21,0.11669221471595814,116.69221471595814,116.69221471595814,True
erdos_renyi,1000,0.9,22,0.11669817340652955,116.69817340652955,116.69817340652955,True
erdos_renyi,1000,0.9,23,0.11660757398829702,116.60757398829702,116.60757398829702,True
erdos_renyi,1000,0.9,24,0.11670070633340623,116.70070633340623,116.70070633340623,True
erdos_renyi,1000,0.9,25,0.11669104685371912,116.69104685371912,116.69104685371912,True
erdos_renyi,1000,0.9,26,0.11670398574911867,116.70398574911867,116.70398574911867,True
erdos_renyi,1000,0.9,27,0.1166976352492547,116.69763524925469,116.69763524925469,True
erdos_renyi,1000,0.9,28,0.11669558420973158,116.69558420973158,116.69558420973158,True
erdos_renyi,1000,0.9,29,0.11669822150737152,116.69822150737153,116.69822150737153,True
erdos_renyi,1000,1.0,0,0.0,0.0,0.0,True
erdos_renyi,1000,1.0,1,0.0,0.0,0.0,True
erdos_renyi,1000,1.0,2,0.0,0.0,0.0,True
erdos_renyi,1000,1.0,3,0.0,0.0,0.0,True
erdos_renyi,1000,1.0,4,0.0,0.0,0.0,True
erdos_renyi,1000,1.0,5,0.0,0.0,0.0,True
erdos_renyi,1000,1.0,6,0.0,0.0,0.0,True
erdos_renyi,1000,1.0,7,0.0,0.0,0.0,True
erdos_renyi,1000,1.0,8,0.0,0.0,0.0,True
erdos_renyi,1000,1.0,9,0.0,0.0,0.0,True
erdos_renyi,1000,1.0,10,0.0,0.0,0.0,True
erdos_renyi,1000,1.0,11,0.0,0.0,0.0,True
erdos_renyi,1000,1.0,12,0.0,0.0,0.0,True
erdos_renyi,1000,1.0,13,0.0,0.0,0.0,True
erdos_renyi,1000,1.0,14,0.0,0.0,0.0,True
erdos_renyi,1000,1.0,15,0.0,0.0,0.0,True
erdos_renyi,1000,1.0,16,0.0,0.0,0.0,True
erdos_renyi,1000,1.0,17,0.0,0.0,0.0,True
erdos_renyi,1000,1.0,18,0.0,0.0,0.0,True
erdos_renyi,1000,1.0,19,0.0,0.0,0.0,True
erdos_renyi,1000,1.0,20,0.0,0.0,0.0,True
erdos_renyi,1000,1.0,21,0.0,0.0,0.0,True
erdos_renyi,1000,1.0,22,0.0,0.0,0.0,True
erdos_renyi,1000,1.0,23,0.0,0.0,0.0,True
erdos_renyi,1000,1.0,24,0.0,0.0,0.0,True
erdos_renyi,1000,1.0,25,0.0,0.0,0.0,True
erdos_renyi,1000,1.0,26,0.0,0.0,0.0,True
erdos_renyi,1000,1.0,27,0.0,0.0,0.0,True
erdos_renyi,1000,1.0,28,0.0,0.0,0.0,True
erdos_renyi,1000,1.0,29,0.0,0.0,0.0,True
erdos_renyi,3000,0.0,0,0.6311537139789961,1893.4611419369883,1893.4611419369883,True
erdos_renyi,3000,0.0,1,0.6316353044263616,1894.9059132790849,1894.9059132790849,True
erdos_renyi,3000,0.0,2,0.6322006056532203,1896.601816959661,1896.601816959661,True
erdos_renyi,3000,0.0,3,0.6324692907583402,1897.4078722750207,1897.4078722750207,True
erdos_renyi,3000,0.0,4,0.6321835125725219,1896.5505377175657,1896.5505377175657,True
erdos_renyi,3000,0.0,5,0.6321380580128453,1896.4141740385357,1896.4141740385357,True
erdos_renyi,3000,0.0,6,0.6320520766814681,1896.1562300444043,1896.1562300444043,True
erdos_renyi,3000,0.0,7,0.6322465537983077,1896.7396613949231,1896.7396613949231,True
erdos_renyi,3000,0.0,8,0.6317107381581452,1895.1322144744354,1895.1322144744354,True
erdos_renyi,3000,0.0,9,0.6319831883053884,1895.9495649161652,1895.9495649161652,True
erdos_renyi,3000,0.0,10,0.6317792923279351,1895.3378769838052,1895.3378769838052,True
erdos_renyi,3000,0.0,11,0.6325675207257901,1897.7025621773705,1897.7025621773705,True
erdos_renyi,3000,0.0,12,0.6316880948638581,1895.0642845915743,1895.0642845915743,True
erdos_renyi,3000,0.0,13,0.631765202313765,1895.2956069412949,1895.2956069412949,True
erdos_renyi,3000,0.0,14,0.6324786235801958,1897.4358707405875,1897.4358707405875,True
erdos_renyi,3000,0.0,15,0.6324207200182944,1897.2621600548832,1897.2621600548832,True
erdos_renyi,3000,0.0,16,0.6321348811472582,1896.4046434417746,1896.4046434417746,True
erdos_renyi,3000,0.0,17,0.6325134574708144,1897.5403724124433,1897.5403724124433,True
erdos_renyi,3000,0.0,18,0.6318605705357374,1895.5817116072121,1895.5817116072121,True
erdos_renyi,3000,0.0,19,0.6325329675503212,1897.5989026509635,1897.5989026509635,True
erdos_renyi,3000,0.0,20,0.6318740771903897,1895.622231571169,1895.622231571169,True
erdos_renyi,3000,0.0,21,0.632233788442809,1896.7013653284268,1896.7013653284268,True
erdos_renyi,3000,0.0,22,0.6322607505426634,1896.7822516279903,1896.7822516279903,True
erdos_renyi,3000,0.0,23,0.632548407332796,1897.6452219983883,1897.6452219983883,True
erdos_renyi,3000,0.0,24,0.6321513429047135,1896.4540287141406,1896.4540287141406,True
erdos_renyi,3000,0.0,25,0.6322368664691249,1896.7105994073747,1896.7105994073747,True
erdos_renyi,3000,0.0,26,0.6326198409817572,1897.8595229452715,1897.8595229452715,True
erdos_renyi,3000,0.0,27,0.63205137754813,1896.15413264439,1896.15413264439,True
erdos_renyi,3000,0.0,28,0.6318944305379477,1895.683291613843,1895.683291613843,True
erdos_renyi,3000,0.0,29,0.6324224536532952,1897.2673609598855,1897.2673609598855,True
erdos_renyi,3000,0.1,0,0.631700152167389,1895.100456502167,1895.100456502167,True
erdos_renyi,3000,0.1,1,0.6315311755439561,1894.5935266318684,1894.5935266318684,True
erdos_renyi,3000,0.1,2,0.6320288957298095,1896.0866871894284,1896.0866871894284,True
erdos_renyi,3000,0.1,3,0.6316154304976348,1894.8462914929044,1894.8462914929044,True
erdos_renyi,3000,0.1,4,0.6322350459595105,1896.7051378785316,1896.7051378785316,True
erdos_renyi,3000,0.1,5,0.6317636338313144,1895.2909014939432,1895.2909014939432,True
erdos_renyi,3000,0.1,6,0.6317371282679154,1895.2113848037461,1895.2113848037461,True
erdos_renyi,3000,0.1,7,0.6317751796754583,1895.3255390263748,1895.3255390263748,True
erdos_renyi,3000,0.1,8,0.6318201811433121,1895.4605434299363,1895.4605434299363,True
erdos_renyi,3000,0.1,9,0.6320517435593437,1896.155230678031,1896.155230678031,True
erdos_renyi,3000,0.1,10,0.6320439471766568,1896.1318415299704,1896.1318415299704,True
erdos_renyi,3000,0.1,11,0.63163133502838,1894.89400508514,1894.89400508514,True
erdos_renyi,3000,0.1,12,0.6318645385458495,1895.5936156375483,1895.5936156375483,True
erdos_renyi,3000,0.1,13,0.6317451701541821,1895.2355104625462,1895.2355104625462,True
erdos_renyi,3000,0.1,14,0.6317732984857833,1895.31989545735,1895.31989545735,True
erdos_renyi,3000,0.1,15,0.6314481967273,1894.3445901819,1894.3445901819,True
erdos_renyi,3000,0.1,16,0.632016949805054,1896.0508494151618,1896.0508494151618,True
erdos_renyi,3000,0.1,17,0.6316377069277802,1894.9131207833407,1894.9131207833407,True
erdos_renyi,3000,0.1,18,0.6314978389456682,1894.4935168370048,1894.4935168370048,True
erdos_renyi,3000,0.1,19,0.6316271850362072,1894.8815551086216,1894.8815551086216,True
erdos_renyi,3000,0.1,20,0.6321564931871327,1896.4694795613982,1896.4694795613982,True
erdos_renyi,3000,0.1,21,0.6318537650026497,1895.561295007949,1895.561295007949,True
erdos_renyi,3000,0.1,22,0.6320186618309147,1896.0559854927442,1896.0559854927442,True
erdos_renyi,3000,0.1,23,0.6323303245839984,1896.9909737519952,1896.9909737519952,True
erdos_renyi,3000,0.1,24,0.6310816221063043,1893.2448663189127,1893.2448663189127,True
erdos_renyi,3000,0.1,25,0.6316091997845588,1894.8275993536763,1894.8275993536763,True
erdos_renyi,3000,0.1,26,0.6323100065196434,1896.9300195589303,1896.9300195589303,True
erdos_renyi,3000,0.1,27,0.631821082386188,1895.463247158564,1895.463247158564,True
erdos_renyi,3000,0.1,28,0.631844583662265,1895.5337509867952,1895.5337509867952,True
erdos_renyi,3000,0.1,29,0.6314420871679913,1894.326261503974,1894.326261503974,True
erdos_renyi,3000,0.3,0,0.5454049678068928,1636.2149034206786,1636.2149034206786,True
erdos_renyi,3000,0.3,1,0.5459962957300414,1637.9888871901242,1637.9888871901242,True
erdos_renyi,3000,0.3,2,0.5454463428243163,1636.3390284729487,1636.3390284729487,True
erdos_renyi,3000,0.3,3,0.5453827418188055,1636.1482254564166,1636.1482254564166,True
erdos_renyi,3000,0.3,4,0.5459349618896645,1637.8048856689936,1637.8048856689936,True
erdos_renyi,3000,0.3,5,0.5454601515755859,1636.3804547267578,1636.3804547267578,True
erdos_renyi,3000,0.3,6,0.5458497093509478,1637.5491280528433,1637.5491280528433,True
erdos_renyi,3000,0.3,7,0.5456777012511163,1637.0331037533488,1637.0331037533488,True
erdos_renyi,3000,0.3,8,0.5457594055286525,1637.2782165859576,1637.2782165859576,True
erdos_renyi,3000,0.3,9,0.5453250959543599,1635.9752878630795,1635.9752878630795,True
erdos_renyi,3000,0.3,10,0.5452478907184201,1635.7436721552601,1635.7436721552601,True
erdos_renyi,3000,0.3,11,0.54582515872391,1637.47547617173,1637.47547617173,True
erdos_renyi,3000,0.3,12,0.5452952890287865,1635.8858670863597,1635.8858670863597,True
erdos_renyi,3000,0.3,13,0.5455674403965672,1636.7023211897017,1636.7023211897017,True
erdos_renyi,3000,0.3,14,0.546017141710597,1638.0514251317911,1638.0514251317911,True
erdos_renyi,3000,0.3,15,0.5457775855485176,1637.332756645553,1637.332756645553,True
erdos_renyi,3000,0.3,16,0.5453161136394289,1635.9483409182867,1635.9483409182867,True
erdos_renyi,3000,0.3,17,0.5455239328246567,1636.5717984739701,1636.5717984739701,True
erdos_renyi,3000,0.3,18,0.5454659606887398,1636.3978820662194,1636.3978820662194,True
erdos_renyi,3000,0.3,19,0.5456638253139909,1636.9914759419728,1636.9914759419728,True
erdos_renyi,3000,0.3,20,0.5454324700247974,1636.2974100743922,1636.2974100743922,True
erdos_renyi,3000,0.3,21,0.5457672479881251,1637.3017439643754,1637.3017439643754,True
erdos_renyi,3000,0.3,22,0.545096961812605,1635.2908854378152,1635.2908854378152,True
erdos_renyi,3000,0.3,23,0.545536064698289,1636.6081940948668,1636.6081940948668,True
erdos_renyi,3000,0.3,24,0.5454431489357213,1636.329446807164,1636.329446807164,True
erdos_renyi,3000,0.3,25,0.5455966135308963,1636.7898405926887,1636.7898405926887,True
erdos_renyi,3000,0.3,26,0.5455124620527816,1636.5373861583448,1636.5373861583448,True
erdos_renyi,3000,0.3,27,0.5456468580116517,1636.940574034955,1636.940574034955,True
erdos_renyi,3000,0.3,28,0.5457395031627205,1637.2185094881613,1637.2185094881613,True
erdos_renyi,3000,0.3,29,0.5457829543743025,1637.3488631229075,1637.3488631229075,True
erdos_renyi,3000,0.5,0,0.43805185011535586,1314.1555503460675,1314.1555503460675,True
erdos_renyi,3000,0.5,1,0.4379848497169625,1313.9545491508875,1313.9545491508875,True
erdos_renyi,3000,0.5,2,0.43795559616091706,1313.8667884827512,1313.8667884827512,True
erdos_renyi,3000,0.5,3,0.4380029754257361,1314.0089262772083,1314.0089262772083,True
erdos_renyi,3000,0.5,4,0.4382028282441899,1314.6084847325697,1314.6084847325697,True
erdos_renyi,3000,0.5,5,0.43803839429586156,1314.1151828875848,1314.1151828875848,True
erdos_renyi,3000,0.5,6,0.4380086260195861,1314.0258780587583,1314.0258780587583,True
erdos_renyi,3000,0.5,7,0.43785061046167606,1313.5518313850282,1313.5518313850282,True
erdos_renyi,3000,0.5,8,0.4380161321184115,1314.0483963552344,1314.0483963552344,True
erdos_renyi,3000,0.5,9,0.43790944470665616,1313.7283341199684,1313.7283341199684,True
erdos_renyi,3000,0.5,10,0.4381790718481253,1314.537215544376,1314.537215544376,True
erdos_renyi,3000,0.5,11,0.4379984179341009,1313.9952538023026,1313.9952538023026,True
erdos_renyi,3000,0.5,12,0.4381328105434832,1314.3984316304495,1314.3984316304495,True
erdos_renyi,3000,0.5,13,0.4380035037553114,1314.0105112659342,1314.0105112659342,True
erdos_renyi,3000,0.5,14,0.4381023860350768,1314.3071581052304,1314.3071581052304,True
erdos_renyi,3000,0.5,15,0.43795099500755186,1313.8529850226555,1313.8529850226555,True
erdos_renyi,3000,0.5,16,0.4380263219448859,1314.0789658346578,1314.0789658346578,True
erdos_renyi,3000,0.5,17,0.43801938603789237,1314.058158113677,1314.058158113677,True
erdos_renyi,3000,0.5,18,0.438113562331631,1314.340686994893,1314.340686994893,True
erdos_renyi,3000,0.5,19,0.43782276966894895,1313.4683090068468,1313.4683090068468,True
erdos_renyi,3000,0.5,20,0.4379421904398131,1313.8265713194392,1313.8265713194392,True
erdos_renyi,3000,0.5,21,0.4382310834211244,1314.693250263373,1314.693250263373,True
erdos_renyi,3000,0.5,22,0.4380575266768735,1314.1725800306203,1314.1725800306203,True
erdos_renyi,3000,0.5,23,0.43823937907222776,1314.7181372166833,1314.7181372166833,True
erdos_renyi,3000,0.5,24,0.43813392847444665,1314.40178542334,1314.40178542334,True
erdos_renyi,3000,0.5,25,0.4382945611880208,1314.8836835640623,1314.8836835640623,True
erdos_renyi,3000,0.5,26,0.4379193143286946,1313.7579429860837,1313.7579429860837,True
erdos_renyi,3000,0.5,27,0.4382625848406224,1314.7877545218673,1314.7877545218673,True
erdos_renyi,3000,0.5,28,0.43804106531899434,1314.123195956983,1314.123195956983,True
erdos_renyi,3000,0.5,29,0.4380266964264594,1314.0800892793782,1314.0800892793782,True
erdos_renyi,3000,0.7,0,0.3002651313130199,900.7953939390597,900.7953939390597,True
erdos_renyi,3000,0.7,1,0.30020099253045907,900.6029775913772,900.6029775913772,True
erdos_renyi,3000,0.7,2,0.3002760694277533,900.82820828326,900.82820828326,True
erdos_renyi,3000,0.7,3,0.3001237257474839,900.3711772424517,900.3711772424517,True
erdos_renyi,3000,0.7,4,0.30014051736510605,900.4215520953181,900.4215520953181,True
erdos_renyi,3000,0.7,5,0.3002404957906879,900.7214873720637,900.7214873720637,True
erdos_renyi,3000,0.7,6,0.3001948467937847,900.5845403813541,900.5845403813541,True
erdos_renyi,3000,0.7,7,0.3000392565849609,900.1177697548827,900.1177697548827,True
erdos_renyi,3000,0.7,8,0.30014969940790803,900.4490982237241,900.4490982237241,True
erdos_renyi,3000,0.7,9,0.3003269468844927,900.980840653478,900.980840653478,True
erdos_renyi,3000,0.7,10,0.30022923050540784,900.6876915162235,900.6876915162235,True
erdos_renyi,3000,0.7,11,0.3000454669023842,900.1364007071526,900.1364007071526,True
erdos_renyi,3000,0.7,12,0.3002059726206495,900.6179178619485,900.6179178619485,True
erdos_renyi,3000,0.7,13,0.3001695097973156,900.5085293919468,900.5085293919468,True
erdos_renyi,3000,0.7,14,0.3002171550816295,900.6514652448885,900.6514652448885,True
erdos_renyi,3000,0.7,15,0.30023228753059494,900.6968625917848,900.6968625917848,True
erdos_renyi,3000,0.7,16,0.3002111709538168,900.6335128614503,900.6335128614503,True
erdos_renyi,3000,0.7,17,0.30024536531886226,900.7360959565867,900.7360959565867,True
erdos_renyi,3000,0.7,18,0.3002500561839604,900.7501685518812,900.7501685518812,True
erdos_renyi,3000,0.7,19,0.30022140798988106,900.6642239696432,900.6642239696432,True
erdos_renyi,3000,0.7,20,0.30027495647780067,900.824869433402,900.824869433402,True
erdos_renyi,3000,0.7,21,0.3002615182499826,900.7845547499478,900.7845547499478,True
erdos_renyi,3000,0.7,22,0.3000581497088578,900.1744491265734,900.1744491265734,True
erdos_renyi,3000,0.7,23,0.30015160320709644,900.4548096212893,900.4548096212893,True
erdos_renyi,3000,0.7,24,0.3002804179918004,900.8412539754012,900.8412539754012,True
erdos_renyi,3000,0.7,25,0.3001481314842942,900.4443944528826,900.4443944528826,True
erdos_renyi,3000,0.7,26,0.30032593336989044,900.9778001096713,900.9778001096713,True
erdos_renyi,3000,0.7,27,0.30028005469911745,900.8401640973524,900.8401640973524,True
erdos_renyi,3000,0.7,28,0.3001244553526786,900.3733660580359,900.3733660580359,True
erdos_renyi,3000,0.7,29,0.30022500118701145,900.6750035610344,900.6750035610344,True
erdos_renyi,3000,0.9,0,0.1166953671500709,350.0861014502127,350.0861014502127,True
erdos_renyi,3000,0.9,1,0.11669846700649533,350.095401019486,350.095401019486,True
erdos_renyi,3000,0.9,2,0.11669373460929666,350.08120382788996,350.08120382788996,True
erdos_renyi,3000,0.9,3,0.11670125809616927,350.1037742885078,350.1037742885078,True
erdos_renyi,3000,0.9,4,0.11669992479121583,350.09977437364745,350.09977437364745,True
erdos_renyi,3000,0.9,5,0.1166948035443518,350.0844106330554,350.0844106330554,True
erdos_renyi,3000,0.9,6,0.11669841669006353,350.0952500701906,350.0952500701906,True
erdos_renyi,3000,0.9,7,0.11669910738838685,350.09732216516056,350.09732216516056,True
erdos_renyi,3000,0.9,8,0.1166997196145656,350.0991588436968,350.0991588436968,True
erdos_renyi,3000,0.9,9,0.11660219390230964,349.8065817069289,349.8065817069289,True
erdos_renyi,3000,0.9,10,0.11669400584300116,350.08201752900345,350.08201752900345,True
erdos_renyi,3000,0.9,11,0.11660387006174056,349.81161018522164,349.81161018522164,True
erdos_renyi,3000,0.9,12,0.11660252513601,349.80757540803,349.80757540803,True
erdos_renyi,3000,0.9,13,0.11669740886315427,350.0922265894628,350.0922265894628,True
erdos_renyi,3000,0.9,14,0.11669899435357534,350.096983060726,350.096983060726,True
erdos_renyi,3000,0.9,15,0.11669172977880171,350.0751893364051,350.0751893364051,True
erdos_renyi,3000,0.9,16,0.11669742156621188,350.09226469863563,350.09226469863563,True
erdos_renyi,3000,0.9,17,0.11669221053003598,350.0766315901079,350.0766315901079,True
erdos_renyi,3000,0.9,18,0.11669998330219322,350.09994990657964,350.09994990657964,True
erdos_renyi,3000,0.9,19,0.1166996051996626,350.0988155989878,350.0988155989878,True
erdos_renyi,3000,0.9,20,0.11669516293977944,350.0854888193383,350.0854888193383,True
erdos_renyi,3000,0.9,21,0.11669740640655857,350.0922192196757,350.0922192196757,True
erdos_renyi,3000,0.9,22,0.11670244951575537,350.1073485472661,350.1073485472661,True
erdos_renyi,3000,0.9,23,0.11670134630703077,350.1040389210923,350.1040389210923,True
erdos_renyi,3000,0.9,24,0.11669447264803567,350.083417944107,350.083417944107,True
erdos_renyi,3000,0.9,25,0.11669088312960374,350.0726493888112,350.0726493888112,True
erdos_renyi,3000,0.9,26,0.11669814308674231,350.09442926022695,350.09442926022695,True
erdos_renyi,3000,0.9,27,0.11669336370173855,350.0800911052157,350.0800911052157,True
erdos_renyi,3000,0.9,28,0.11669071630123895,350.0721489037169,350.0721489037169,True
erdos_renyi,3000,0.9,29,0.11668538463637712,350.05615390913135,350.05615390913135,True
erdos_renyi,3000,1.0,0,0.0,0.0,0.0,True
erdos_renyi,3000,1.0,1,0.0,0.0,0.0,True
erdos_renyi,3000,1.0,2,0.0,0.0,0.0,True
erdos_renyi,3000,1.0,3,0.0,0.0,0.0,True
erdos_renyi,3000,1.0,4,0.0,0.0,0.0,True
erdos_renyi,3000,1.0,5,0.0,0.0,0.0,True
erdos_renyi,3000,1.0,6,0.0,0.0,0.0,True
erdos_renyi,3000,1.0,7,0.0,0.0,0.0,True
erdos_renyi,3000,1.0,8,0.0,0.0,0.0,True
erdos_renyi,3000,1.0,9,0.0,0.0,0.0,True
erdos_renyi,3000,1.0,10,0.0,0.0,0.0,True
erdos_renyi,3000,1.0,11,0.0,0.0,0.0,True
erdos_renyi,3000,1.0,12,0.0,0.0,0.0,True
erdos_renyi,3000,1.0,13,0.0,0.0,0.0,True
erdos_renyi,3000,1.0,14,0.0,0.0,0.0,True
erdos_renyi,3000,1.0,15,0.0,0.0,0.0,True
erdos_renyi,3000,1.0,16,0.0,0.0,0.0,True
erdos_renyi,3000,1.0,17,0.0,0.0,0.0,True
erdos_renyi,3000,1.0,18,0.0,0.0,0.0,True
erdos_renyi,3000,1.0,19,0.0,0.0,0.0,True
erdos_renyi,3000,1.0,20,0.0,0.0,0.0,True
erdos_renyi,3000,1.0,21,0.0,0.0,0.0,True
erdos_renyi,3000,1.0,22,0.0,0.0,0.0,True
erdos_renyi,3000,1.0,23,0.0,0.0,0.0,True
erdos_renyi,3000,1.0,24,0.0,0.0,0.0,True
erdos_renyi,3000,1.0,25,0.0,0.0,0.0,True
erdos_renyi,3000,1.0,26,0.0,0.0,0.0,True
erdos_renyi,3000,1.0,27,0.0,0.0,0.0,True
erdos_renyi,3000,1.0,28,0.0,0.0,0.0,True
erdos_renyi,3000,1.0,29,0.0,0.0,0.0,True
erdos_renyi,10000,0.0,0,0.6317240571815637,6317.240571815637,6317.240571815637,True
erdos_renyi,10000,0.0,1,0.6319642287949325,6319.642287949326,6319.642287949326,True
erdos_renyi,10000,0.0,2,0.6323984752589252,6323.984752589252,6323.984752589252,True
erdos_renyi,10000,0.0,3,0.63155020711428,6315.5020711428,6315.5020711428,True
erdos_renyi,10000,0.0,4,0.6323279918148605,6323.279918148605,6323.279918148605,True
erdos_renyi,10000,0.0,5,0.6324393897099487,6324.393897099488,6324.393897099488,True
erdos_renyi,10000,0.0,6,0.6320773601578631,6320.773601578631,6320.773601578631,True
erdos_renyi,10000,0.0,7,0.6324659220607047,6324.659220607047,6324.659220607047,True
erdos_renyi,10000,0.0,8,0.6327111895321789,6327.111895321788,6327.111895321788,True
erdos_renyi,10000,0.0,9,0.6319956530313837,6319.956530313837,6319.956530313837,True
erdos_renyi,10000,0.0,10,0.6321897760369155,6321.897760369155,6321.897760369155,True
erdos_renyi,10000,0.0,11,0.6325044107139439,6325.044107139439,6325.044107139439,True
erdos_renyi,10000,0.0,12,0.631861424554462,6318.614245544621,6318.614245544621,True
erdos_renyi,10000,0.0,13,0.6315931441659058,6315.931441659059,6315.931441659059,True
erdos_renyi,10000,0.0,14,0.6315018506646001,6315.018506646001,6315.018506646001,True
erdos_renyi,10000,0.0,15,0.6317409940683909,6317.409940683909,6317.409940683909,True
erdos_renyi,10000,0.0,16,0.6323434516358215,6323.434516358215,6323.434516358215,True
erdos_renyi,10000,0.0,17,0.6322755978433244,6322.755978433244,6322.755978433244,True
erdos_renyi,10000,0.0,18,0.6321776338538989,6321.776338538989,6321.776338538989,True
erdos_renyi,10000,0.0,19,0.6319954548377142,6319.954548377143,6319.954548377143,True
erdos_renyi,10000,0.0,20,0.6317867902993053,6317.867902993053,6317.867902993053,True
erdos_renyi,10000,0.0,21,0.6322871131544465,6322.871131544465,6322.871131544465,True
erdos_renyi,10000,0.0,22,0.6316593528558714,6316.593528558714,6316.593528558714,True
erdos_renyi,10000,0.0,23,0.6323548896016781,6323.54889601678,6323.54889601678,True
erdos_renyi,10000,0.0,24,0.6319258904764585,6319.258904764585,6319.258904764585,True
erdos_renyi,10000,0.0,25,0.6324799572694335,6324.799572694335,6324.799572694335,True
erdos_renyi,10000,0.0,26,0.6321153213428021,6321.153213428021,6321.153213428021,True
erdos_renyi,10000,0.0,27,0.6320378378706801,6320.378378706801,6320.378378706801,True
erdos_renyi,10000,0.0,28,0.6317796373581493,6317.796373581494,6317.796373581494,True
erdos_renyi,10000,0.0,29,0.6328474498968728,6328.474498968728,6328.474498968728,True
erdos_renyi,10000,0.1,0,0.6314818748131032,6314.818748131032,6314.818748131032,True
erdos_renyi,10000,0.1,1,0.6319290632744776,6319.290632744776,6319.290632744776,True
erdos_renyi,10000,0.1,2,0.6318394428736553,6318.394428736554,6318.394428736554,True
erdos_renyi,10000,0.1,3,0.63187259892418,6318.725989241801,6318.725989241801,True
erdos_renyi,10000,0.1,4,0.6316903440511867,6316.903440511867,6316.903440511867,True
erdos_renyi,10000,0.1,5,0.6313225008590558,6313.225008590558,6313.225008590558,True
erdos_renyi,10000,0.1,6,0.6317530832691872,6317.530832691872,6317.530832691872,True
erdos_renyi,10000,0.1,7,0.6318815992436596,6318.815992436596,6318.815992436596,True
erdos_renyi,10000,0.1,8,0.6317160569891502,6317.160569891503,6317.160569891503,True
erdos_renyi,10000,0.1,9,0.6316389971855081,6316.389971855081,6316.389971855081,True
erdos_renyi,10000,0.1,10,0.6315406099885187,6315.406099885186,6315.406099885186,True
erdos_renyi,10000,0.1,11,0.6313956022912959,6313.956022912958,6313.956022912958,True
erdos_renyi,10000,0.1,12,0.6316641214145364,6316.641214145364,6316.641214145364,True
erdos_renyi,10000,0.1,13,0.6321689935002182,6321.689935002181,6321.689935002181,True
erdos_renyi,10000,0.1,14,0.6319977341759541,6319.977341759541,6319.977341759541,True
erdos_renyi,10000,0.1,15,0.6313475837268615,6313.475837268615,6313.475837268615,True
erdos_renyi,10000,0.1,16,0.6317942970934851,6317.9429709348515,6317.9429709348515,True
erdos_renyi,10000,0.1,17,0.6315765830879739,6315.765830879739,6315.765830879739,True
erdos_renyi,10000,0.1,18,0.6317537004314748,6317.537004314749,6317.537004314749,True
erdos_renyi,10000,0.1,19,0.632389366122267,6323.893661222671,6323.893661222671,True
erdos_renyi,10000,0.1,20,0.6320486660746027,6320.486660746027,6320.486660746027,True
erdos_renyi,10000,0.1,21,0.6318426184995526,6318.426184995526,6318.426184995526,True
erdos_renyi,10000,0.1,22,0.631442155722769,6314.42155722769,6314.42155722769,True
erdos_renyi,10000,0.1,23,0.631437609442422,6314.37609442422,6314.37609442422,True
erdos_renyi,10000,0.1,24,0.6320782159165395,6320.782159165395,6320.782159165395,True
erdos_renyi,10000,0.1,25,0.6316630586847634,6316.630586847634,6316.630586847634,True
erdos_renyi,10000,0.1,26,0.6317042975805578,6317.042975805578,6317.042975805578,True
erdos_renyi,10000,0.1,27,0.6316065040960306,6316.065040960306,6316.065040960306,True
erdos_renyi,10000,0.1,28,0.6322039999818445,6322.039999818445,6322.039999818445,True
erdos_renyi,10000,0.1,29,0.631556127627951,6315.56127627951,6315.56127627951,True
erdos_renyi,10000,0.3,0,0.5457800503037749,5457.800503037749,5457.800503037749,True
erdos_renyi,10000,0.3,1,0.5457019224313431,5457.019224313431,5457.019224313431,True
erdos_renyi,10000,0.3,2,0.5453921481596168,5453.921481596168,5453.921481596168,True
erdos_renyi,10000,0.3,3,0.5455305480979142,5455.305480979142,5455.305480979142,True
erdos_renyi,10000,0.3,4,0.5457349166161538,5457.349166161538,5457.349166161538,True
erdos_renyi,10000,0.3,5,0.5454978592783886,5454.978592783886,5454.978592783886,True
erdos_renyi,10000,0.3,6,0.5455402078485758,5455.4020784857585,5455.4020784857585,True
erdos_renyi,10000,0.3,7,0.5453677485439747,5453.677485439747,5453.677485439747,True
erdos_renyi,10000,0.3,8,0.5458525796992909,5458.525796992909,5458.525796992909,True
erdos_renyi,10000,0.3,9,0.545641191884508,5456.4119188450795,5456.4119188450795,True
erdos_renyi,10000,0.3,10,0.5457887521901321,5457.887521901322,5457.887521901322,True
erdos_renyi,10000,0.3,11,0.5453882908636859,5453.882908636859,5453.882908636859,True
erdos_renyi,10000,0.3,12,0.5456918702858277,5456.918702858276,5456.918702858276,True
erdos_renyi,10000,0.3,13,0.5453561208343749,5453.561208343749,5453.561208343749,True
erdos_renyi,10000,0.3,14,0.5455750362394951,5455.7503623949515,5455.7503623949515,True
erdos_renyi,10000,0.3,15,0.5453690443232264,5453.690443232264,5453.690443232264,True
erdos_renyi,10000,0.3,16,0.545637624582463,5456.37624582463,5456.37624582463,True
erdos_renyi,10000,0.3,17,0.5454159323111538,5454.1593231115385,5454.1593231115385,True
erdos_renyi,10000,0.3,18,0.5454929975773504,5454.929975773503,5454.929975773503,True
erdos_renyi,10000,0.3,19,0.5456653218011991,5456.653218011991,5456.653218011991,True
erdos_renyi,10000,0.3,20,0.5455891403777029,5455.891403777029,5455.891403777029,True
erdos_renyi,10000,0.3,21,0.545714189863315,5457.14189863315,5457.14189863315,True
erdos_renyi,10000,0.3,22,0.5458010553283403,5458.010553283403,5458.010553283403,True
erdos_renyi,10000,0.3,23,0.5450710632337717,5450.7106323377175,5450.7106323377175,True
erdos_renyi,10000,0.3,24,0.5458980793074664,5458.980793074664,5458.980793074664,True
erdos_renyi,10000,0.3,25,0.5451163876766647,5451.163876766647,5451.163876766647,True
erdos_renyi,10000,0.3,26,0.5455917466628177,5455.917466628177,5455.917466628177,True
erdos_renyi,10000,0.3,27,0.5453238139312637,5453.238139312637,5453.238139312637,True
erdos_renyi,10000,0.3,28,0.5452585611772026,5452.585611772026,5452.585611772026,True
erdos_renyi,10000,0.3,29,0.5455355121150378,5455.355121150378,5455.355121150378,True
erdos_renyi,10000,0.5,0,0.438284155605855,4382.84155605855,4382.84155605855,True
erdos_renyi,10000,0.5,1,0.43822525690521463,4382.252569052146,4382.252569052146,True
erdos_renyi,10000,0.5,2,0.43834135517178285,4383.413551717828,4383.413551717828,True
erdos_renyi,10000,0.5,3,0.43827173725400637,4382.7173725400635,4382.7173725400635,True
erdos_renyi,10000,0.5,4,0.43824451779433216,4382.445177943321,4382.445177943321,True
erdos_renyi,10000,0.5,5,0.4383666251245718,4383.666251245718,4383.666251245718,True
erdos_renyi,10000,0.5,6,0.43811167618100133,4381.1167618100135,4381.1167618100135,True
erdos_renyi,10000,0.5,7,0.43793824606851006,4379.3824606851,4379.3824606851,True
erdos_renyi,10000,0.5,8,0.43795004082918987,4379.500408291899,4379.500408291899,True
erdos_renyi,10000,0.5,9,0.43808048432394864,4380.804843239486,4380.804843239486,True
erdos_renyi,10000,0.5,10,0.437973146589932,4379.73146589932,4379.73146589932,True
erdos_renyi,10000,0.5,11,0.4382927868109213,4382.927868109213,4382.927868109213,True
erdos_renyi,10000,0.5,12,0.43794789870633843,4379.478987063384,4379.478987063384,True
erdos_renyi,10000,0.5,13,0.4380043096500089,4380.043096500089,4380.043096500089,True
erdos_renyi,10000,0.5,14,0.437884970873447,4378.84970873447,4378.84970873447,True
erdos_renyi,10000,0.5,15,0.4380068910165278,4380.068910165278,4380.068910165278,True
erdos_renyi,10000,0.5,16,0.43798477572303895,4379.847757230389,4379.847757230389,True
erdos_renyi,10000,0.5,17,0.4379760243071934,4379.760243071934,4379.760243071934,True
erdos_renyi,10000,0.5,18,0.4380582589377576,4380.582589377576,4380.582589377576,True
erdos_renyi,10000,0.5,19,0.43816009450449867,4381.6009450449865,4381.6009450449865,True
erdos_renyi,10000,0.5,20,0.4379777531046001,4379.777531046001,4379.777531046001,True
erdos_renyi,10000,0.5,21,0.4381235221648596,4381.235221648596,4381.235221648596,True
erdos_renyi,10000,0.5,22,0.4380871900284995,4380.871900284995,4380.871900284995,True
erdos_renyi,10000,0.5,23,0.4379861950960071,4379.861950960071,4379.861950960071,True
erdos_renyi,10000,0.5,24,0.4379847981572744,4379.847981572744,4379.847981572744,True
erdos_renyi,10000,0.5,25,0.4380983754916603,4380.983754916603,4380.983754916603,True
erdos_renyi,10000,0.5,26,0.43812992934934714,4381.299293493471,4381.299293493471,True
erdos_renyi,10000,0.5,27,0.4381794315344415,4381.794315344415,4381.794315344415,True
erdos_renyi,10000,0.5,28,0.43817987087144716,4381.798708714472,4381.798708714472,True
erdos_renyi,10000,0.5,29,0.43796421498855165,4379.642149885516,4379.642149885516,True
erdos_renyi,10000,0.7,0,0.3001919207924244,3001.919207924244,3001.919207924244,True
erdos_renyi,10000,0.7,1,0.30009367984906077,3000.9367984906075,3000.9367984906075,True
erdos_renyi,10000,0.7,2,0.30019062402707497,3001.9062402707495,3001.9062402707495,True
erdos_renyi,10000,0.7,3,0.3003111497343294,3003.1114973432936,3003.1114973432936,True
erdos_renyi,10000,0.7,4,0.3002441210181853,3002.441210181853,3002.441210181853,True
erdos_renyi,10000,0.7,5,0.3000308600168914,3000.308600168914,3000.308600168914,True
erdos_renyi,10000,0.7,6,0.3002652071581817,3002.6520715818174,3002.6520715818174,True
erdos_renyi,10000,0.7,7,0.3001271119301365,3001.271119301365,3001.271119301365,True
erdos_renyi,10000,0.7,8,0.30023092237127913,3002.309223712791,3002.309223712791,True
erdos_renyi,10000,0.7,9,0.3002305859395188,3002.305859395188,3002.305859395188,True
erdos_renyi,10000,0.7,10,0.30016170925265506,3001.6170925265506,3001.6170925265506,True
erdos_renyi,10000,0.7,11,0.3002292741605441,3002.2927416054413,3002.2927416054413,True
erdos_renyi,10000,0.7,12,0.3001720888435976,3001.7208884359757,3001.7208884359757,True
erdos_renyi,10000,0.7,13,0.3003015327731041,3003.015327731041,3003.015327731041,True
erdos_renyi,10000,0.7,14,0.3002597191486257,3002.597191486257,3002.597191486257,True
erdos_renyi,10000,0.7,15,0.30014639922363573,3001.463992236357,3001.463992236357,True
erdos_renyi,10000,0.7,16,0.3002568167956978,3002.5681679569784,3002.5681679569784,True
erdos_renyi,10000,0.7,17,0.30025619743207754,3002.5619743207753,3002.5619743207753,True
erdos_renyi,10000,0.7,18,0.30024745674436026,3002.4745674436026,3002.4745674436026,True
erdos_renyi,10000,0.7,19,0.300198252490126,3001.98252490126,3001.98252490126,True
erdos_renyi,10000,0.7,20,0.30021627588338295,3002.1627588338297,3002.1627588338297,True
erdos_renyi,10000,0.7,21,0.3001500742197002,3001.5007421970017,3001.5007421970017,True
erdos_renyi,10000,0.7,22,0.3001447525483941,3001.4475254839413,3001.4475254839413,True
erdos_renyi,10000,0.7,23,0.3000199209058857,3000.199209058857,3000.199209058857,True
erdos_renyi,10000,0.7,24,0.3000880969014057,3000.880969014057,3000.880969014057,True
erdos_renyi,10000,0.7,25,0.3002042395100005,3002.0423951000053,3002.0423951000053,True
erdos_renyi,10000,0.7,26,0.30022131653737594,3002.2131653737592,3002.2131653737592,True
erdos_renyi,10000,0.7,27,0.300216793846923,3002.16793846923,3002.16793846923,True
erdos_renyi,10000,0.7,28,0.30033226793068435,3003.3226793068434,3003.3226793068434,True
erdos_renyi,10000,0.7,29,0.3002805252408872,3002.805252408872,3002.805252408872,True
erdos_renyi,10000,0.9,0,0.11669980300119032,1166.9980300119032,1166.9980300119032,True
erdos_renyi,10000,0.9,1,0.11659927891570077,1165.9927891570076,1165.9927891570076,True
erdos_renyi,10000,0.9,2,0.11669777113399082,1166.9777113399082,1166.9777113399082,True
erdos_renyi,10000,0.9,3,0.1166924319441145,1166.924319441145,1166.924319441145,True
erdos_renyi,10000,0.9,4,0.11670238461178295,1167.0238461178294,1167.0238461178294,True
erdos_renyi,10000,0.9,5,0.11669911732367988,1166.9911732367989,1166.9911732367989,True
erdos_renyi,10000,0.9,6,0.11669471611952476,1166.9471611952476,1166.9471611952476,True
erdos_renyi,10000,0.9,7,0.11669797805552962,1166.9797805552962,1166.9797805552962,True
erdos_renyi,10000,0.9,8,0.11668875042202898,1166.8875042202897,1166.8875042202897,True
erdos_renyi,10000,0.9,9,0.1166914763622785,1166.914763622785,1166.914763622785,True
erdos_renyi,10000,0.9,10,0.11659893788860021,1165.989378886002,1165.989378886002,True
erdos_renyi,10000,0.9,11,0.1166937612575546,1166.937612575546,1166.937612575546,True
erdos_renyi,10000,0.9,12,0.11670705353839439,1167.070535383944,1167.070535383944,True
erdos_renyi,10000,0.9,13,0.11669524712598589,1166.9524712598588,1166.9524712598588,True
erdos_renyi,10000,0.9,14,0.11669997443627766,1166.9997443627767,1166.9997443627767,True
erdos_renyi,10000,0.9,15,0.1166923411209494,1166.923411209494,1166.923411209494,True
erdos_renyi,10000,0.9,16,0.11669990513898554,1166.9990513898554,1166.9990513898554,True
erdos_renyi,10000,0.9,17,0.11669964714931813,1166.9964714931814,1166.9964714931814,True
erdos_renyi,10000,0.9,18,0.11669225166195585,1166.9225166195586,1166.9225166195586,True
erdos_renyi,10000,0.9,19,0.11669587341771703,1166.9587341771703,1166.9587341771703,True
erdos_renyi,10000,0.9,20,0.11669533005397947,1166.9533005397948,1166.9533005397948,True
erdos_renyi,10000,0.9,21,0.11670032236787276,1167.0032236787276,1167.0032236787276,True
erdos_renyi,10000,0.9,22,0.11670166800826098,1167.0166800826098,1167.0166800826098,True
erdos_renyi,10000,0.9,23,0.11670149439166533,1167.0149439166532,1167.0149439166532,True
erdos_renyi,10000,0.9,24,0.1166933229325573,1166.933229325573,1166.933229325573,True
erdos_renyi,10000,0.9,25,0.11669824680896157,1166.9824680896156,1166.9824680896156,True
erdos_renyi,10000,0.9,26,0.1166922968106443,1166.922968106443,1166.922968106443,True
erdos_renyi,10000,0.9,27,0.11668650249890711,1166.8650249890711,1166.8650249890711,True
erdos_renyi,10000,0.9,28,0.11669968902407235,1166.9968902407236,1166.9968902407236,True
erdos_renyi,10000,0.9,29,0.11669184443385083,1166.9184443385084,1166.9184443385084,True
erdos_renyi,10000,1.0,0,0.0,0.0,0.0,True
erdos_renyi,10000,1.0,1,0.0,0.0,0.0,True
erdos_renyi,10000,1.0,2,0.0,0.0,0.0,True
erdos_renyi,10000,1.0,3,0.0,0.0,0.0,True
erdos_renyi,10000,1.0,4,0.0,0.0,0.0,True
erdos_renyi,10000,1.0,5,0.0,0.0,0.0,True
erdos_renyi,10000,1.0,6,0.0,0.0,0.0,True
erdos_renyi,10000,1.0,7,0.0,0.0,0.0,True
erdos_renyi,10000,1.0,8,0.0,0.0,0.0,True
erdos_renyi,10000,1.0,9,0.0,0.0,0.0,True
erdos_renyi,10000,1.0,10,0.0,0.0,0.0,True
erdos_renyi,10000,1.0,11,0.0,0.0,0.0,True
erdos_renyi,10000,1.0,12,0.0,0.0,0.0,True
erdos_renyi,10000,1.0,13,0.0,0.0,0.0,True
erdos_renyi,10000,1.0,14,0.0,0.0,0.0,True
erdos_renyi,10000,1.0,15,0.0,0.0,0.0,True
erdos_renyi,10000,1.0,16,0.0,0.0,0.0,True
erdos_renyi,10000,1.0,17,0.0,0.0,0.0,True
erdos_renyi,10000,1.0,18,0.0,0.0,0.0,True
erdos_renyi,10000,1.0,19,0.0,0.0,0.0,True
erdos_renyi,10000,1.0,20,0.0,0.0,0.0,True
erdos_renyi,10000,1.0,21,0.0,0.0,0.0,True
erdos_renyi,10000,1.0,22,0.0,0.0,0.0,True
erdos_renyi,10000,1.0,23,0.0,0.0,0.0,True
erdos_renyi,10000,1.0,24,0.0,0.0,0.0,True
erdos_renyi,10000,1.0,25,0.0,0.0,0.0,True
erdos_renyi,10000,1.0,26,0.0,0.0,0.0,True
erdos_renyi,10000,1.0,27,0.0,0.0,0.0,True
erdos_renyi,10000,1.0,28,0.0,0.0,0.0,True
erdos_renyi,10000,1.0,29,0.0,0.0,0.0,True
barabasi_albert,10,0.0,0,0.6315968453765488,6.315968453765488,6.315968453765488,False
barabasi_albert,10,0.0,1,0.6323163189002261,6.323163189002261,6.323163189002261,False
barabasi_albert,10,0.0,2,0.6325059101580642,6.325059101580642,6.325059101580642,False
barabasi_albert,10,0.0,3,0.6319517239040404,6.319517239040405,6.319517239040405,False
barabasi_albert,10,0.0,4,0.632265116423157,6.322651164231569,6.322651164231569,False
barabasi_albert,10,0.0,5,0.6330533412201536,6.330533412201536,6.330533412201536,False
barabasi_albert,10,0.0,6,0.6328797804381461,6.328797804381461,6.328797804381461,False
barabasi_albert,10,0.0,7,0.6312526796098603,6.312526796098603,6.312526796098603,False
barabasi_albert,10,0.0,8,0.632898472059608,6.328984720596081,6.328984720596081,False
barabasi_albert,10,0.0,9,0.6317943767633656,6.317943767633656,6.317943767633656,False
barabasi_albert,10,0.0,10,0.631755865766318,6.317558657663181,6.317558657663181,False
barabasi_albert,10,0.0,11,0.6331440082161602,6.331440082161603,6.331440082161603,False
barabasi_albert,10,0.0,12,0.631822578305657,6.318225783056571,6.318225783056571,False
barabasi_albert,10,0.0,13,0.6330474112307972,6.330474112307972,6.330474112307972,False
barabasi_albert,10,0.0,14,0.6322198739342961,6.322198739342961,6.322198739342961,False
barabasi_albert,10,0.0,15,0.6331487450757933,6.331487450757933,6.331487450757933,False
barabasi_albert,10,0.0,16,0.6332366166600518,6.332366166600519,6.332366166600519,False
barabasi_albert,10,0.0,17,0.6321074254589985,6.321074254589984,6.321074254589984,False
barabasi_albert,10,0.0,18,0.6324737271033118,6.3247372710331184,6.3247372710331184,False
barabasi_albert,10,0.0,19,0.6316219590766448,6.316219590766448,6.316219590766448,False
barabasi_albert,10,0.0,20,0.6297380181634021,6.297380181634021,6.297380181634021,False
barabasi_albert,10,0.0,21,0.6313883640469701,6.313883640469701,6.313883640469701,False
barabasi_albert,10,0.0,22,0.6319723849392356,6.319723849392355,6.319723849392355,False
barabasi_albert,10,0.0,23,0.6314584681083035,6.314584681083035,6.314584681083035,False
barabasi_albert,10,0.0,24,0.6317997055158142,6.317997055158142,6.317997055158142,False
barabasi_albert,10,0.0,25,0.631438875683185,6.31438875683185,6.31438875683185,False
barabasi_albert,10,0.0,26,0.6326428594291045,6.326428594291045,6.326428594291045,False
barabasi_albert,10,0.0,27,0.6333898650891159,6.333898650891159,6.333898650891159,False
barabasi_albert,10,0.0,28,0.6323540621655943,6.323540621655943,6.323540621655943,False
barabasi_albert,10,0.0,29,0.6301498767818506,6.301498767818506,6.301498767818506,False
barabasi_albert,10,0.1,0,0.6328987624041815,6.328987624041815,6.328987624041815,False
barabasi_albert,10,0.1,1,0.6309307297415485,6.309307297415485,6.309307297415485,False
barabasi_albert,10,0.1,2,0.6319459138519767,6.319459138519767,6.319459138519767,False
barabasi_albert,10,0.1,3,0.6318540413493131,6.318540413493131,6.318540413493131,False
barabasi_albert,10,0.1,4,0.6317394112217045,6.317394112217045,6.317394112217045,False
barabasi_albert,10,0.1,5,0.6310681778109225,6.310681778109225,6.310681778109225,False
barabasi_albert,10,0.1,6,0.6303525237956953,6.303525237956952,6.303525237956952,False
barabasi_albert,10,0.1,7,0.6305034579469369,6.3050345794693685,6.3050345794693685,False
barabasi_albert,10,0.1,8,0.6314397902467352,6.314397902467352,6.314397902467352,False
barabasi_albert,10,0.1,9,0.6320512893733721,6.320512893733721,6.320512893733721,False
barabasi_albert,10,0.1,10,0.6322453893165619,6.322453893165619,6.322453893165619,False
barabasi_albert,10,0.1,11,0.6308454983182472,6.308454983182472,6.308454983182472,False
barabasi_albert,10,0.1,12,0.6305591982382762,6.305591982382762,6.305591982382762,False
barabasi_albert,10,0.1,13,0.632102476132121,6.32102476132121,6.32102476132121,False
barabasi_albert,10,0.1,14,0.6315407184365742,6.315407184365743,6.315407184365743,False
barabasi_albert,10,0.1,15,0.6308736467865586,6.308736467865586,6.308736467865586,False
barabasi_albert,10,0.1,16,0.6319490097546568,6.319490097546568,6.319490097546568,False
barabasi_albert,10,0.1,17,0.6318174113608678,6.318174113608678,6.318174113608678,False
barabasi_albert,10,0.1,18,0.6312821447180997,6.312821447180998,6.312821447180998,False
barabasi_albert,10,0.1,19,0.6323314777828202,6.323314777828202,6.323314777828202,False
barabasi_albert,10,0.1,20,0.6327170639976798,6.3271706399767975,6.3271706399767975,False
barabasi_albert,10,0.1,21,0.6337459529227483,6.337459529227482,6.337459529227482,False
barabasi_albert,10,0.1,22,0.6307513127899049,6.30751312789905,6.30751312789905,False
barabasi_albert,10,0.1,23,0.630472790193936,6.30472790193936,6.30472790193936,False
barabasi_albert,10,0.1,24,0.6318902978773849,6.318902978773849,6.318902978773849,False
barabasi_albert,10,0.1,25,0.6306925018430923,6.306925018430923,6.306925018430923,False
barabasi_albert,10,0.1,26,0.6318052579197115,6.318052579197115,6.318052579197115,False
barabasi_albert,10,0.1,27,0.6312676387802676,6.312676387802676,6.312676387802676,False
barabasi_albert,10,0.1,28,0.6305728494586609,6.305728494586608,6.305728494586608,False
barabasi_albert,10,0.1,29,0.6329028509899283,6.329028509899283,6.329028509899283,False
barabasi_albert,10,0.3,0,0.5453102014801917,5.453102014801917,5.453102014801917,False
barabasi_albert,10,0.3,1,0.5466926155783494,5.466926155783494,5.466926155783494,False
barabasi_albert,10,0.3,2,0.5458337169387597,5.4583371693875975,5.4583371693875975,False
barabasi_albert,10,0.3,3,0.5447097158729861,5.447097158729861,5.447097158729861,False
barabasi_albert,10,0.3,4,0.5459860477552922,5.4598604775529225,5.4598604775529225,False
barabasi_albert,10,0.3,5,0.5453831945641302,5.453831945641302,5.453831945641302,False
barabasi_albert,10,0.3,6,0.545670369453678,5.456703694536779,5.456703694536779,False
barabasi_albert,10,0.3,7,0.5456332837306226,5.456332837306226,5.456332837306226,False
barabasi_albert,10,0.3,8,0.5435664825327421,5.435664825327421,5.435664825327421,False
barabasi_albert,10,0.3,9,0.5456342397522267,5.456342397522267,5.456342397522267,False
barabasi_albert,10,0.3,10,0.5450832121423969,5.450832121423969,5.450832121423969,False
barabasi_albert,10,0.3,11,0.546630513126685,5.46630513126685,5.46630513126685,False
barabasi_albert,10,0.3,12,0.5451851807617045,5.451851807617045,5.451851807617045,False
barabasi_albert,10,0.3,13,0.5456508609043067,5.456508609043067,5.456508609043067,False
barabasi_albert,10,0.3,14,0.544651478203257,5.44651478203257,5.44651478203257,False
barabasi_albert,10,0.3,15,0.5460789718162284,5.460789718162284,5.460789718162284,False
barabasi_albert,10,0.3,16,0.5438533165570067,5.4385331655700675,5.4385331655700675,False
barabasi_albert,10,0.3,17,0.5445297409241872,5.4452974092418716,5.4452974092418716,False
barabasi_albert,10,0.3,18,0.5452478069406628,5.452478069406627,5.452478069406627,False
barabasi_albert,10,0.3,19,0.5459384269623306,5.459384269623307,5.459384269623307,False
barabasi_albert,10,0.3,20,0.5457226108548189,5.457226108548189,5.457226108548189,False
barabasi_albert,10,0.3,21,0.5458466473434991,5.45846647343499,5.45846647343499,False
barabasi_albert,10,0.3,22,0.5458404759211148,5.458404759211149,5.458404759211149,False
barabasi_albert,10,0.3,23,0.5459952106449284,5.459952106449284,5.459952106449284,False
barabasi_albert,10,0.3,24,0.5448667999167895,5.4486679991678955,5.4486679991678955,False
barabasi_albert,10,0.3,25,0.5442660734056486,5.442660734056486,5.442660734056486,False
barabasi_albert,10,0.3,26,0.5454409357158779,5.454409357158779,5.454409357158779,False
barabasi_albert,10,0.3,27,0.5454325687632376,5.454325687632377,5.454325687632377,False
barabasi_albert,10,0.3,28,0.5459101839386911,5.459101839386911,5.459101839386911,False
barabasi_albert,10,0.3,29,0.545172592322535,5.45172592322535,5.45172592322535,False
barabasi_albert,10,0.5,0,0.43825564236783776,4.382556423678378,4.382556423678378,False
barabasi_albert,10,0.5,1,0.4357992198131423,4.357992198131423,4.357992198131423,False
barabasi_albert,10,0.5,2,0.43787151848690675,4.378715184869067,4.378715184869067,False
barabasi_albert,10,0.5,3,0.4381763443448662,4.381763443448662,4.381763443448662,False
barabasi_albert,10,0.5,4,0.43827053010474204,4.38270530104742,4.38270530104742,False
barabasi_albert,10,0.5,5,0.4383781114509163,4.383781114509163,4.383781114509163,False
barabasi_albert,10,0.5,6,0.43862690148376404,4.386269014837641,4.386269014837641,False
barabasi_albert,10,0.5,7,0.4383373878109673,4.383373878109673,4.383373878109673,False
barabasi_albert,10,0.5,8,0.43799931661324765,4.3799931661324765,4.3799931661324765,False
barabasi_albert,10,0.5,9,0.4382258496184339,4.382258496184339,4.382258496184339,False
barabasi_albert,10,0.5,10,0.4378954542080793,4.378954542080793,4.378954542080793,False
barabasi_albert,10,0.5,11,0.4381860484596648,4.381860484596648,4.381860484596648,False
barabasi_albert,10,0.5,12,0.43836964672918166,4.383696467291816,4.383696467291816,False
barabasi_albert,10,0.5,13,0.4372079747675218,4.372079747675218,4.372079747675218,False
barabasi_albert,10,0.5,14,0.4386196549697734,4.386196549697734,4.386196549697734,False
barabasi_albert,10,0.5,15,0.43822263084724833,4.382226308472483,4.382226308472483,False
barabasi_albert,10,0.5,16,0.43681964041176713,4.368196404117671,4.368196404117671,False
barabasi_albert,10,0.5,17,0.43814037564386465,4.3814037564386465,4.3814037564386465,False
barabasi_albert,10,0.5,18,0.4380901455801939,4.380901455801939,4.380901455801939,False
barabasi_albert,10,0.5,19,0.43819242729397956,4.381924272939796,4.381924272939796,False
barabasi_albert,10,0.5,20,0.43800216998223407,4.380021699822341,4.380021699822341,False
barabasi_albert,10,0.5,21,0.4382274930432306,4.382274930432306,4.382274930432306,False
barabasi_albert,10,0.5,22,0.43850651602241675,4.385065160224167,4.385065160224167,False
barabasi_albert,10,0.5,23,0.43833979914012944,4.383397991401294,4.383397991401294,False
barabasi_albert,10,0.5,24,0.43843276536495335,4.3843276536495335,4.3843276536495335,False
barabasi_albert,10,0.5,25,0.43828324589537815,4.382832458953781,4.382832458953781,False
barabasi_albert,10,0.5,26,0.43808983484082265,4.380898348408227,4.380898348408227,False
barabasi_albert,10,0.5,27,0.4379948447028724,4.379948447028724,4.379948447028724,False
barabasi_albert,10,0.5,28,0.4367387033743392,4.367387033743392,4.367387033743392,False
barabasi_albert,10,0.5,29,0.4381539061917975,4.381539061917975,4.381539061917975,False
barabasi_albert,10,0.7,0,0.3001614983891536,3.0016149838915362,3.0016149838915362,False
barabasi_albert,10,0.7,1,0.30018343341149023,3.0018343341149025,3.0018343341149025,False
barabasi_albert,10,0.7,2,0.300205620469703,3.00205620469703,3.00205620469703,False
barabasi_albert,10,0.7,3,0.300276306893801,3.0027630689380103,3.0027630689380103,False
barabasi_albert,10,0.7,4,0.30030182308789766,3.0030182308789763,3.0030182308789763,False
barabasi_albert,10,0.7,5,0.30023034763166534,3.002303476316653,3.002303476316653,False
barabasi_albert,10,0.7,6,0.30024671746303055,3.0024671746303055,3.0024671746303055,False
barabasi_albert,10,0.7,7,0.3004252273720639,3.004252273720639,3.004252273720639,False
barabasi_albert,10,0.7,8,0.3003217359664646,3.003217359664646,3.003217359664646,False
barabasi_albert,10,0.7,9,0.30038162808589064,3.0038162808589064,3.0038162808589064,False
barabasi_albert,10,0.7,10,0.30028831023858993,3.0028831023858995,3.0028831023858995,False
barabasi_albert,10,0.7,11,0.3001256893829176,3.001256893829176,3.001256893829176,False
barabasi_albert,10,0.7,12,0.30026380675628206,3.0026380675628204,3.0026380675628204,False
barabasi_albert,10,0.7,13,0.30027144211978474,3.0027144211978474,3.0027144211978474,False
barabasi_albert,10,0.7,14,0.3003579706799411,3.0035797067994108,3.0035797067994108,False
barabasi_albert,10,0.7,15,0.30043338018937316,3.004333801893732,3.004333801893732,False
barabasi_albert,10,0.7,16,0.3001419721207583,3.0014197212075833,3.0014197212075833,False
barabasi_albert,10,0.7,17,0.30022225189277085,3.0022225189277085,3.0022225189277085,False
barabasi_albert,10,0.7,18,0.30028672239126886,3.0028672239126886,3.0028672239126886,False
barabasi_albert,10,0.7,19,0.3002535018501292,3.002535018501292,3.002535018501292,False
barabasi_albert,10,0.7,20,0.3002877503200082,3.0028775032000823,3.0028775032000823,False
barabasi_albert,10,0.7,21,0.3002546487929184,3.002546487929184,3.002546487929184,False
barabasi_albert,10,0.7,22,0.3003178494968032,3.003178494968032,3.003178494968032,False
barabasi_albert,10,0.7,23,0.30016945084076063,3.0016945084076063,3.0016945084076063,False
barabasi_albert,10,0.7,24,0.3002933964522321,3.0029339645223208,3.0029339645223208,False
barabasi_albert,10,0.7,25,0.30014757323109864,3.001475732310986,3.001475732310986,False
barabasi_albert,10,0.7,26,0.30019958646847367,3.0019958646847367,3.0019958646847367,False
barabasi_albert,10,0.7,27,0.3003466791818662,3.0034667918186617,3.0034667918186617,False
barabasi_albert,10,0.7,28,0.3001918219336549,3.001918219336549,3.001918219336549,False
barabasi_albert,10,0.7,29,0.3003054970851524,3.003054970851524,3.003054970851524,False
barabasi_albert,10,0.9,0,0.11669381364619291,1.1669381364619291,1.1669381364619291,False
barabasi_albert,10,0.9,1,0.11410479618856517,1.1410479618856517,1.1410479618856517,False
barabasi_albert,10,0.9,2,0.11669841467785536,1.1669841467785536,1.1669841467785536,False
barabasi_albert,10,0.9,3,0.11667911000359132,1.1667911000359132,1.1667911000359132,False
barabasi_albert,10,0.9,4,0.1167045451876586,1.167045451876586,1.167045451876586,False
barabasi_albert,10,0.9,5,0.11668430655249495,1.1668430655249495,1.1668430655249495,False
barabasi_albert,10,0.9,6,0.11669830043752782,1.1669830043752782,1.1669830043752782,False
barabasi_albert,10,0.9,7,0.11671003888773346,1.1671003888773346,1.1671003888773346,False
barabasi_albert,10,0.9,8,0.11667601283338103,1.1667601283338103,1.1667601283338103,False
barabasi_albert,10,0.9,9,0.11668161921803522,1.1668161921803522,1.1668161921803522,False
barabasi_albert,10,0.9,10,0.11668371048400816,1.1668371048400816,1.1668371048400816,False
barabasi_albert,10,0.9,11,0.11670601544539838,1.1670601544539838,1.1670601544539838,False
barabasi_albert,10,0.9,12,0.11669666980530446,1.1669666980530446,1.1669666980530446,False
barabasi_albert,10,0.9,13,0.11669931361757047,1.1669931361757047,1.1669931361757047,False
barabasi_albert,10,0.9,14,0.11670356988826458,1.1670356988826458,1.1670356988826458,False
barabasi_albert,10,0.9,15,0.11669016300298041,1.166901630029804,1.166901630029804,False
barabasi_albert,10,0.9,16,0.11669067980224224,1.1669067980224224,1.1669067980224224,False
barabasi_albert,10,0.9,17,0.1166997215206993,1.166997215206993,1.166997215206993,False
barabasi_albert,10,0.9,18,0.11671046727642476,1.1671046727642476,1.1671046727642476,False
barabasi_albert,10,0.9,19,0.1166843650718069,1.166843650718069,1.166843650718069,False
barabasi_albert,10,0.9,20,0.11668671999632174,1.1668671999632174,1.1668671999632174,False
barabasi_albert,10,0.9,21,0.11670625446220739,1.167062544622074,1.167062544622074,False
barabasi_albert,10,0.9,22,0.11672634192369191,1.1672634192369191,1.1672634192369191,False
barabasi_albert,10,0.9,23,0.1166949889645229,1.166949889645229,1.166949889645229,False
barabasi_albert,10,0.9,24,0.11670162927241057,1.1670162927241057,1.1670162927241057,False
barabasi_albert,10,0.9,25,0.11669309477621093,1.1669309477621093,1.1669309477621093,False
barabasi_albert,10,0.9,26,0.11670148934559732,1.1670148934559732,1.1670148934559732,False
barabasi_albert,10,0.9,27,0.11670510836437686,1.1670510836437686,1.1670510836437686,False
barabasi_albert,10,0.9,28,0.11669819571116746,1.1669819571116746,1.1669819571116746,False
barabasi_albert,10,0.9,29,0.11669947588451368,1.1669947588451368,1.1669947588451368,False
barabasi_albert,10,1.0,0,0.0,0.0,0.0,False
barabasi_albert,10,1.0,1,0.0,0.0,0.0,False
barabasi_albert,10,1.0,2,0.0,0.0,0.0,False
barabasi_albert,10,1.0,3,0.0,0.0,0.0,False
barabasi_albert,10,1.0,4,0.0,0.0,0.0,False
barabasi_albert,10,1.0,5,0.0,0.0,0.0,False
barabasi_albert,10,1.0,6,0.0,0.0,0.0,False
barabasi_albert,10,1.0,7,0.0,0.0,0.0,False
barabasi_albert,10,1.0,8,0.0,0.0,0.0,False
barabasi_albert,10,1.0,9,0.0,0.0,0.0,False
barabasi_albert,10,1.0,10,0.0,0.0,0.0,False
barabasi_albert,10,1.0,11,0.0,0.0,0.0,False
barabasi_albert,10,1.0,12,0.0,0.0,0.0,False
barabasi_albert,10,1.0,13,0.0,0.0,0.0,False
barabasi_albert,10,1.0,14,0.0,0.0,0.0,False
barabasi_albert,10,1.0,15,0.0,0.0,0.0,False
barabasi_albert,10,1.0,16,0.0,0.0,0.0,False
barabasi_albert,10,1.0,17,0.0,0.0,0.0,False
barabasi_albert,10,1.0,18,0.0,0.0,0.0,False
barabasi_albert,10,1.0,19,0.0,0.0,0.0,False
barabasi_albert,10,1.0,20,0.0,0.0,0.0,False
barabasi_albert,10,1.0,21,0.0,0.0,0.0,False
barabasi_albert,10,1.0,22,0.0,0.0,0.0,False
barabasi_albert,10,1.0,23,0.0,0.0,0.0,False
barabasi_albert,10,1.0,24,0.0,0.0,0.0,False
barabasi_albert,10,1.0,25,0.0,0.0,0.0,False
barabasi_albert,10,1.0,26,0.0,0.0,0.0,False
barabasi_albert,10,1.0,27,0.0,0.0,0.0,False
barabasi_albert,10,1.0,28,0.0,0.0,0.0,False
barabasi_albert,10,1.0,29,0.0,0.0,0.0,False
barabasi_albert,30,0.0,0,0.6323591108628759,18.970773325886277,18.970773325886277,False
barabasi_albert,30,0.0,1,0.6311896009399947,18.93568802819984,18.93568802819984,False
barabasi_albert,30,0.0,2,0.6323473617290778,18.970420851872333,18.970420851872333,False
barabasi_albert,30,0.0,3,0.6315282709980292,18.945848129940877,18.945848129940877,False
barabasi_albert,30,0.0,4,0.6328521288235094,18.98556386470528,18.98556386470528,False
barabasi_albert,30,0.0,5,0.631709945083627,18.95129835250881,18.95129835250881,False
barabasi_albert,30,0.0,6,0.631680534453902,18.95041603361706,18.95041603361706,False
barabasi_albert,30,0.0,7,0.6320922824094422,18.962768472283265,18.962768472283265,False
barabasi_albert,30,0.0,8,0.6317346703161208,18.952040109483626,18.952040109483626,False
barabasi_albert,30,0.0,9,0.6327501302359155,18.982503907077465,18.982503907077465,False
barabasi_albert,30,0.0,10,0.632154292167812,18.964628765034362,18.964628765034362,False
barabasi_albert,30,0.0,11,0.6314583867355301,18.943751602065902,18.943751602065902,False
barabasi_albert,30,0.0,12,0.6325935081022127,18.97780524306638,18.97780524306638,False
barabasi_albert,30,0.0,13,0.6319957788733371,18.959873366200114,18.959873366200114,False
barabasi_albert,30,0.0,14,0.6319883361454816,18.959650084364448,18.959650084364448,False
barabasi_albert,30,0.0,15,0.633502723807372,19.005081714221163,19.005081714221163,False
barabasi_albert,30,0.0,16,0.63244738852795,18.9734216558385,18.9734216558385,False
barabasi_albert,30,0.0,17,0.6321839622210801,18.9655188666324,18.9655188666324,False
barabasi_albert,30,0.0,18,0.6322827672189933,18.9684830165698,18.9684830165698,False
barabasi_albert,30,0.0,19,0.632793863860238,18.98381591580714,18.98381591580714,False
barabasi_albert,30,0.0,20,0.6315959887239724,18.94787966171917,18.94787966171917,False
barabasi_albert,30,0.0,21,0.6320617625696481,18.96185287708944,18.96185287708944,False
barabasi_albert,30,0.0,22,0.6334694057362042,19.00408217208613,19.00408217208613,False
barabasi_albert,30,0.0,23,0.6322234528681012,18.966703586043035,18.966703586043035,False
barabasi_albert,30,0.0,24,0.6323791341145468,18.971374023436404,18.971374023436404,False
barabasi_albert,30,0.0,25,0.6315682775035301,18.947048325105904,18.947048325105904,False
barabasi_albert,30,0.0,26,0.6322018765964463,18.966056297893388,18.966056297893388,False
barabasi_albert,30,0.0,27,0.6320219884986817,18.960659654960452,18.960659654960452,False
barabasi_albert,30,0.0,28,0.6318867658510262,18.956602975530785,18.956602975530785,False
barabasi_albert,30,0.0,29,0.6321056722047127,18.96317016614138,18.96317016614138,False
barabasi_albert,30,0.1,0,0.6319376813775743,18.95813044132723,18.95813044132723,False
barabasi_albert,30,0.1,1,0.6315544195813412,18.946632587440234,18.946632587440234,False
barabasi_albert,30,0.1,2,0.6315874898436988,18.947624695310964,18.947624695310964,False
barabasi_albert,30,0.1,3,0.6320955220234019,18.962865660702057,18.962865660702057,False
barabasi_albert,30,0.1,4,0.6308169717119196,18.92450915135759,18.92450915135759,False
barabasi_albert,30,0.1,5,0.6320017483562215,18.960052450686643,18.960052450686643,False
barabasi_albert,30,0.1,6,0.6321095796977554,18.963287390932663,18.963287390932663,False
barabasi_albert,30,0.1,7,0.632085414863266,18.96256244589798,18.96256244589798,False
barabasi_albert,30,0.1,8,0.6320962669541305,18.962888008623914,18.962888008623914,False
barabasi_albert,30,0.1,9,0.6312195933092636,18.93658779927791,18.93658779927791,False
barabasi_albert,30,0.1,10,0.6316583488338432,18.949750465015295,18.949750465015295,False
barabasi_albert,30,0.1,11,0.6320185043585491,18.960555130756475,18.960555130756475,False
barabasi_albert,30,0.1,12,0.6321515976606682,18.964547929820046,18.964547929820046,False
barabasi_albert,30,0.1,13,0.6317951028753013,18.953853086259038,18.953853086259038,False
barabasi_albert,30,0.1,14,0.632060169024419,18.96180507073257,18.96180507073257,False
barabasi_albert,30,0.1,15,0.6315087983283394,18.945263949850183,18.945263949850183,False
barabasi_albert,30,0.1,16,0.6313560259280894,18.94068077784268,18.94068077784268,False
barabasi_albert,30,0.1,17,0.6312900492657658,18.938701477972973,18.938701477972973,False
barabasi_albert,30,0.1,18,0.631884418695108,18.95653256085324,18.95653256085324,False
barabasi_albert,30,0.1,19,0.6314672587880941,18.944017763642822,18.944017763642822,False
barabasi_albert,30,0.1,20,0.6317153952320225,18.951461856960673,18.951461856960673,False
barabasi_albert,30,0.1,21,0.6320150938116599,18.960452814349797,18.960452814349797,False
barabasi_albert,30,0.1,22,0.6316997875680128,18.950993627040383,18.950993627040383,False
barabasi_albert,30,0.1,23,0.631359665495073,18.940789964852193,18.940789964852193,False
barabasi_albert,30,0.1,24,0.6315287671813097,18.94586301543929,18.94586301543929,False
barabasi_albert,30,0.1,25,0.6315918494809045,18.947755484427134,18.947755484427134,False
barabasi_albert,30,0.1,26,0.6317512775730809,18.95253832719243,18.95253832719243,False
barabasi_albert,30,0.1,27,0.6312217834700571,18.936653504101713,18.936653504101713,False
barabasi_albert,30,0.1,28,0.6311465334985843,18.934396004957527,18.934396004957527,False
barabasi_albert,30,0.1,29,0.6315926293794907,18.94777888138472,18.94777888138472,False
barabasi_albert,30,0.3,0,0.5458713543914477,16.376140631743432,16.376140631743432,False
barabasi_albert,30,0.3,1,0.54538812982337,16.3616438947011,16.3616438947011,False
barabasi_albert,30,0.3,2,0.5451203693221794,16.353611079665384,16.353611079665384,False
barabasi_albert,30,0.3,3,0.5465240081062549,16.395720243187647,16.395720243187647,False
barabasi_albert,30,0.3,4,0.5453765462257488,16.361296386772466,16.361296386772466,False
barabasi_albert,30,0.3,5,0.545288498404868,16.35865495214604,16.35865495214604,False
barabasi_albert,30,0.3,6,0.545927405013185,16.377822150395552,16.377822150395552,False
barabasi_albert,30,0.3,7,0.5456104553579897,16.36831366073969,16.36831366073969,False
barabasi_albert,30,0.3,8,0.5457466330880786,16.372398992642356,16.372398992642356,False
barabasi_albert,30,0.3,9,0.5454510775144228,16.363532325432683,16.363532325432683,False
barabasi_albert,30,0.3,10,0.5457502884780885,16.372508654342653,16.372508654342653,False
barabasi_albert,30,0.3,11,0.5457330485384496,16.371991456153488,16.371991456153488,False
barabasi_albert,30,0.3,12,0.5450460847970762,16.351382543912287,16.351382543912287,False
barabasi_albert,30,0.3,13,0.5451837486193138,16.355512458579415,16.355512458579415,False
barabasi_albert,30,0.3,14,0.5460341181357921,16.381023544073763,16.381023544073763,False
barabasi_albert,30,0.3,15,0.5452904150047679,16.358712450143038,16.358712450143038,False
barabasi_albert,30,0.3,16,0.5455425459798703,16.36627637939611,16.36627637939611,False
barabasi_albert,30,0.3,17,0.546144402511178,16.38433207533534,16.38433207533534,False
barabasi_albert,30,0.3,18,0.5453697116967123,16.36109135090137,16.36109135090137,False
barabasi_albert,30,0.3,19,0.5455395651288577,16.366186953865732,16.366186953865732,False
barabasi_albert,30,0.3,20,0.5452168879927848,16.356506639783543,16.356506639783543,False
barabasi_albert,30,0.3,21,0.5459282029306174,16.37784608791852,16.37784608791852,False
barabasi_albert,30,0.3,22,0.5460805005798964,16.382415017396895,16.382415017396895,False
barabasi_albert,30,0.3,23,0.5450611515166122,16.351834545498363,16.351834545498363,False
barabasi_albert,30,0.3,24,0.5450573737409266,16.351721212227798,16.351721212227798,False
barabasi_albert,30,0.3,25,0.545132633054548,16.35397899163644,16.35397899163644,False
barabasi_albert,30,0.3,26,0.546064506907959,16.381935207238772,16.381935207238772,False
barabasi_albert,30,0.3,27,0.545188196230538,16.355645886916143,16.355645886916143,False
barabasi_albert,30,0.3,28,0.5451671351578817,16.35501405473645,16.35501405473645,False
barabasi_albert,30,0.3,29,0.5455321605526623,16.36596481657987,16.36596481657987,False
barabasi_albert,30,0.5,0,0.43804666456344654,13.141399936903396,13.141399936903396,False
barabasi_albert,30,0.5,1,0.4383283966858441,13.149851900575323,13.149851900575323,False
barabasi_albert,30,0.5,2,0.4381720005933841,13.145160017801524,13.145160017801524,False
barabasi_albert,30,0.5,3,0.43779939918861854,13.133981975658557,13.133981975658557,False
barabasi_albert,30,0.5,4,0.43799156438296694,13.139746931489007,13.139746931489007,False
barabasi_albert,30,0.5,5,0.4380157787026311,13.140473361078932,13.140473361078932,False
barabasi_albert,30,0.5,6,0.4381872682085711,13.145618046257134,13.145618046257134,False
barabasi_albert,30,0.5,7,0.4380211429958748,13.140634289876244,13.140634289876244,False
barabasi_albert,30,0.5,8,0.43798851200726396,13.139655360217919,13.139655360217919,False
barabasi_albert,30,0.5,9,0.43845038265216607,13.153511479564981,13.153511479564981,False
barabasi_albert,30,0.5,10,0.43787302425282837,13.13619072758485,13.13619072758485,False
barabasi_albert,30,0.5,11,0.4381008874765856,13.143026624297567,13.143026624297567,False
barabasi_albert,30,0.5,12,0.4379020856178616,13.137062568535848,13.137062568535848,False
barabasi_albert,30,0.5,13,0.4377605414463661,13.132816243390984,13.132816243390984,False
barabasi_albert,30,0.5,14,0.43839787744886316,13.151936323465895,13.151936323465895,False
barabasi_albert,30,0.5,15,0.438375291008697,13.15125873026091,13.15125873026091,False
barabasi_albert,30,0.5,16,0.4382004661810087,13.146013985430262,13.146013985430262,False
barabasi_albert,30,0.5,17,0.4378670408885399,13.136011226656198,13.136011226656198,False
barabasi_albert,30,0.5,18,0.4386968196460552,13.160904589381657,13.160904589381657,False
barabasi_albert,30,0.5,19,0.438344768100551,13.15034304301653,13.15034304301653,False
barabasi_albert,30,0.5,20,0.4380714978709285,13.142144936127854,13.142144936127854,False
barabasi_albert,30,0.5,21,0.4381153383377304,13.143460150131913,13.143460150131913,False
barabasi_albert,30,0.5,22,0.4380455169767842,13.141365509303526,13.141365509303526,False
barabasi_albert,30,0.5,23,0.43827618821381176,13.148285646414353,13.148285646414353,False
barabasi_albert,30,0.5,24,0.43825087920637373,13.147526376191212,13.147526376191212,False
barabasi_albert,30,0.5,25,0.43832669096024135,13.149800728807241,13.149800728807241,False
barabasi_albert,30,0.5,26,0.438015566536592,13.14046699609776,13.14046699609776,False
barabasi_albert,30,0.5,27,0.43779949871431134,13.13398496142934,13.13398496142934,False
barabasi_albert,30,0.5,28,0.43797592333551993,13.139277700065598,13.139277700065598,False
barabasi_albert,30,0.5,29,0.43758639131224464,13.12759173936734,13.12759173936734,False
barabasi_albert,30,0.7,0,0.30015471261336557,9.004641378400967,9.004641378400967,False
barabasi_albert,30,0.7,1,0.3001056904967976,9.003170714903927,9.003170714903927,False
barabasi_albert,30,0.7,2,0.3000747802888838,9.002243408666514,9.002243408666514,False
barabasi_albert,30,0.7,3,0.29996828616797855,8.999048585039356,8.999048585039356,False
barabasi_albert,30,0.7,4,0.30026308605804397,9.00789258174132,9.00789258174132,False
barabasi_albert,30,0.7,5,0.29999911520504197,8.99997345615126,8.99997345615126,False
barabasi_albert,30,0.7,6,0.3002664631287756,9.007993893863267,9.007993893863267,False
barabasi_albert,30,0.7,7,0.3002599381927812,9.007798145783436,9.007798145783436,False
barabasi_albert,30,0.7,8,0.3002360939164881,9.007082817494643,9.007082817494643,False
barabasi_albert,30,0.7,9,0.3002714791827773,9.008144375483319,9.008144375483319,False
barabasi_albert,30,0.7,10,0.3000305690587879,9.000917071763636,9.000917071763636,False
barabasi_albert,30,0.7,11,0.300182833035022,9.005484991050661,9.005484991050661,False
barabasi_albert,30,0.7,12,0.3002919480313213,9.008758440939639,9.008758440939639,False
barabasi_albert,30,0.7,13,0.30028851989423533,9.00865559682706,9.00865559682706,False
barabasi_albert,30,0.7,14,0.3003472516256429,9.010417548769286,9.010417548769286,False
barabasi_albert,30,0.7,15,0.300240933839666,9.00722801518998,9.00722801518998,False
barabasi_albert,30,0.7,16,0.3002105141939675,9.006315425819025,9.006315425819025,False
barabasi_albert,30,0.7,17,0.30027566324711885,9.008269897413566,9.008269897413566,False
barabasi_albert,30,0.7,18,0.3003061678547384,9.009185035642153,9.009185035642153,False
barabasi_albert,30,0.7,19,0.30023492989133393,9.007047896740017,9.007047896740017,False
barabasi_albert,30,0.7,20,0.30012330507819707,9.003699152345913,9.003699152345913,False
barabasi_albert,30,0.7,21,0.30023942082674104,9.007182624802232,9.007182624802232,False
barabasi_albert,30,0.7,22,0.30008340064371963,9.002502019311589,9.002502019311589,False
barabasi_albert,30,0.7,23,0.3000105037549623,9.000315112648869,9.000315112648869,False
barabasi_albert,30,0.7,24,0.3002944768102255,9.008834304306765,9.008834304306765,False
barabasi_albert,30,0.7,25,0.3000266205796567,9.0007986173897,9.0007986173897,False
barabasi_albert,30,0.7,26,0.30005938995233095,9.001781698569928,9.001781698569928,False
barabasi_albert,30,0.7,27,0.30021466424109855,9.006439927232957,9.006439927232957,False
barabasi_albert,30,0.7,28,0.3002650666615001,9.007951999845003,9.007951999845003,False
barabasi_albert,30,0.7,29,0.3002625521344402,9.007876564033205,9.007876564033205,False
barabasi_albert,30,0.9,0,0.1166985636174449,3.500956908523347,3.500956908523347,False
barabasi_albert,30,0.9,1,0.11669886067279711,3.5009658201839136,3.5009658201839136,False
barabasi_albert,30,0.9,2,0.11669482435837086,3.500844730751126,3.500844730751126,False
barabasi_albert,30,0.9,3,0.116690120251979,3.50070360755937,3.50070360755937,False
barabasi_albert,30,0.9,4,0.1164332216234133,3.492996648702399,3.492996648702399,False
barabasi_albert,30,0.9,5,0.1167012339482617,3.5010370184478514,3.5010370184478514,False
barabasi_albert,30,0.9,6,0.1167010855679389,3.501032567038167,3.501032567038167,False
barabasi_albert,30,0.9,7,0.11669580125572887,3.500874037671866,3.500874037671866,False
barabasi_albert,30,0.9,8,0.11669275597639683,3.500782679291905,3.500782679291905,False
barabasi_albert,30,0.9,9,0.11643566760979462,3.4930700282938387,3.4930700282938387,False
barabasi_albert,30,0.9,10,0.11669586676358457,3.500876002907537,3.500876002907537,False
barabasi_albert,30,0.9,11,0.11669177925231977,3.500753377569593,3.500753377569593,False
barabasi_albert,30,0.9,12,0.1166958833411803,3.5008765002354094,3.5008765002354094,False
barabasi_albert,30,0.9,13,0.11668858235011537,3.500657470503461,3.500657470503461,False
barabasi_albert,30,0.9,14,0.11669426390810911,3.5008279172432735,3.5008279172432735,False
barabasi_albert,30,0.9,15,0.11668964536604975,3.5006893609814926,3.5006893609814926,False
barabasi_albert,30,0.9,16,0.11669319381434817,3.500795814430445,3.500795814430445,False
barabasi_albert,30,0.9,17,0.11669717989814188,3.500915396944256,3.500915396944256,False
barabasi_albert,30,0.9,18,0.11670363092905223,3.5011089278715666,3.5011089278715666,False
barabasi_albert,30,0.9,19,0.11670159801850366,3.50104794055511,3.50104794055511,False
barabasi_albert,30,0.9,20,0.1167004801955408,3.501014405866224,3.501014405866224,False
barabasi_albert,30,0.9,21,0.11668873066929863,3.500661920078959,3.500661920078959,False
barabasi_albert,30,0.9,22,0.11643216869565953,3.492965060869786,3.492965060869786,False
barabasi_albert,30,0.9,23,0.11669553111921827,3.5008659335765477,3.5008659335765477,False
barabasi_albert,30,0.9,24,0.1167015568926204,3.501046706778612,3.501046706778612,False
barabasi_albert,30,0.9,25,0.1167018842306713,3.501056526920139,3.501056526920139,False
barabasi_albert,30,0.9,26,0.1166927118544373,3.5007813556331193,3.5007813556331193,False
barabasi_albert,30,0.9,27,0.11668805647507463,3.5006416942522387,3.5006416942522387,False
barabasi_albert,30,0.9,28,0.1166953383243382,3.500860149730146,3.500860149730146,False
barabasi_albert,30,0.9,29,0.11669186742366444,3.5007560227099335,3.5007560227099335,False
barabasi_albert,30,1.0,0,0.0,0.0,0.0,False
barabasi_albert,30,1.0,1,0.0,0.0,0.0,False
barabasi_albert,30,1.0,2,0.0,0.0,0.0,False
barabasi_albert,30,1.0,3,0.0,0.0,0.0,False
barabasi_albert,30,1.0,4,0.0,0.0,0.0,False
barabasi_albert,30,1.0,5,0.0,0.0,0.0,False
barabasi_albert,30,1.0,6,0.0,0.0,0.0,False
barabasi_albert,30,1.0,7,0.0,0.0,0.0,False
barabasi_albert,30,1.0,8,0.0,0.0,0.0,False
barabasi_albert,30,1.0,9,0.0,0.0,0.0,False
barabasi_albert,30,1.0,10,0.0,0.0,0.0,False
barabasi_albert,30,1.0,11,0.0,0.0,0.0,False
barabasi_albert,30,1.0,12,0.0,0.0,0.0,False
barabasi_albert,30,1.0,13,0.0,0.0,0.0,False
barabasi_albert,30,1.0,14,0.0,0.0,0.0,False
barabasi_albert,30,1.0,15,0.0,0.0,0.0,False
barabasi_albert,30,1.0,16,0.0,0.0,0.0,False
barabasi_albert,30,1.0,17,0.0,0.0,0.0,False
barabasi_albert,30,1.0,18,0.0,0.0,0.0,False
barabasi_albert,30,1.0,19,0.0,0.0,0.0,False
barabasi_albert,30,1.0,20,0.0,0.0,0.0,False
barabasi_albert,30,1.0,21,0.0,0.0,0.0,False
barabasi_albert,30,1.0,22,0.0,0.0,0.0,False
barabasi_albert,30,1.0,23,0.0,0.0,0.0,False
barabasi_albert,30,1.0,24,0.0,0.0,0.0,False
barabasi_albert,30,1.0,25,0.0,0.0,0.0,False
barabasi_albert,30,1.0,26,0.0,0.0,0.0,False
barabasi_albert,30,1.0,27,0.0,0.0,0.0,False
barabasi_albert,30,1.0,28,0.0,0.0,0.0,False
barabasi_albert,30,1.0,29,0.0,0.0,0.0,False
barabasi_albert,100,0.0,0,0.6323826295332737,63.23826295332737,63.23826295332737,True
barabasi_albert,100,0.0,1,0.631800247192794,63.1800247192794,63.1800247192794,True
barabasi_albert,100,0.0,2,0.6319804055452892,63.19804055452892,63.19804055452892,True
barabasi_albert,100,0.0,3,0.6320750035724045,63.207500357240455,63.207500357240455,True
barabasi_albert,100,0.0,4,0.6320253133478756,63.20253133478756,63.20253133478756,True
barabasi_albert,100,0.0,5,0.6321590953383155,63.21590953383155,63.21590953383155,True
barabasi_albert,100,0.0,6,0.6317555830942567,63.175558309425675,63.175558309425675,True
barabasi_albert,100,0.0,7,0.6318864060237575,63.18864060237574,63.18864060237574,True
barabasi_albert,100,0.0,8,0.6320985090379073,63.20985090379073,63.20985090379073,True
barabasi_albert,100,0.0,9,0.6319301768931989,63.19301768931989,63.19301768931989,True
barabasi_albert,100,0.0,10,0.632241480832988,63.2241480832988,63.2241480832988,True
barabasi_albert,100,0.0,11,0.6326030737859081,63.26030737859081,63.26030737859081,True
barabasi_albert,100,0.0,12,0.6315701072863029,63.15701072863029,63.15701072863029,True
barabasi_albert,100,0.0,13,0.6323920110024155,63.23920110024155,63.23920110024155,True
barabasi_albert,100,0.0,14,0.6326740505477766,63.26740505477766,63.26740505477766,True
barabasi_albert,100,0.0,15,0.6318741400251491,63.187414002514906,63.187414002514906,True
barabasi_albert,100,0.0,16,0.6325524806370206,63.25524806370206,63.25524806370206,True
barabasi_albert,100,0.0,17,0.6321066791287205,63.210667912872054,63.210667912872054,True
barabasi_albert,100,0.0,18,0.6317149214311761,63.17149214311761,63.17149214311761,True
barabasi_albert,100,0.0,19,0.6318838090834146,63.18838090834146,63.18838090834146,True
barabasi_albert,100,0.0,20,0.6321358549635308,63.213585496353076,63.213585496353076,True
barabasi_albert,100,0.0,21,0.6313192781496195,63.131927814961955,63.131927814961955,True
barabasi_albert,100,0.0,22,0.6321363397942816,63.21363397942817,63.21363397942817,True
barabasi_albert,100,0.0,23,0.6315592104871569,63.15592104871569,63.15592104871569,True
barabasi_albert,100,0.0,24,0.6316384782249367,63.163847822493665,63.163847822493665,True
barabasi_albert,100,0.0,25,0.6314606555622064,63.14606555622064,63.14606555622064,True
barabasi_albert,100,0.0,26,0.6324515917889084,63.245159178890844,63.245159178890844,True
barabasi_albert,100,0.0,27,0.6317142438799059,63.17142438799059,63.17142438799059,True
barabasi_albert,100,0.0,28,0.63215297686834,63.215297686834006,63.215297686834006,True
barabasi_albert,100,0.0,29,0.6314831089379602,63.14831089379602,63.14831089379602,True
barabasi_albert,100,0.1,0,0.6316646760404099,63.16646760404099,63.16646760404099,True
barabasi_albert,100,0.1,1,0.6321337157178284,63.21337157178284,63.21337157178284,True
barabasi_albert,100,0.1,2,0.6318172247626979,63.18172247626978,63.18172247626978,True
barabasi_albert,100,0.1,3,0.6318558744608171,63.18558744608171,63.18558744608171,True
barabasi_albert,100,0.1,4,0.6315890058716047,63.158900587160474,63.158900587160474,True
barabasi_albert,100,0.1,5,0.6316499744054229,63.164997440542294,63.164997440542294,True
barabasi_albert,100,0.1,6,0.6313803759753197,63.13803759753197,63.13803759753197,True
barabasi_albert,100,0.1,7,0.6320007257102489,63.20007257102489,63.20007257102489,True
barabasi_albert,100,0.1,8,0.631325291087834,63.132529108783395,63.132529108783395,True
barabasi_albert,100,0.1,9,0.6313450662156624,63.134506621566246,63.134506621566246,True
barabasi_albert,100,0.1,10,0.6316416934696925,63.164169346969246,63.164169346969246,True
barabasi_albert,100,0.1,11,0.6321811586720831,63.21811586720831,63.21811586720831,True
barabasi_albert,100,0.1,12,0.6313795579417127,63.137955794171276,63.137955794171276,True
barabasi_albert,100,0.1,13,0.6317485375399343,63.17485375399343,63.17485375399343,True
barabasi_albert,100,0.1,14,0.6317795041722676,63.17795041722676,63.17795041722676,True
barabasi_albert,100,0.1,15,0.6318105542318884,63.18105542318884,63.18105542318884,True
barabasi_albert,100,0.1,16,0.6316040154769677,63.160401547696765,63.160401547696765,True
barabasi_albert,100,0.1,17,0.6319065977386307,63.19065977386307,63.19065977386307,True
barabasi_albert,100,0.1,18,0.6318649106372739,63.18649106372739,63.18649106372739,True
barabasi_albert,100,0.1,19,0.6321446322293829,63.21446322293829,63.21446322293829,True
barabasi_albert,100,0.1,20,0.631754506449243,63.175450644924304,63.175450644924304,True
barabasi_albert,100,0.1,21,0.6318481925080424,63.18481925080424,63.18481925080424,True
barabasi_albert,100,0.1,22,0.6315957569663744,63.15957569663744,63.15957569663744,True
barabasi_albert,100,0.1,23,0.6319418777465619,63.194187774656186,63.194187774656186,True
barabasi_albert,100,0.1,24,0.6319071398047222,63.190713980472225,63.190713980472225,True
barabasi_albert,100,0.1,25,0.6315457765384924,63.154577653849245,63.154577653849245,True
barabasi_albert,100,0.1,26,0.6318502446518693,63.185024465186935,63.185024465186935,True
barabasi_albert,100,0.1,27,0.6318495252374738,63.184952523747384,63.184952523747384,True
barabasi_albert,100,0.1,28,0.6315863346496077,63.158633464960765,63.158633464960765,True
barabasi_albert,100,0.1,29,0.6316801904240628,63.16801904240628,63.16801904240628,True
barabasi_albert,100,0.3,0,0.54580983528864,54.580983528864,54.580983528864,True
barabasi_albert,100,0.3,1,0.5456661328292183,54.56661328292183,54.56661328292183,True
barabasi_albert,100,0.3,2,0.5459047140742495,54.59047140742494,54.59047140742494,True
barabasi_albert,100,0.3,3,0.5455125187958038,54.55125187958038,54.55125187958038,True
barabasi_albert,100,0.3,4,0.5456838935618133,54.568389356181335,54.568389356181335,True
barabasi_albert,100,0.3,5,0.5455728951914438,54.55728951914438,54.55728951914438,True
barabasi_albert,100,0.3,6,0.545606075373279,54.5606075373279,54.5606075373279,True
barabasi_albert,100,0.3,7,0.5458344989193504,54.58344989193505,54.58344989193505,True
barabasi_albert,100,0.3,8,0.545588964439264,54.5588964439264,54.5588964439264,True
barabasi_albert,100,0.3,9,0.5457531872773901,54.57531872773901,54.57531872773901,True
barabasi_albert,100,0.3,10,0.5457747854857629,54.57747854857629,54.57747854857629,True
barabasi_albert,100,0.3,11,0.5454500362660732,54.545003626607325,54.545003626607325,True
barabasi_albert,100,0.3,12,0.5456608706290631,54.56608706290631,54.56608706290631,True
barabasi_albert,100,0.3,13,0.5456769778968623,54.56769778968623,54.56769778968623,True
barabasi_albert,100,0.3,14,0.5453618327192411,54.53618327192411,54.53618327192411,True
barabasi_albert,100,0.3,15,0.5454300319598177,54.54300319598177,54.54300319598177,True
barabasi_albert,100,0.3,16,0.5457835723664728,54.57835723664728,54.57835723664728,True
barabasi_albert,100,0.3,17,0.5455044307587402,54.55044307587402,54.55044307587402,True
barabasi_albert,100,0.3,18,0.5455934641779048,54.55934641779048,54.55934641779048,True
barabasi_albert,100,0.3,19,0.5450762043881341,54.50762043881341,54.50762043881341,True
barabasi_albert,100,0.3,20,0.5454435145198775,54.54435145198775,54.54435145198775,True
barabasi_albert,100,0.3,21,0.5453351286884238,54.53351286884238,54.53351286884238,True
barabasi_albert,100,0.3,22,0.5455487216659225,54.55487216659225,54.55487216659225,True
barabasi_albert,100,0.3,23,0.5456671280078915,54.566712800789155,54.566712800789155,True
barabasi_albert,100,0.3,24,0.5454489728112354,54.54489728112354,54.54489728112354,True
barabasi_albert,100,0.3,25,0.5454803035286608,54.548030352866085,54.548030352866085,True
barabasi_albert,100,0.3,26,0.5453272182582256,54.53272182582256,54.53272182582256,True
barabasi_albert,100,0.3,27,0.5452877760047008,54.52877760047008,54.52877760047008,True
barabasi_albert,100,0.3,28,0.5457638764589772,54.57638764589772,54.57638764589772,True
barabasi_albert,100,0.3,29,0.5456655621108588,54.56655621108588,54.56655621108588,True
barabasi_albert,100,0.5,0,0.43830436168739995,43.83043616873999,43.83043616873999,True
barabasi_albert,100,0.5,1,0.4381477058248209,43.81477058248209,43.81477058248209,True
barabasi_albert,100,0.5,2,0.4380869544330849,43.80869544330849,43.80869544330849,True
barabasi_albert,100,0.5,3,0.4382255940578824,43.82255940578824,43.82255940578824,True
barabasi_albert,100,0.5,4,0.4383434408218718,43.83434408218718,43.83434408218718,True
barabasi_albert,100,0.5,5,0.43792727888234595,43.792727888234595,43.792727888234595,True
barabasi_albert,100,0.5,6,0.437975102533109,43.797510253310904,43.797510253310904,True
barabasi_albert,100,0.5,7,0.4379102929258709,43.79102929258709,43.79102929258709,True
barabasi_albert,100,0.5,8,0.4380482108970788,43.80482108970788,43.80482108970788,True
barabasi_albert,100,0.5,9,0.4380868081088459,43.808680810884596,43.808680810884596,True
barabasi_albert,100,0.5,10,0.4378546992015513,43.78546992015513,43.78546992015513,True
barabasi_albert,100,0.5,11,0.43820646946463515,43.82064694646351,43.82064694646351,True
barabasi_albert,100,0.5,12,0.4381799198889915,43.81799198889915,43.81799198889915,True
barabasi_albert,100,0.5,13,0.43786094279649357,43.786094279649355,43.786094279649355,True
barabasi_albert,100,0.5,14,0.4380936529214884,43.80936529214884,43.80936529214884,True
barabasi_albert,100,0.5,15,0.43819983394925943,43.81998339492594,43.81998339492594,True
barabasi_albert,100,0.5,16,0.43795877004197925,43.795877004197926,43.795877004197926,True
barabasi_albert,100,0.5,17,0.43804372582182927,43.80437258218293,43.80437258218293,True
barabasi_albert,100,0.5,18,0.4381667234385215,43.81667234385215,43.81667234385215,True
barabasi_albert,100,0.5,19,0.4380524500386691,43.80524500386691,43.80524500386691,True
barabasi_albert,100,0.5,20,0.4379848432366894,43.79848432366894,43.79848432366894,True
barabasi_albert,100,0.5,21,0.43803711244714694,43.80371124471469,43.80371124471469,True
barabasi_albert,100,0.5,22,0.4381382937954894,43.81382937954894,43.81382937954894,True
barabasi_albert,100,0.5,23,0.438096166515231,43.8096166515231,43.8096166515231,True
barabasi_albert,100,0.5,24,0.43805563553917837,43.805563553917835,43.805563553917835,True
barabasi_albert,100,0.5,25,0.43807043168396975,43.80704316839697,43.80704316839697,True
barabasi_albert,100,0.5,26,0.43804229541974504,43.80422954197451,43.80422954197451,True
barabasi_albert,100,0.5,27,0.43829472799691205,43.8294727996912,43.8294727996912,True
barabasi_albert,100,0.5,28,0.4378888940219209,43.78888940219209,43.78888940219209,True
barabasi_albert,100,0.5,29,0.4379958797017509,43.79958797017509,43.79958797017509,True
barabasi_albert,100,0.7,0,0.3002764535484814,30.027645354848143,30.027645354848143,True
barabasi_albert,100,0.7,1,0.30012900812580223,30.012900812580224,30.012900812580224,True
barabasi_albert,100,0.7,2,0.3002103576743028,30.02103576743028,30.02103576743028,True
barabasi_albert,100,0.7,3,0.29990958619444474,29.990958619444473,29.990958619444473,True
barabasi_albert,100,0.7,4,0.3002429539348973,30.02429539348973,30.02429539348973,True
barabasi_albert,100,0.7,5,0.30019797417183924,30.019797417183923,30.019797417183923,True
barabasi_albert,100,0.7,6,0.3001327070171541,30.01327070171541,30.01327070171541,True
barabasi_albert,100,0.7,7,0.30009722861928256,30.009722861928257,30.009722861928257,True
barabasi_albert,100,0.7,8,0.3002941856201682,30.02941856201682,30.02941856201682,True
barabasi_albert,100,0.7,9,0.300208516296969,30.0208516296969,30.0208516296969,True
barabasi_albert,100,0.7,10,0.300075482750254,30.007548275025396,30.007548275025396,True
barabasi_albert,100,0.7,11,0.30017271673055335,30.017271673055333,30.017271673055333,True
barabasi_albert,100,0.7,12,0.30023762923102915,30.023762923102915,30.023762923102915,True
barabasi_albert,100,0.7,13,0.30003105514057216,30.003105514057214,30.003105514057214,True
barabasi_albert,100,0.7,14,0.30018205353394,30.018205353394002,30.018205353394002,True
barabasi_albert,100,0.7,15,0.30027548654833935,30.027548654833936,30.027548654833936,True
barabasi_albert,100,0.7,16,0.30000072997768545,30.000072997768545,30.000072997768545,True
barabasi_albert,100,0.7,17,0.30016938392311454,30.016938392311452,30.016938392311452,True
barabasi_albert,100,0.7,18,0.30022193567427913,30.022193567427912,30.022193567427912,True
barabasi_albert,100,0.7,19,0.30028690461410656,30.028690461410655,30.028690461410655,True
barabasi_albert,100,0.7,20,0.3002254134783301,30.02254134783301,30.02254134783301,True
barabasi_albert,100,0.7,21,0.3001040634944184,30.010406349441844,30.010406349441844,True
barabasi_albert,100,0.7,22,0.30021087374338895,30.021087374338894,30.021087374338894,True
barabasi_albert,100,0.7,23,0.3002091759166712,30.020917591667118,30.020917591667118,True
barabasi_albert,100,0.7,24,0.300280485232043,30.028048523204298,30.028048523204298,True
barabasi_albert,100,0.7,25,0.30026054640786726,30.026054640786725,30.026054640786725,True
barabasi_albert,100,0.7,26,0.30025480804348337,30.025480804348337,30.025480804348337,True
barabasi_albert,100,0.7,27,0.3002365944017492,30.02365944017492,30.02365944017492,True
barabasi_albert,100,0.7,28,0.3002311959632902,30.023119596329018,30.023119596329018,True
barabasi_albert,100,0.7,29,0.30030790309754984,30.030790309754984,30.030790309754984,True
barabasi_albert,100,0.9,0,0.11670357939643117,11.670357939643116,11.670357939643116,True
barabasi_albert,100,0.9,1,0.11659925288879314,11.659925288879315,11.659925288879315,True
barabasi_albert,100,0.9,2,0.11669507853957373,11.669507853957374,11.669507853957374,True
barabasi_albert,100,0.9,3,0.11669887845054683,11.669887845054683,11.669887845054683,True
barabasi_albert,100,0.9,4,0.11669954942047989,11.669954942047989,11.669954942047989,True
barabasi_albert,100,0.9,5,0.11670026558883084,11.670026558883084,11.670026558883084,True
barabasi_albert,100,0.9,6,0.1166978295258877,11.66978295258877,11.66978295258877,True
barabasi_albert,100,0.9,7,0.1166925329758961,11.66925329758961,11.66925329758961,True
barabasi_albert,100,0.9,8,0.11669475787802353,11.669475787802352,11.669475787802352,True
barabasi_albert,100,0.9,9,0.11669170652913119,11.669170652913119,11.669170652913119,True
barabasi_albert,100,0.9,10,0.1166950979592214,11.669509795922139,11.669509795922139,True
barabasi_albert,100,0.9,11,0.11659649705006259,11.65964970500626,11.65964970500626,True
barabasi_albert,100,0.9,12,0.11669812450606998,11.669812450606997,11.669812450606997,True
barabasi_albert,100,0.9,13,0.1166993052941544,11.66993052941544,11.66993052941544,True
barabasi_albert,100,0.9,14,0.11668926062375251,11.66892606237525,11.66892606237525,True
barabasi_albert,100,0.9,15,0.11669449815763167,11.669449815763166,11.669449815763166,True
barabasi_albert,100,0.9,16,0.11670558719215873,11.670558719215872,11.670558719215872,True
barabasi_albert,100,0.9,17,0.11669705261082419,11.66970526108242,11.66970526108242,True
barabasi_albert,100,0.9,18,0.1166952035373644,11.66952035373644,11.66952035373644,True
barabasi_albert,100,0.9,19,0.11669630251561625,11.669630251561625,11.669630251561625,True
barabasi_albert,100,0.9,20,0.11670247091984254,11.670247091984255,11.670247091984255,True
barabasi_albert,100,0.9,21,0.11669753670438399,11.669753670438398,11.669753670438398,True
barabasi_albert,100,0.9,22,0.11669701889580542,11.66970188958054,11.66970188958054,True
barabasi_albert,100,0.9,23,0.11669733997865195,11.669733997865194,11.669733997865194,True
barabasi_albert,100,0.9,24,0.11669425861922034,11.669425861922033,11.669425861922033,True
barabasi_albert,100,0.9,25,0.11669284037043626,11.669284037043626,11.669284037043626,True
barabasi_albert,100,0.9,26,0.1166037082349699,11.66037082349699,11.66037082349699,True
barabasi_albert,100,0.9,27,0.11659400376557327,11.659400376557327,11.659400376557327,True
barabasi_albert,100,0.9,28,0.11669014276585943,11.669014276585942,11.669014276585942,True
barabasi_albert,100,0.9,29,0.11669501476699928,11.669501476699928,11.669501476699928,True
barabasi_albert,100,1.0,0,0.0,0.0,0.0,True
barabasi_albert,100,1.0,1,0.0,0.0,0.0,True
barabasi_albert,100,1.0,2,0.0,0.0,0.0,True
barabasi_albert,100,1.0,3,0.0,0.0,0.0,True
barabasi_albert,100,1.0,4,0.0,0.0,0.0,True
barabasi_albert,100,1.0,5,0.0,0.0,0.0,True
barabasi_albert,100,1.0,6,0.0,0.0,0.0,True
barabasi_albert,100,1.0,7,0.0,0.0,0.0,True
barabasi_albert,100,1.0,8,0.0,0.0,0.0,True
barabasi_albert,100,1.0,9,0.0,0.0,0.0,True
barabasi_albert,100,1.0,10,0.0,0.0,0.0,True
barabasi_albert,100,1.0,11,0.0,0.0,0.0,True
barabasi_albert,100,1.0,12,0.0,0.0,0.0,True
barabasi_albert,100,1.0,13,0.0,0.0,0.0,True
barabasi_albert,100,1.0,14,0.0,0.0,0.0,True
barabasi_albert,100,1.0,15,0.0,0.0,0.0,True
barabasi_albert,100,1.0,16,0.0,0.0,0.0,True
barabasi_albert,100,1.0,17,0.0,0.0,0.0,True
barabasi_albert,100,1.0,18,0.0,0.0,0.0,True
barabasi_albert,100,1.0,19,0.0,0.0,0.0,True
barabasi_albert,100,1.0,20,0.0,0.0,0.0,True
barabasi_albert,100,1.0,21,0.0,0.0,0.0,True
barabasi_albert,100,1.0,22,0.0,0.0,0.0,True
barabasi_albert,100,1.0,23,0.0,0.0,0.0,True
barabasi_albert,100,1.0,24,0.0,0.0,0.0,True
barabasi_albert,100,1.0,25,0.0,0.0,0.0,True
barabasi_albert,100,1.0,26,0.0,0.0,0.0,True
barabasi_albert,100,1.0,27,0.0,0.0,0.0,True
barabasi_albert,100,1.0,28,0.0,0.0,0.0,True
barabasi_albert,100,1.0,29,0.0,0.0,0.0,True
barabasi_albert,300,0.0,0,0.6320251885423099,189.607556562693,189.607556562693,True
barabasi_albert,300,0.0,1,0.6320197792462416,189.6059337738725,189.6059337738725,True
barabasi_albert,300,0.0,2,0.6328291322659412,189.84873967978234,189.84873967978234,True
barabasi_albert,300,0.0,3,0.631899033474536,189.5697100423608,189.5697100423608,True
barabasi_albert,300,0.0,4,0.6317329685171041,189.51989055513124,189.51989055513124,True
barabasi_albert,300,0.0,5,0.6323038308100553,189.69114924301658,189.69114924301658,True
barabasi_albert,300,0.0,6,0.6323631239574508,189.70893718723522,189.70893718723522,True
barabasi_albert,300,0.0,7,0.632454226527246,189.7362679581738,189.7362679581738,True
barabasi_albert,300,0.0,8,0.632546585661901,189.7639756985703,189.7639756985703,True
barabasi_albert,300,0.0,9,0.6316537076485798,189.49611229457392,189.49611229457392,True
barabasi_albert,300,0.0,10,0.6320903392724764,189.6271017817429,189.6271017817429,True
barabasi_albert,300,0.0,11,0.6322106517582475,189.66319552747427,189.66319552747427,True
barabasi_albert,300,0.0,12,0.6311934996095161,189.35804988285483,189.35804988285483,True
barabasi_albert,300,0.0,13,0.6312548953536672,189.37646860610016,189.37646860610016,True
barabasi_albert,300,0.0,14,0.6320361042540252,189.61083127620756,189.61083127620756,True
barabasi_albert,300,0.0,15,0.6317095514413671,189.51286543241014,189.51286543241014,True
barabasi_albert,300,0.0,16,0.6323393178022583,189.70179534067748,189.70179534067748,True
barabasi_albert,300,0.0,17,0.6321122141880249,189.63366425640746,189.63366425640746,True
barabasi_albert,300,0.0,18,0.6317411966500203,189.52235899500607,189.52235899500607,True
barabasi_albert,300,0.0,19,0.6320369106745541,189.61107320236624,189.61107320236624,True
barabasi_albert,300,0.0,20,0.6321956438220514,189.65869314661543,189.65869314661543,True
barabasi_albert,300,0.0,21,0.6318682247948104,189.5604674384431,189.5604674384431,True
barabasi_albert,300,0.0,22,0.6320374164583751,189.61122493751253,189.61122493751253,True
barabasi_albert,300,0.0,23,0.6320341201032498,189.61023603097493,189.61023603097493,True
barabasi_albert,300,0.0,24,0.6323918445779619,189.71755337338857,189.71755337338857,True
barabasi_albert,300,0.0,25,0.632303205764708,189.6909617294124,189.6909617294124,True
barabasi_albert,300,0.0,26,0.6314302406488275,189.42907219464823,189.42907219464823,True
barabasi_albert,300,0.0,27,0.63228616530814,189.685849592442,189.685849592442,True
barabasi_albert,300,0.0,28,0.6317684325159691,189.53052975479073,189.53052975479073,True
barabasi_albert,300,0.0,29,0.6319857229977777,189.5957168993333,189.5957168993333,True
barabasi_albert,300,0.1,0,0.6318288660146627,189.54865980439882,189.54865980439882,True
barabasi_albert,300,0.1,1,0.6317427913659017,189.52283740977052,189.52283740977052,True
barabasi_albert,300,0.1,2,0.6317528752269495,189.52586256808485,189.52586256808485,True
barabasi_albert,300,0.1,3,0.6314482329541102,189.43446988623307,189.43446988623307,True
barabasi_albert,300,0.1,4,0.63157180522482,189.47154156744602,189.47154156744602,True
barabasi_albert,300,0.1,5,0.6318371091314348,189.55113273943041,189.55113273943041,True
barabasi_albert,300,0.1,6,0.6316810813639364,189.50432440918092,189.50432440918092,True
barabasi_albert,300,0.1,7,0.6314379554970725,189.43138664912175,189.43138664912175,True
barabasi_albert,300,0.1,8,0.631504247696236,189.4512743088708,189.4512743088708,True
barabasi_albert,300,0.1,9,0.6320069282249889,189.60207846749668,189.60207846749668,True
barabasi_albert,300,0.1,10,0.6319025142794858,189.57075428384576,189.57075428384576,True
barabasi_albert,300,0.1,11,0.6317525011884653,189.5257503565396,189.5257503565396,True
barabasi_albert,300,0.1,12,0.6320075547155053,189.60226641465158,189.60226641465158,True
barabasi_albert,300,0.1,13,0.6313900353836179,189.4170106150854,189.4170106150854,True
barabasi_albert,300,0.1,14,0.631713287365474,189.5139862096422,189.5139862096422,True
barabasi_albert,300,0.1,15,0.6315040853029004,189.4512255908701,189.4512255908701,True
barabasi_albert,300,0.1,16,0.6313646061229585,189.40938183688755,189.40938183688755,True
barabasi_albert,300,0.1,17,0.6315970506601579,189.47911519804737,189.47911519804737,True
barabasi_albert,300,0.1,18,0.6313959866302057,189.4187959890617,189.4187959890617,True
barabasi_albert,300,0.1,19,0.6317633936792545,189.52901810377634,189.52901810377634,True
barabasi_albert,300,0.1,20,0.6314898256940009,189.44694770820027,189.44694770820027,True
barabasi_albert,300,0.1,21,0.6317731430713713,189.5319429214114,189.5319429214114,True
barabasi_albert,300,0.1,22,0.6318976160490949,189.56928481472846,189.56928481472846,True
barabasi_albert,300,0.1,23,0.6314328449379387,189.42985348138163,189.42985348138163,True
barabasi_albert,300,0.1,24,0.6318783783235552,189.56351349706657,189.56351349706657,True
barabasi_albert,300,0.1,25,0.632312010117561,189.6936030352683,189.6936030352683,True
barabasi_albert,300,0.1,26,0.63225945459478,189.677836378434,189.677836378434,True
barabasi_albert,300,0.1,27,0.6316829126445347,189.50487379336042,189.50487379336042,True
barabasi_albert,300,0.1,28,0.6316788074100068,189.50364222300203,189.50364222300203,True
barabasi_albert,300,0.1,29,0.631867999560122,189.5603998680366,189.5603998680366,True
barabasi_albert,300,0.3,0,0.5451510729930793,163.5453218979238,163.5453218979238,True
barabasi_albert,300,0.3,1,0.5456950347893942,163.70851043681824,163.70851043681824,True
barabasi_albert,300,0.3,2,0.5455070425555876,163.65211276667628,163.65211276667628,True
barabasi_albert,300,0.3,3,0.5456165385898343,163.6849615769503,163.6849615769503,True
barabasi_albert,300,0.3,4,0.5457260129728434,163.717803891853,163.717803891853,True
barabasi_albert,300,0.3,5,0.5453556642640163,163.6066992792049,163.6066992792049,True
barabasi_albert,300,0.3,6,0.5455258218888945,163.65774656666835,163.65774656666835,True
barabasi_albert,300,0.3,7,0.5454706448864425,163.64119346593273,163.64119346593273,True
barabasi_albert,300,0.3,8,0.5458502608867428,163.75507826602285,163.75507826602285,True
barabasi_albert,300,0.3,9,0.5454449333549941,163.63348000649825,163.63348000649825,True
barabasi_albert,300,0.3,10,0.5454533116874913,163.6359935062474,163.6359935062474,True
barabasi_albert,300,0.3,11,0.5453567122419287,163.6070136725786,163.6070136725786,True
barabasi_albert,300,0.3,12,0.5454033371201477,163.6210011360443,163.6210011360443,True
barabasi_albert,300,0.3,13,0.5457672151741886,163.73016455225658,163.73016455225658,True
barabasi_albert,300,0.3,14,0.5453440551520519,163.60321654561557,163.60321654561557,True
barabasi_albert,300,0.3,15,0.5451439111553167,163.543173346595,163.543173346595,True
barabasi_albert,300,0.3,16,0.5456229484678072,163.68688454034216,163.68688454034216,True
barabasi_albert,300,0.3,17,0.546194536427153,163.85836092814588,163.85836092814588,True
barabasi_albert,300,0.3,18,0.5453386845545123,163.60160536635368,163.60160536635368,True
barabasi_albert,300,0.3,19,0.5454073649986484,163.6222094995945,163.6222094995945,True
barabasi_albert,300,0.3,20,0.545272124257903,163.58163727737087,163.58163727737087,True
barabasi_albert,300,0.3,21,0.5458868928780587,163.76606786341762,163.76606786341762,True
barabasi_albert,300,0.3,22,0.5456315067786641,163.68945203359922,163.68945203359922,True
barabasi_albert,300,0.3,23,0.5457524143564535,163.72572430693606,163.72572430693606,True
barabasi_albert,300,0.3,24,0.5455028563096638,163.65085689289913,163.65085689289913,True
barabasi_albert,300,0.3,25,0.5452543679526862,163.57631038580587,163.57631038580587,True
barabasi_albert,300,0.3,26,0.5456749882809783,163.70249648429348,163.70249648429348,True
barabasi_albert,300,0.3,27,0.5455758967905563,163.6727690371669,163.6727690371669,True
barabasi_albert,300,0.3,28,0.5453306028900153,163.5991808670046,163.5991808670046,True
barabasi_albert,300,0.3,29,0.5458126344006579,163.74379032019735,163.74379032019735,True
barabasi_albert,300,0.5,0,0.43818417299194934,131.4552518975848,131.4552518975848,True
barabasi_albert,300,0.5,1,0.43807734420112265,131.4232032603368,131.4232032603368,True
barabasi_albert,300,0.5,2,0.4381324529701498,131.43973589104493,131.43973589104493,True
barabasi_albert,300,0.5,3,0.4379704326059558,131.39112978178673,131.39112978178673,True
barabasi_albert,300,0.5,4,0.4379670383339035,131.39011150017106,131.39011150017106,True
barabasi_albert,300,0.5,5,0.4382717247303016,131.4815174190905,131.4815174190905,True
barabasi_albert,300,0.5,6,0.43792290073433626,131.37687022030087,131.37687022030087,True
barabasi_albert,300,0.5,7,0.43800539564964913,131.40161869489475,131.40161869489475,True
barabasi_albert,300,0.5,8,0.4379428896613641,131.38286689840922,131.38286689840922,True
barabasi_albert,300,0.5,9,0.43828034302271224,131.48410290681366,131.48410290681366,True
barabasi_albert,300,0.5,10,0.43811259778530964,131.4337793355929,131.4337793355929,True
barabasi_albert,300,0.5,11,0.4382132154256977,131.46396462770932,131.46396462770932,True
barabasi_albert,300,0.5,12,0.43797981600847213,131.39394480254165,131.39394480254165,True
barabasi_albert,300,0.5,13,0.4379163955145612,131.37491865436834,131.37491865436834,True
barabasi_albert,300,0.5,14,0.43814281391489074,131.4428441744672,131.4428441744672,True
barabasi_albert,300,0.5,15,0.4379937398399929,131.39812195199787,131.39812195199787,True
barabasi_albert,300,0.5,16,0.43827992713403807,131.48397814021143,131.48397814021143,True
barabasi_albert,300,0.5,17,0.4381603132801759,131.44809398405278,131.44809398405278,True
barabasi_albert,300,0.5,18,0.4383037762388685,131.49113287166057,131.49113287166057,True
barabasi_albert,300,0.5,19,0.4382107449019855,131.46322347059566,131.46322347059566,True
barabasi_albert,300,0.5,20,0.43783157698199116,131.34947309459736,131.34947309459736,True
barabasi_albert,300,0.5,21,0.43815610030955887,131.44683009286766,131.44683009286766,True
barabasi_albert,300,0.5,22,0.4380995079478439,131.42985238435318,131.42985238435318,True
barabasi_albert,300,0.5,23,0.4381832270887934,131.45496812663802,131.45496812663802,True
barabasi_albert,300,0.5,24,0.43806828806396636,131.4204864191899,131.4204864191899,True
barabasi_albert,300,0.5,25,0.43812764640110813,131.43829392033243,131.43829392033243,True
barabasi_albert,300,0.5,26,0.4383635727952555,131.50907183857666,131.50907183857666,True
barabasi_albert,300,0.5,27,0.4382910261492956,131.4873078447887,131.4873078447887,True
barabasi_albert,300,0.5,28,0.43817779303648907,131.45333791094671,131.45333791094671,True
barabasi_albert,300,0.5,29,0.4381427175951357,131.4428152785407,131.4428152785407,True
barabasi_albert,300,0.7,0,0.3002564529772561,90.07693589317684,90.07693589317684,True
barabasi_albert,300,0.7,1,0.30022262386312326,90.06678715893698,90.06678715893698,True
barabasi_albert,300,0.7,2,0.3002057733474298,90.06173200422894,90.06173200422894,True
barabasi_albert,300,0.7,3,0.30001991326948474,90.00597398084543,90.00597398084543,True
barabasi_albert,300,0.7,4,0.300036822002707,90.0110466008121,90.0110466008121,True
barabasi_albert,300,0.7,5,0.30024607014078253,90.07382104223475,90.07382104223475,True
barabasi_albert,300,0.7,6,0.3001791018391635,90.05373055174906,90.05373055174906,True
barabasi_albert,300,0.7,7,0.3002452927999417,90.07358783998252,90.07358783998252,True
barabasi_albert,300,0.7,8,0.30024532178509067,90.0735965355272,90.0735965355272,True
barabasi_albert,300,0.7,9,0.3001918086050137,90.05754258150411,90.05754258150411,True
barabasi_albert,300,0.7,10,0.3001638785361793,90.0491635608538,90.0491635608538,True
barabasi_albert,300,0.7,11,0.30014830778147084,90.04449233444124,90.04449233444124,True
barabasi_albert,300,0.7,12,0.30012554978138717,90.03766493441616,90.03766493441616,True
barabasi_albert,300,0.7,13,0.30006907632154844,90.02072289646453,90.02072289646453,True
barabasi_albert,300,0.7,14,0.3001191455722021,90.03574367166063,90.03574367166063,True
barabasi_albert,300,0.7,15,0.3002254608883761,90.06763826651283,90.06763826651283,True
barabasi_albert,300,0.7,16,0.30024206197516756,90.07261859255027,90.07261859255027,True
barabasi_albert,300,0.7,17,0.30008012607950807,90.02403782385242,90.02403782385242,True
barabasi_albert,300,0.7,18,0.3001907122729599,90.05721368188797,90.05721368188797,True
barabasi_albert,300,0.7,19,0.3002710148956479,90.08130446869437,90.08130446869437,True
barabasi_albert,300,0.7,20,0.30026899302883825,90.08069790865147,90.08069790865147,True
barabasi_albert,300,0.7,21,0.30008819743700643,90.02645923110192,90.02645923110192,True
barabasi_albert,300,0.7,22,0.30015996265534883,90.04798879660466,90.04798879660466,True
barabasi_albert,300,0.7,23,0.30010659354699576,90.03197806409872,90.03197806409872,True
barabasi_albert,300,0.7,24,0.3001365885050046,90.04097655150137,90.04097655150137,True
barabasi_albert,300,0.7,25,0.3002122018046336,90.06366054139008,90.06366054139008,True
barabasi_albert,300,0.7,26,0.3001742952809645,90.05228858428936,90.05228858428936,True
barabasi_albert,300,0.7,27,0.30033414171873607,90.10024251562082,90.10024251562082,True
barabasi_albert,300,0.7,28,0.3001608973419191,90.04826920257572,90.04826920257572,True
barabasi_albert,300,0.7,29,0.30014994004187634,90.0449820125629,90.0449820125629,True
barabasi_albert,300,0.9,0,0.1166933237022133,35.00799711066399,35.00799711066399,True
barabasi_albert,300,0.9,1,0.11669246983295534,35.0077409498866,35.0077409498866,True
barabasi_albert,300,0.9,2,0.11669995784880483,35.009987354641446,35.009987354641446,True
barabasi_albert,300,0.9,3,0.1166973772471489,35.00921317414467,35.00921317414467,True
barabasi_albert,300,0.9,4,0.11670150602610596,35.010451807831785,35.010451807831785,True
barabasi_albert,300,0.9,5,0.11669454803536317,35.00836441060895,35.00836441060895,True
barabasi_albert,300,0.9,6,0.11669093359789129,35.00728007936738,35.00728007936738,True
barabasi_albert,300,0.9,7,0.1166912466616542,35.00737399849626,35.00737399849626,True
barabasi_albert,300,0.9,8,0.11669825503959141,35.00947651187742,35.00947651187742,True
barabasi_albert,300,0.9,9,0.11669780666644425,35.00934199993328,35.00934199993328,True
barabasi_albert,300,0.9,10,0.11669538864905249,35.00861659471575,35.00861659471575,True
barabasi_albert,300,0.9,11,0.11669052300907945,35.007156902723835,35.007156902723835,True
barabasi_albert,300,0.9,12,0.11669419828610816,35.00825948583245,35.00825948583245,True
barabasi_albert,300,0.9,13,0.11660329403756808,34.98098821127043,34.98098821127043,True
barabasi_albert,300,0.9,14,0.11669940679525637,35.00982203857691,35.00982203857691,True
barabasi_albert,300,0.9,15,0.1166931901512509,35.00795704537527,35.00795704537527,True
barabasi_albert,300,0.9,16,0.11669880088798135,35.009640266394406,35.009640266394406,True
barabasi_albert,300,0.9,17,0.1166956599464406,35.00869798393218,35.00869798393218,True
barabasi_albert,300,0.9,18,0.11669841297189831,35.00952389156949,35.00952389156949,True
barabasi_albert,300,0.9,19,0.11670673486036376,35.01202045810913,35.01202045810913,True
barabasi_albert,300,0.9,20,0.11660074363014639,34.98022308904392,34.98022308904392,True
barabasi_albert,300,0.9,21,0.11670643083453314,35.01192925035994,35.01192925035994,True
barabasi_albert,300,0.9,22,0.11669958376988465,35.0098751309654,35.0098751309654,True
barabasi_albert,300,0.9,23,0.11669580030291116,35.008740090873346,35.008740090873346,True
barabasi_albert,300,0.9,24,0.11669896772669819,35.009690318009454,35.009690318009454,True
barabasi_albert,300,0.9,25,0.11669226351449247,35.00767905434774,35.00767905434774,True
barabasi_albert,300,0.9,26,0.11669978717009144,35.00993615102743,35.00993615102743,True
barabasi_albert,300,0.9,27,0.1166041595038767,34.98124785116301,34.98124785116301,True
barabasi_albert,300,0.9,28,0.11669269714074293,35.00780914222288,35.00780914222288,True
barabasi_albert,300,0.9,29,0.11669555744587845,35.00866723376353,35.00866723376353,True
barabasi_albert,300,1.0,0,0.0,0.0,0.0,True
barabasi_albert,300,1.0,1,0.0,0.0,0.0,True
barabasi_albert,300,1.0,2,0.0,0.0,0.0,True
barabasi_albert,300,1.0,3,0.0,0.0,0.0,True
barabasi_albert,300,1.0,4,0.0,0.0,0.0,True
barabasi_albert,300,1.0,5,0.0,0.0,0.0,True
barabasi_albert,300,1.0,6,0.0,0.0,0.0,True
barabasi_albert,300,1.0,7,0.0,0.0,0.0,True
barabasi_albert,300,1.0,8,0.0,0.0,0.0,True
barabasi_albert,300,1.0,9,0.0,0.0,0.0,True
barabasi_albert,300,1.0,10,0.0,0.0,0.0,True
barabasi_albert,300,1.0,11,0.0,0.0,0.0,True
barabasi_albert,300,1.0,12,0.0,0.0,0.0,True
barabasi_albert,300,1.0,13,0.0,0.0,0.0,True
barabasi_albert,300,1.0,14,0.0,0.0,0.0,True
barabasi_albert,300,1.0,15,0.0,0.0,0.0,True
barabasi_albert,300,1.0,16,0.0,0.0,0.0,True
barabasi_albert,300,1.0,17,0.0,0.0,0.0,True
barabasi_albert,300,1.0,18,0.0,0.0,0.0,True
barabasi_albert,300,1.0,19,0.0,0.0,0.0,True
barabasi_albert,300,1.0,20,0.0,0.0,0.0,True
barabasi_albert,300,1.0,21,0.0,0.0,0.0,True
barabasi_albert,300,1.0,22,0.0,0.0,0.0,True
barabasi_albert,300,1.0,23,0.0,0.0,0.0,True
barabasi_albert,300,1.0,24,0.0,0.0,0.0,True
barabasi_albert,300,1.0,25,0.0,0.0,0.0,True
barabasi_albert,300,1.0,26,0.0,0.0,0.0,True
barabasi_albert,300,1.0,27,0.0,0.0,0.0,True
barabasi_albert,300,1.0,28,0.0,0.0,0.0,True
barabasi_albert,300,1.0,29,0.0,0.0,0.0,True
barabasi_albert,1000,0.0,0,0.63217198765611,632.17198765611,632.17198765611,True
barabasi_albert,1000,0.0,1,0.6329555914342425,632.9555914342425,632.9555914342425,True
barabasi_albert,1000,0.0,2,0.631588859002861,631.588859002861,631.588859002861,True
barabasi_albert,1000,0.0,3,0.6321977596776467,632.1977596776467,632.1977596776467,True
barabasi_albert,1000,0.0,4,0.6319849096470166,631.9849096470166,631.9849096470166,True
barabasi_albert,1000,0.0,5,0.6320255156581555,632.0255156581554,632.0255156581554,True
barabasi_albert,1000,0.0,6,0.6320299803354903,632.0299803354903,632.0299803354903,True
barabasi_albert,1000,0.0,7,0.6322389842787336,632.2389842787336,632.2389842787336,True
barabasi_albert,1000,0.0,8,0.6318000365459449,631.8000365459449,631.8000365459449,True
barabasi_albert,1000,0.0,9,0.6325703026937143,632.5703026937143,632.5703026937143,True
barabasi_albert,1000,0.0,10,0.6320666016489636,632.0666016489636,632.0666016489636,True
barabasi_albert,1000,0.0,11,0.6318582057390074,631.8582057390074,631.8582057390074,True
barabasi_albert,1000,0.0,12,0.632197580439666,632.197580439666,632.197580439666,True
barabasi_albert,1000,0.0,13,0.6323812546299652,632.3812546299652,632.3812546299652,True
barabasi_albert,1000,0.0,14,0.6321562162660552,632.1562162660553,632.1562162660553,True
barabasi_albert,1000,0.0,15,0.6327295534775594,632.7295534775594,632.7295534775594,True
barabasi_albert,1000,0.0,16,0.6323224042238116,632.3224042238115,632.3224042238115,True
barabasi_albert,1000,0.0,17,0.632150784644797,632.150784644797,632.150784644797,True
barabasi_albert,1000,0.0,18,0.6319190329116262,631.9190329116262,631.9190329116262,True
barabasi_albert,1000,0.0,19,0.6315930241718832,631.5930241718833,631.5930241718833,True
barabasi_albert,1000,0.0,20,0.6314665015690348,631.4665015690348,631.4665015690348,True
barabasi_albert,1000,0.0,21,0.6320868921493907,632.0868921493907,632.0868921493907,True
barabasi_albert,1000,0.0,22,0.6320169375670459,632.0169375670459,632.0169375670459,True
barabasi_albert,1000,0.0,23,0.632091839015685,632.091839015685,632.091839015685,True
barabasi_albert,1000,0.0,24,0.6320189462499247,632.0189462499247,632.0189462499247,True
barabasi_albert,1000,0.0,25,0.6317064079986445,631.7064079986445,631.7064079986445,True
barabasi_albert,1000,0.0,26,0.6320991073716585,632.0991073716585,632.0991073716585,True
barabasi_albert,1000,0.0,27,0.6316176527182656,631.6176527182656,631.6176527182656,True
barabasi_albert,1000,0.0,28,0.6319549698626696,631.9549698626696,631.9549698626696,True
barabasi_albert,1000,0.0,29,0.6317957886153436,631.7957886153436,631.7957886153436,True
barabasi_albert,1000,0.1,0,0.6318300340904119,631.8300340904119,631.8300340904119,True
barabasi_albert,1000,0.1,1,0.6319595937849019,631.9595937849018,631.9595937849018,True
barabasi_albert,1000,0.1,2,0.631773126322785,631.7731263227851,631.7731263227851,True
barabasi_albert,1000,0.1,3,0.6318372176437796,631.8372176437797,631.8372176437797,True
barabasi_albert,1000,0.1,4,0.6316786651234967,631.6786651234967,631.6786651234967,True
barabasi_albert,1000,0.1,5,0.6314682838829925,631.4682838829925,631.4682838829925,True
barabasi_albert,1000,0.1,6,0.6319478843361996,631.9478843361996,631.9478843361996,True
barabasi_albert,1000,0.1,7,0.6316645340908313,631.6645340908314,631.6645340908314,True
barabasi_albert,1000,0.1,8,0.6318376109262037,631.8376109262038,631.8376109262038,True
barabasi_albert,1000,0.1,9,0.6320597620906813,632.0597620906813,632.0597620906813,True
barabasi_albert,1000,0.1,10,0.6317023583186934,631.7023583186933,631.7023583186933,True
barabasi_albert,1000,0.1,11,0.6312320093115871,631.232009311587,631.232009311587,True
barabasi_albert,1000,0.1,12,0.6320786826673828,632.0786826673827,632.0786826673827,True
barabasi_albert,1000,0.1,13,0.6316575791973444,631.6575791973445,631.6575791973445,True
barabasi_albert,1000,0.1,14,0.6316225303476081,631.6225303476081,631.6225303476081,True
barabasi_albert,1000,0.1,15,0.6322260739910959,632.2260739910959,632.2260739910959,True
barabasi_albert,1000,0.1,16,0.6312896253059599,631.2896253059599,631.2896253059599,True
barabasi_albert,1000,0.1,17,0.6320818927916331,632.0818927916331,632.0818927916331,True
barabasi_albert,1000,0.1,18,0.6319266677643398,631.9266677643398,631.9266677643398,True
barabasi_albert,1000,0.1,19,0.6322594821744187,632.2594821744187,632.2594821744187,True
barabasi_albert,1000,0.1,20,0.6321095230226002,632.1095230226001,632.1095230226001,True
barabasi_albert,1000,0.1,21,0.6316834547133057,631.6834547133057,631.6834547133057,True
barabasi_albert,1000,0.1,22,0.6317402530596306,631.7402530596305,631.7402530596305,True
barabasi_albert,1000,0.1,23,0.6319423977680791,631.9423977680791,631.9423977680791,True
barabasi_albert,1000,0.1,24,0.631549938900696,631.549938900696,631.549938900696,True
barabasi_albert,1000,0.1,25,0.6314729360877397,631.4729360877396,631.4729360877396,True
barabasi_albert,1000,0.1,26,0.6316534195952855,631.6534195952855,631.6534195952855,True
barabasi_albert,1000,0.1,27,0.6320933680086338,632.0933680086338,632.0933680086338,True
barabasi_albert,1000,0.1,28,0.6318999579670942,631.8999579670942,631.8999579670942,True
barabasi_albert,1000,0.1,29,0.6314558559900938,631.4558559900938,631.4558559900938,True
barabasi_albert,1000,0.3,0,0.5456401224010676,545.6401224010676,545.6401224010676,True
barabasi_albert,1000,0.3,1,0.5455293320979546,545.5293320979546,545.5293320979546,True
barabasi_albert,1000,0.3,2,0.5452360992786826,545.2360992786826,545.2360992786826,True
barabasi_albert,1000,0.3,3,0.5454156495137517,545.4156495137516,545.4156495137516,True
barabasi_albert,1000,0.3,4,0.5455639199505524,545.5639199505524,545.5639199505524,True
barabasi_albert,1000,0.3,5,0.5454976009620958,545.4976009620958,545.4976009620958,True
barabasi_albert,1000,0.3,6,0.5459588217293456,545.9588217293456,545.9588217293456,True
barabasi_albert,1000,0.3,7,0.5454223883877157,545.4223883877157,545.4223883877157,True
barabasi_albert,1000,0.3,8,0.5456345154796736,545.6345154796736,545.6345154796736,True
barabasi_albert,1000,0.3,9,0.545363875961426,545.363875961426,545.363875961426,True
barabasi_albert,1000,0.3,10,0.5457315479069951,545.731547906995,545.731547906995,True
barabasi_albert,1000,0.3,11,0.5452836444522822,545.2836444522821,545.2836444522821,True
barabasi_albert,1000,0.3,12,0.5454649369975872,545.4649369975873,545.4649369975873,True
barabasi_albert,1000,0.3,13,0.5455576165285079,545.5576165285079,545.5576165285079,True
barabasi_albert,1000,0.3,14,0.5458499268075925,545.8499268075925,545.8499268075925,True
barabasi_albert,1000,0.3,15,0.5453795809065065,545.3795809065065,545.3795809065065,True
barabasi_albert,1000,0.3,16,0.5457407915760523,545.7407915760523,545.7407915760523,True
barabasi_albert,1000,0.3,17,0.5455287359198059,545.5287359198059,545.5287359198059,True
barabasi_albert,1000,0.3,18,0.5458500642104913,545.8500642104913,545.8500642104913,True
barabasi_albert,1000,0.3,19,0.545583120716739,545.583120716739,545.583120716739,True
barabasi_albert,1000,0.3,20,0.5455642868784629,545.5642868784629,545.5642868784629,True
barabasi_albert,1000,0.3,21,0.5456166733339476,545.6166733339476,545.6166733339476,True
barabasi_albert,1000,0.3,22,0.5458043701140295,545.8043701140294,545.8043701140294,True
barabasi_albert,1000,0.3,23,0.5456391287274946,545.6391287274946,545.6391287274946,True
barabasi_albert,1000,0.3,24,0.5455580369694175,545.5580369694176,545.5580369694176,True
barabasi_albert,1000,0.3,25,0.5452010960834136,545.2010960834136,545.2010960834136,True
barabasi_albert,1000,0.3,26,0.5455431882119878,545.5431882119877,545.5431882119877,True
barabasi_albert,1000,0.3,27,0.5455245689200745,545.5245689200746,545.5245689200746,True
barabasi_albert,1000,0.3,28,0.545328098870363,545.3280988703631,545.3280988703631,True
barabasi_albert,1000,0.3,29,0.5452272719475324,545.2272719475324,545.2272719475324,True
barabasi_albert,1000,0.5,0,0.43788375150146464,437.88375150146464,437.88375150146464,True
barabasi_albert,1000,0.5,1,0.43801108606824657,438.0110860682466,438.0110860682466,True
barabasi_albert,1000,0.5,2,0.4380574621207233,438.0574621207233,438.0574621207233,True
barabasi_albert,1000,0.5,3,0.4380257219258148,438.02572192581476,438.02572192581476,True
barabasi_albert,1000,0.5,4,0.4381103879726803,438.1103879726803,438.1103879726803,True
barabasi_albert,1000,0.5,5,0.43796940576121657,437.9694057612166,437.9694057612166,True
barabasi_albert,1000,0.5,6,0.4376572092057567,437.65720920575666,437.65720920575666,True
barabasi_albert,1000,0.5,7,0.43821086163614875,438.21086163614876,438.21086163614876,True
barabasi_albert,1000,0.5,8,0.4381372594583879,438.13725945838786,438.13725945838786,True
barabasi_albert,1000,0.5,9,0.43801886752691066,438.01886752691064,438.01886752691064,True
barabasi_albert,1000,0.5,10,0.43795061968380233,437.95061968380236,437.95061968380236,True
barabasi_albert,1000,0.5,11,0.4382539618321215,438.2539618321215,438.2539618321215,True
barabasi_albert,1000,0.5,12,0.4379266137148936,437.9266137148936,437.9266137148936,True
barabasi_albert,1000,0.5,13,0.4379262011015871,437.9262011015871,437.9262011015871,True
barabasi_albert,1000,0.5,14,0.4380864853496387,438.0864853496387,438.0864853496387,True
barabasi_albert,1000,0.5,15,0.4379795540343283,437.9795540343283,437.9795540343283,True
barabasi_albert,1000,0.5,16,0.4381509191734795,438.1509191734795,438.1509191734795,True
barabasi_albert,1000,0.5,17,0.4378790183635043,437.8790183635043,437.8790183635043,True
barabasi_albert,1000,0.5,18,0.4381490824865636,438.1490824865636,438.1490824865636,True
barabasi_albert,1000,0.5,19,0.43798500934262086,437.98500934262086,437.98500934262086,True
barabasi_albert,1000,0.5,20,0.43807450684115157,438.07450684115156,438.07450684115156,True
barabasi_albert,1000,0.5,21,0.437904557734595,437.904557734595,437.904557734595,True
barabasi_albert,1000,0.5,22,0.43798275941744547,437.9827594174455,437.9827594174455,True
barabasi_albert,1000,0.5,23,0.4382912730185369,438.29127301853686,438.29127301853686,True
barabasi_albert,1000,0.5,24,0.4380930949878622,438.0930949878622,438.0930949878622,True
barabasi_albert,1000,0.5,25,0.4379945776130294,437.9945776130294,437.9945776130294,True
barabasi_albert,1000,0.5,26,0.4380869342732362,438.0869342732362,438.0869342732362,True
barabasi_albert,1000,0.5,27,0.4378415336282414,437.8415336282414,437.8415336282414,True
barabasi_albert,1000,0.5,28,0.4382506826418793,438.2506826418793,438.2506826418793,True
barabasi_albert,1000,0.5,29,0.4380252956003592,438.0252956003592,438.0252956003592,True
barabasi_albert,1000,0.7,0,0.3000431353763934,300.04313537639337,300.04313537639337,True
barabasi_albert,1000,0.7,1,0.30006815237775164,300.06815237775163,300.06815237775163,True
barabasi_albert,1000,0.7,2,0.3002456910200887,300.2456910200887,300.2456910200887,True
barabasi_albert,1000,0.7,3,0.3002528193144184,300.2528193144184,300.2528193144184,True
barabasi_albert,1000,0.7,4,0.3001524561659864,300.1524561659864,300.1524561659864,True
barabasi_albert,1000,0.7,5,0.30017997413716613,300.17997413716614,300.17997413716614,True
barabasi_albert,1000,0.7,6,0.30015960105616346,300.15960105616347,300.15960105616347,True
barabasi_albert,1000,0.7,7,0.30016849215591157,300.16849215591157,300.16849215591157,True
barabasi_albert,1000,0.7,8,0.30013847091290535,300.13847091290535,300.13847091290535,True
barabasi_albert,1000,0.7,9,0.3002045294777118,300.2045294777118,300.2045294777118,True
barabasi_albert,1000,0.7,10,0.3002096570788919,300.2096570788919,300.2096570788919,True
barabasi_albert,1000,0.7,11,0.3002301203961555,300.2301203961555,300.2301203961555,True
barabasi_albert,1000,0.7,12,0.3002413883039311,300.2413883039311,300.2413883039311,True
barabasi_albert,1000,0.7,13,0.3002144854872355,300.2144854872355,300.2144854872355,True
barabasi_albert,1000,0.7,14,0.30021267506788896,300.21267506788894,300.21267506788894,True
barabasi_albert,1000,0.7,15,0.300042993551044,300.04299355104405,300.04299355104405,True
barabasi_albert,1000,0.7,16,0.30024180250392585,300.24180250392584,300.24180250392584,True
barabasi_albert,1000,0.7,17,0.30019354951277644,300.1935495127764,300.1935495127764,True
barabasi_albert,1000,0.7,18,0.300215308816019,300.215308816019,300.215308816019,True
barabasi_albert,1000,0.7,19,0.30027195781406124,300.27195781406124,300.27195781406124,True
barabasi_albert,1000,0.7,20,0.3001962682026261,300.19626820262613,300.19626820262613,True
barabasi_albert,1000,0.7,21,0.3002460023545177,300.2460023545177,300.2460023545177,True
barabasi_albert,1000,0.7,22,0.30025952413187307,300.2595241318731,300.2595241318731,True
barabasi_albert,1000,0.7,23,0.3002106278366712,300.21062783667116,300.21062783667116,True
barabasi_albert,1000,0.7,24,0.3001920085809969,300.1920085809969,300.1920085809969,True
barabasi_albert,1000,0.7,25,0.3002683274664575,300.2683274664575,300.2683274664575,True
barabasi_albert,1000,0.7,26,0.3001518227240918,300.1518227240918,300.1518227240918,True
barabasi_albert,1000,0.7,27,0.3002312301959539,300.23123019595386,300.23123019595386,True
barabasi_albert,1000,0.7,28,0.300069534234064,300.069534234064,300.069534234064,True
barabasi_albert,1000,0.7,29,0.30030812529975504,300.30812529975503,300.30812529975503,True
barabasi_albert,1000,0.9,0,0.11669497724637301,116.69497724637301,116.69497724637301,True
barabasi_albert,1000,0.9,1,0.11659960086031695,116.59960086031695,116.59960086031695,True
barabasi_albert,1000,0.9,2,0.11669746675609016,116.69746675609017,116.69746675609017,True
barabasi_albert,1000,0.9,3,0.11669236884840772,116.69236884840772,116.69236884840772,True
barabasi_albert,1000,0.9,4,0.11669499098104186,116.69499098104185,116.69499098104185,True
barabasi_albert,1000,0.9,5,0.11659546934029286,116.59546934029285,116.59546934029285,True
barabasi_albert,1000,0.9,6,0.11669203745048451,116.6920374504845,116.6920374504845,True
barabasi_albert,1000,0.9,7,0.11669818131413079,116.69818131413079,116.69818131413079,True
barabasi_albert,1000,0.9,8,0.11669913044814739,116.69913044814739,116.69913044814739,True
barabasi_albert,1000,0.9,9,0.11669973628683172,116.69973628683172,116.69973628683172,True
barabasi_albert,1000,0.9,10,0.1166951211187669,116.69512111876689,116.69512111876689,True
barabasi_albert,1000,0.9,11,0.1166967584673465,116.69675846734651,116.69675846734651,True
barabasi_albert,1000,0.9,12,0.11659560954997339,116.59560954997339,116.59560954997339,True
barabasi_albert,1000,0.9,13,0.11669547363680921,116.69547363680921,116.69547363680921,True
barabasi_albert,1000,0.9,14,0.11669180289241776,116.69180289241777,116.69180289241777,True
barabasi_albert,1000,0.9,15,0.11669536329675534,116.69536329675535,116.69536329675535,True
barabasi_albert,1000,0.9,16,0.11669613671312251,116.69613671312251,116.69613671312251,True
barabasi_albert,1000,0.9,17,0.11640987945260295,116.40987945260295,116.40987945260295,True
barabasi_albert,1000,0.9,18,0.11670349778847966,116.70349778847967,116.70349778847967,True
barabasi_albert,1000,0.9,19,0.11660154061680161,116.60154061680161,116.60154061680161,True
barabasi_albert,1000,0.9,20,0.11669592963590902,116.69592963590902,116.69592963590902,True
barabasi_albert,1000,0.9,21,0.11670038996237775,116.70038996237776,116.70038996237776,True
barabasi_albert,1000,0.9,22,0.11660232729582087,116.60232729582087,116.60232729582087,True
barabasi_albert,1000,0.9,23,0.11669283068122893,116.69283068122893,116.69283068122893,True
barabasi_albert,1000,0.9,24,0.11669436215759454,116.69436215759454,116.69436215759454,True
barabasi_albert,1000,0.9,25,0.1166955382974616,116.6955382974616,116.6955382974616,True
barabasi_albert,1000,0.9,26,0.11669778924285734,116.69778924285734,116.69778924285734,True
barabasi_albert,1000,0.9,27,0.11669397155680139,116.69397155680139,116.69397155680139,True
barabasi_albert,1000,0.9,28,0.11669968910781625,116.69968910781625,116.69968910781625,True
barabasi_albert,1000,0.9,29,0.11669560063545592,116.69560063545592,116.69560063545592,True
barabasi_albert,1000,1.0,0,0.0,0.0,0.0,True
barabasi_albert,1000,1.0,1,0.0,0.0,0.0,True
barabasi_albert,1000,1.0,2,0.0,0.0,0.0,True
barabasi_albert,1000,1.0,3,0.0,0.0,0.0,True
barabasi_albert,1000,1.0,4,0.0,0.0,0.0,True
barabasi_albert,1000,1.0,5,0.0,0.0,0.0,True
barabasi_albert,1000,1.0,6,0.0,0.0,0.0,True
barabasi_albert,1000,1.0,7,0.0,0.0,0.0,True
barabasi_albert,1000,1.0,8,0.0,0.0,0.0,True
barabasi_albert,1000,1.0,9,0.0,0.0,0.0,True
barabasi_albert,1000,1.0,10,0.0,0.0,0.0,True
barabasi_albert,1000,1.0,11,0.0,0.0,0.0,True
barabasi_albert,1000,1.0,12,0.0,0.0,0.0,True
barabasi_albert,1000,1.0,13,0.0,0.0,0.0,True
barabasi_albert,1000,1.0,14,0.0,0.0,0.0,True
barabasi_albert,1000,1.0,15,0.0,0.0,0.0,True
barabasi_albert,1000,1.0,16,0.0,0.0,0.0,True
barabasi_albert,1000,1.0,17,0.0,0.0,0.0,True
barabasi_albert,1000,1.0,18,0.0,0.0,0.0,True
barabasi_albert,1000,1.0,19,0.0,0.0,0.0,True
barabasi_albert,1000,1.0,20,0.0,0.0,0.0,True
barabasi_albert,1000,1.0,21,0.0,0.0,0.0,True
barabasi_albert,1000,1.0,22,0.0,0.0,0.0,True
barabasi_albert,1000,1.0,23,0.0,0.0,0.0,True
barabasi_albert,1000,1.0,24,0.0,0.0,0.0,True
barabasi_albert,1000,1.0,25,0.0,0.0,0.0,True
barabasi_albert,1000,1.0,26,0.0,0.0,0.0,True
barabasi_albert,1000,1.0,27,0.0,0.0,0.0,True
barabasi_albert,1000,1.0,28,0.0,0.0,0.0,True
barabasi_albert,1000,1.0,29,0.0,0.0,0.0,True
barabasi_albert,3000,0.0,0,0.6316111317507911,1894.8333952523733,1894.8333952523733,True
barabasi_albert,3000,0.0,1,0.6316503686889714,1894.9511060669142,1894.9511060669142,True
barabasi_albert,3000,0.0,2,0.6327371110519562,1898.2113331558685,1898.2113331558685,True
barabasi_albert,3000,0.0,3,0.6323380874513633,1897.01426235409,1897.01426235409,True
barabasi_albert,3000,0.0,4,0.6328229194858362,1898.4687584575088,1898.4687584575088,True
barabasi_albert,3000,0.0,5,0.6321501286196349,1896.4503858589048,1896.4503858589048,True
barabasi_albert,3000,0.0,6,0.632609209027498,1897.8276270824938,1897.8276270824938,True
barabasi_albert,3000,0.0,7,0.632262418306405,1896.7872549192148,1896.7872549192148,True
barabasi_albert,3000,0.0,8,0.6319931349146672,1895.9794047440018,1895.9794047440018,True
barabasi_albert,3000,0.0,9,0.6316970990171777,1895.0912970515333,1895.0912970515333,True
barabasi_albert,3000,0.0,10,0.6315654318696641,1894.6962956089922,1894.6962956089922,True
barabasi_albert,3000,0.0,11,0.6320120404197412,1896.0361212592238,1896.0361212592238,True
barabasi_albert,3000,0.0,12,0.6320016853597981,1896.005056079394,1896.005056079394,True
barabasi_albert,3000,0.0,13,0.6320404645725974,1896.1213937177922,1896.1213937177922,True
barabasi_albert,3000,0.0,14,0.6324955537842852,1897.4866613528557,1897.4866613528557,True
barabasi_albert,3000,0.0,15,0.6317717837701156,1895.3153513103466,1895.3153513103466,True
barabasi_albert,3000,0.0,16,0.6318533168265199,1895.5599504795598,1895.5599504795598,True
barabasi_albert,3000,0.0,17,0.631700885122833,1895.102655368499,1895.102655368499,True
barabasi_albert,3000,0.0,18,0.6320640372681008,1896.1921118043024,1896.1921118043024,True
barabasi_albert,3000,0.0,19,0.6317701128622046,1895.3103385866139,1895.3103385866139,True
barabasi_albert,3000,0.0,20,0.6320651843918608,1896.1955531755823,1896.1955531755823,True
barabasi_albert,3000,0.0,21,0.6321780481544139,1896.5341444632418,1896.5341444632418,True
barabasi_albert,3000,0.0,22,0.6321735055794548,1896.5205167383644,1896.5205167383644,True
barabasi_albert,3000,0.0,23,0.6320885614252003,1896.265684275601,1896.265684275601,True
barabasi_albert,3000,0.0,24,0.6324215640850275,1897.2646922550825,1897.2646922550825,True
barabasi_albert,3000,0.0,25,0.6319958012614058,1895.9874037842173,1895.9874037842173,True
barabasi_albert,3000,0.0,26,0.632311460783431,1896.9343823502932,1896.9343823502932,True
barabasi_albert,3000,0.0,27,0.6323121923722443,1896.9365771167331,1896.9365771167331,True
barabasi_albert,3000,0.0,28,0.6324810095038169,1897.4430285114508,1897.4430285114508,True
barabasi_albert,3000,0.0,29,0.6322541163272195,1896.7623489816585,1896.7623489816585,True
barabasi_albert,3000,0.1,0,0.6316082840212989,1894.8248520638965,1894.8248520638965,True
barabasi_albert,3000,0.1,1,0.6319952400213114,1895.985720063934,1895.985720063934,True
barabasi_albert,3000,0.1,2,0.6320864395751152,1896.2593187253458,1896.2593187253458,True
barabasi_albert,3000,0.1,3,0.6316560825456982,1894.9682476370945,1894.9682476370945,True
barabasi_albert,3000,0.1,4,0.6320916929164162,1896.2750787492487,1896.2750787492487,True
barabasi_albert,3000,0.1,5,0.6319424688634225,1895.8274065902676,1895.8274065902676,True
barabasi_albert,3000,0.1,6,0.6317608275332264,1895.282482599679,1895.282482599679,True
barabasi_albert,3000,0.1,7,0.6318739014747956,1895.6217044243867,1895.6217044243867,True
barabasi_albert,3000,0.1,8,0.6320008447703185,1896.0025343109555,1896.0025343109555,True
barabasi_albert,3000,0.1,9,0.6319051400244031,1895.7154200732093,1895.7154200732093,True
barabasi_albert,3000,0.1,10,0.631332318200498,1893.9969546014938,1893.9969546014938,True
barabasi_albert,3000,0.1,11,0.6323254183404711,1896.9762550214132,1896.9762550214132,True
barabasi_albert,3000,0.1,12,0.6318306867695859,1895.4920603087576,1895.4920603087576,True
barabasi_albert,3000,0.1,13,0.6320411345659327,1896.123403697798,1896.123403697798,True
barabasi_albert,3000,0.1,14,0.6315256954660242,1894.5770863980727,1894.5770863980727,True
barabasi_albert,3000,0.1,15,0.6317120236208342,1895.1360708625027,1895.1360708625027,True
barabasi_albert,3000,0.1,16,0.6317892539029286,1895.3677617087858,1895.3677617087858,True
barabasi_albert,3000,0.1,17,0.6313821129263557,1894.146338779067,1894.146338779067,True
barabasi_albert,3000,0.1,18,0.6317357906263137,1895.207371878941,1895.207371878941,True
barabasi_albert,3000,0.1,19,0.6316226063100812,1894.8678189302434,1894.8678189302434,True
barabasi_albert,3000,0.1,20,0.6312390157820937,1893.717047346281,1893.717047346281,True
barabasi_albert,3000,0.1,21,0.6310824550076481,1893.2473650229445,1893.2473650229445,True
barabasi_albert,3000,0.1,22,0.6320666980071679,1896.2000940215037,1896.2000940215037,True
barabasi_albert,3000,0.1,23,0.6322728991869349,1896.8186975608046,1896.8186975608046,True
barabasi_albert,3000,0.1,24,0.6317719301908655,1895.3157905725966,1895.3157905725966,True
barabasi_albert,3000,0.1,25,0.6313512405324369,1894.0537215973106,1894.0537215973106,True
barabasi_albert,3000,0.1,26,0.6317214406016617,1895.164321804985,1895.164321804985,True
barabasi_albert,3000,0.1,27,0.6317512432209975,1895.2537296629926,1895.2537296629926,True
barabasi_albert,3000,0.1,28,0.6314535889277364,1894.360766783209,1894.360766783209,True
barabasi_albert,3000,0.1,29,0.6313672998853722,1894.1018996561165,1894.1018996561165,True
barabasi_albert,3000,0.3,0,0.5455012020228227,1636.5036060684681,1636.5036060684681,True
barabasi_albert,3000,0.3,1,0.5456269397550384,1636.8808192651152,1636.8808192651152,True
barabasi_albert,3000,0.3,2,0.5453903174461852,1636.1709523385555,1636.1709523385555,True
barabasi_albert,3000,0.3,3,0.5452753533647179,1635.8260600941537,1635.8260600941537,True
barabasi_albert,3000,0.3,4,0.5454096559569155,1636.2289678707464,1636.2289678707464,True
barabasi_albert,3000,0.3,5,0.5459894630490449,1637.9683891471348,1637.9683891471348,True
barabasi_albert,3000,0.3,6,0.545653226802534,1636.959680407602,1636.959680407602,True
barabasi_albert,3000,0.3,7,0.5457006620965615,1637.1019862896846,1637.1019862896846,True
barabasi_albert,3000,0.3,8,0.5456209873953295,1636.8629621859884,1636.8629621859884,True
barabasi_albert,3000,0.3,9,0.5456679809474585,1637.0039428423754,1637.0039428423754,True
barabasi_albert,3000,0.3,10,0.5452389267484226,1635.7167802452677,1635.7167802452677,True
barabasi_albert,3000,0.3,11,0.545111095786639,1635.333287359917,1635.333287359917,True
barabasi_albert,3000,0.3,12,0.5457154767919434,1637.1464303758303,1637.1464303758303,True
barabasi_albert,3000,0.3,13,0.5454980035424384,1636.4940106273152,1636.4940106273152,True
barabasi_albert,3000,0.3,14,0.5455828068861577,1636.748420658473,1636.748420658473,True
barabasi_albert,3000,0.3,15,0.5456119459145732,1636.8358377437196,1636.8358377437196,True
barabasi_albert,3000,0.3,16,0.5454843796509549,1636.4531389528645,1636.4531389528645,True
barabasi_albert,3000,0.3,17,0.5457402718898168,1637.2208156694503,1637.2208156694503,True
barabasi_albert,3000,0.3,18,0.5457098678884954,1637.1296036654862,1637.1296036654862,True
barabasi_albert,3000,0.3,19,0.54557197173969,1636.71591521907,1636.71591521907,True
barabasi_albert,3000,0.3,20,0.5456037082431733,1636.8111247295199,1636.8111247295199,True
barabasi_albert,3000,0.3,21,0.5458858138974325,1637.6574416922977,1637.6574416922977,True
barabasi_albert,3000,0.3,22,0.5454827055061962,1636.4481165185884,1636.4481165185884,True
barabasi_albert,3000,0.3,23,0.5456061895343385,1636.8185686030154,1636.8185686030154,True
barabasi_albert,3000,0.3,24,0.5457018065331605,1637.1054195994814,1637.1054195994814,True
barabasi_albert,3000,0.3,25,0.5454194998202562,1636.2584994607685,1636.2584994607685,True
barabasi_albert,3000,0.3,26,0.5456240146714337,1636.8720440143013,1636.8720440143013,True
barabasi_albert,3000,0.3,27,0.5453770600633256,1636.131180189977,1636.131180189977,True
barabasi_albert,3000,0.3,28,0.5455601675424777,1636.680502627433,1636.680502627433,True
barabasi_albert,3000,0.3,29,0.5455500174617249,1636.6500523851748,1636.6500523851748,True
barabasi_albert,3000,0.5,0,0.4378947384165295,1313.6842152495885,1313.6842152495885,True
barabasi_albert,3000,0.5,1,0.4379571817191512,1313.8715451574537,1313.8715451574537,True
barabasi_albert,3000,0.5,2,0.43785685604705016,1313.5705681411505,1313.5705681411505,True
barabasi_albert,3000,0.5,3,0.43806523616828486,1314.1957085048546,1314.1957085048546,True
barabasi_albert,3000,0.5,4,0.43785633512660593,1313.5690053798178,1313.5690053798178,True
barabasi_albert,3000,0.5,5,0.43806931999627197,1314.207959988816,1314.207959988816,True
barabasi_albert,3000,0.5,6,0.43817016941014375,1314.5105082304312,1314.5105082304312,True
barabasi_albert,3000,0.5,7,0.4379227117004221,1313.7681351012661,1313.7681351012661,True
barabasi_albert,3000,0.5,8,0.43802311902804736,1314.069357084142,1314.069357084142,True
barabasi_albert,3000,0.5,9,0.43802728863173257,1314.0818658951978,1314.0818658951978,True
barabasi_albert,3000,0.5,10,0.4379487321466361,1313.8461964399082,1313.8461964399082,True
barabasi_albert,3000,0.5,11,0.43801947281541387,1314.0584184462416,1314.0584184462416,True
barabasi_albert,3000,0.5,12,0.4379119988396937,1313.735996519081,1313.735996519081,True
barabasi_albert,3000,0.5,13,0.4380371379491954,1314.1114138475862,1314.1114138475862,True
barabasi_albert,3000,0.5,14,0.4380444707649276,1314.1334122947828,1314.1334122947828,True
barabasi_albert,3000,0.5,15,0.4380214017302022,1314.0642051906066,1314.0642051906066,True
barabasi_albert,3000,0.5,16,0.4381951714919694,1314.5855144759082,1314.5855144759082,True
barabasi_albert,3000,0.5,17,0.43796570609920127,1313.8971182976038,1313.8971182976038,True
barabasi_albert,3000,0.5,18,0.4378950009865523,1313.685002959657,1313.685002959657,True
barabasi_albert,3000,0.5,19,0.4384160017073989,1315.2480051221967,1315.2480051221967,True
barabasi_albert,3000,0.5,20,0.4379752036431448,1313.9256109294345,1313.9256109294345,True
barabasi_albert,3000,0.5,21,0.43804848648000183,1314.1454594400054,1314.1454594400054,True
barabasi_albert,3000,0.5,22,0.4380076295393036,1314.022888617911,1314.022888617911,True
barabasi_albert,3000,0.5,23,0.43808520937127293,1314.2556281138188,1314.2556281138188,True
barabasi_albert,3000,0.5,24,0.4382906192702949,1314.8718578108846,1314.8718578108846,True
barabasi_albert,3000,0.5,25,0.4380214707406098,1314.0644122218296,1314.0644122218296,True
barabasi_albert,3000,0.5,26,0.4382681446150384,1314.8044338451152,1314.8044338451152,True
barabasi_albert,3000,0.5,27,0.4378425553078692,1313.5276659236076,1313.5276659236076,True
barabasi_albert,3000,0.5,28,0.43796720168751446,1313.9016050625435,1313.9016050625435,True
barabasi_albert,3000,0.5,29,0.4381316627071813,1314.394988121544,1314.394988121544,True
barabasi_albert,3000,0.7,0,0.30020684671892617,900.6205401567785,900.6205401567785,True
barabasi_albert,3000,0.7,1,0.3001122448950785,900.3367346852355,900.3367346852355,True
barabasi_albert,3000,0.7,2,0.3002522664247639,900.7567992742917,900.7567992742917,True
barabasi_albert,3000,0.7,3,0.3000845897141027,900.253769142308,900.253769142308,True
barabasi_albert,3000,0.7,4,0.3002795980543741,900.8387941631223,900.8387941631223,True
barabasi_albert,3000,0.7,5,0.30017466212418964,900.523986372569,900.523986372569,True
barabasi_albert,3000,0.7,6,0.30018846421278933,900.5653926383679,900.5653926383679,True
barabasi_albert,3000,0.7,7,0.30005979633732827,900.1793890119848,900.1793890119848,True
barabasi_albert,3000,0.7,8,0.30011110666352037,900.3333199905611,900.3333199905611,True
barabasi_albert,3000,0.7,9,0.3002629694045481,900.7889082136443,900.7889082136443,True
barabasi_albert,3000,0.7,10,0.3003166822164379,900.9500466493138,900.9500466493138,True
barabasi_albert,3000,0.7,11,0.3002054087097267,900.6162261291801,900.6162261291801,True
barabasi_albert,3000,0.7,12,0.30024362031682617,900.7308609504785,900.7308609504785,True
barabasi_albert,3000,0.7,13,0.3002256979866844,900.6770939600533,900.6770939600533,True
barabasi_albert,3000,0.7,14,0.3002729439788011,900.8188319364033,900.8188319364033,True
barabasi_albert,3000,0.7,15,0.3000883535441442,900.2650606324327,900.2650606324327,True
barabasi_albert,3000,0.7,16,0.3001864029413136,900.5592088239408,900.5592088239408,True
barabasi_albert,3000,0.7,17,0.3002643971932256,900.7931915796769,900.7931915796769,True
barabasi_albert,3000,0.7,18,0.3001723898946991,900.5171696840972,900.5171696840972,True
barabasi_albert,3000,0.7,19,0.30019050170899786,900.5715051269935,900.5715051269935,True
barabasi_albert,3000,0.7,20,0.3001798850537024,900.5396551611072,900.5396551611072,True
barabasi_albert,3000,0.7,21,0.30013966558561567,900.418996756847,900.418996756847,True
barabasi_albert,3000,0.7,22,0.3001214242215111,900.3642726645334,900.3642726645334,True
barabasi_albert,3000,0.7,23,0.30021691297139397,900.6507389141819,900.6507389141819,True
barabasi_albert,3000,0.7,24,0.30011219626563945,900.3365887969184,900.3365887969184,True
barabasi_albert,3000,0.7,25,0.30019619858617275,900.5885957585183,900.5885957585183,True
barabasi_albert,3000,0.7,26,0.3001944571382127,900.5833714146381,900.5833714146381,True
barabasi_albert,3000,0.7,27,0.3001792205510454,900.5376616531362,900.5376616531362,True
barabasi_albert,3000,0.7,28,0.3002691596900319,900.8074790700956,900.8074790700956,True
barabasi_albert,3000,0.7,29,0.3002661637971549,900.7984913914646,900.7984913914646,True
barabasi_albert,3000,0.9,0,0.11669268297142221,350.0780489142666,350.0780489142666,True
barabasi_albert,3000,0.9,1,0.11669189978819561,350.0756993645868,350.0756993645868,True
barabasi_albert,3000,0.9,2,0.11669049668154241,350.07149004462724,350.07149004462724,True
barabasi_albert,3000,0.9,3,0.11670017128192911,350.1005138457873,350.1005138457873,True
barabasi_albert,3000,0.9,4,0.1165982358968427,349.7947076905281,349.7947076905281,True
barabasi_albert,3000,0.9,5,0.11669467444306358,350.08402332919076,350.08402332919076,True
barabasi_albert,3000,0.9,6,0.11669611504538102,350.08834513614306,350.08834513614306,True
barabasi_albert,3000,0.9,7,0.11670280283291001,350.10840849873006,350.10840849873006,True
barabasi_albert,3000,0.9,8,0.11669252405028918,350.0775721508675,350.0775721508675,True
barabasi_albert,3000,0.9,9,0.1166953878506396,350.0861635519188,350.0861635519188,True
barabasi_albert,3000,0.9,10,0.11669756783024465,350.092703490734,350.092703490734,True
barabasi_albert,3000,0.9,11,0.11669226809653754,350.07680428961265,350.07680428961265,True
barabasi_albert,3000,0.9,12,0.11669243586690192,350.07730760070575,350.07730760070575,True
barabasi_albert,3000,0.9,13,0.11669648446068648,350.08945338205945,350.08945338205945,True
barabasi_albert,3000,0.9,14,0.11669275680280589,350.07827040841767,350.07827040841767,True
barabasi_albert,3000,0.9,15,0.11670552061931838,350.11656185795516,350.11656185795516,True
barabasi_albert,3000,0.9,16,0.11669138588601569,350.07415765804706,350.07415765804706,True
barabasi_albert,3000,0.9,17,0.11669148267329399,350.07444801988197,350.07444801988197,True
barabasi_albert,3000,0.9,18,0.11669932435282138,350.0979730584641,350.0979730584641,True
barabasi_albert,3000,0.9,19,0.11669822628171,350.09467884513003,350.09467884513003,True
barabasi_albert,3000,0.9,20,0.1167020331490628,350.1060994471884,350.1060994471884,True
barabasi_albert,3000,0.9,21,0.11669001700366166,350.07005101098497,350.07005101098497,True
barabasi_albert,3000,0.9,22,0.11669275218295672,350.0782565488702,350.0782565488702,True
barabasi_albert,3000,0.9,23,0.11669381327836459,350.08143983509376,350.08143983509376,True
barabasi_albert,3000,0.9,24,0.11668809995914098,350.0642998774229,350.0642998774229,True
barabasi_albert,3000,0.9,25,0.11669714118664332,350.0914235599299,350.0914235599299,True
barabasi_albert,3000,0.9,26,0.11669475137606422,350.08425412819264,350.08425412819264,True
barabasi_albert,3000,0.9,27,0.11669364058599074,350.08092175797225,350.08092175797225,True
barabasi_albert,3000,0.9,28,0.11669358084281245,350.0807425284373,350.0807425284373,True
barabasi_albert,3000,0.9,29,0.11669277897697428,350.07833693092283,350.07833693092283,True
barabasi_albert,3000,1.0,0,0.0,0.0,0.0,True
barabasi_albert,3000,1.0,1,0.0,0.0,0.0,True
barabasi_albert,3000,1.0,2,0.0,0.0,0.0,True
barabasi_albert,3000,1.0,3,0.0,0.0,0.0,True
barabasi_albert,3000,1.0,4,0.0,0.0,0.0,True
barabasi_albert,3000,1.0,5,0.0,0.0,0.0,True
barabasi_albert,3000,1.0,6,0.0,0.0,0.0,True
barabasi_albert,3000,1.0,7,0.0,0.0,0.0,True
barabasi_albert,3000,1.0,8,0.0,0.0,0.0,True
barabasi_albert,3000,1.0,9,0.0,0.0,0.0,True
barabasi_albert,3000,1.0,10,0.0,0.0,0.0,True
barabasi_albert,3000,1.0,11,0.0,0.0,0.0,True
barabasi_albert,3000,1.0,12,0.0,0.0,0.0,True
barabasi_albert,3000,1.0,13,0.0,0.0,0.0,True
barabasi_albert,3000,1.0,14,0.0,0.0,0.0,True
barabasi_albert,3000,1.0,15,0.0,0.0,0.0,True
barabasi_albert,3000,1.0,16,0.0,0.0,0.0,True
barabasi_albert,3000,1.0,17,0.0,0.0,0.0,True
barabasi_albert,3000,1.0,18,0.0,0.0,0.0,True
barabasi_albert,3000,1.0,19,0.0,0.0,0.0,True
barabasi_albert,3000,1.0,20,0.0,0.0,0.0,True
barabasi_albert,3000,1.0,21,0.0,0.0,0.0,True
barabasi_albert,3000,1.0,22,0.0,0.0,0.0,True
barabasi_albert,3000,1.0,23,0.0,0.0,0.0,True
barabasi_albert,3000,1.0,24,0.0,0.0,0.0,True
barabasi_albert,3000,1.0,25,0.0,0.0,0.0,True
barabasi_albert,3000,1.0,26,0.0,0.0,0.0,True
barabasi_albert,3000,1.0,27,0.0,0.0,0.0,True
barabasi_albert,3000,1.0,28,0.0,0.0,0.0,True
barabasi_albert,3000,1.0,29,0.0,0.0,0.0,True
barabasi_albert,10000,0.0,0,0.632009068554559,6320.09068554559,6320.09068554559,True
barabasi_albert,10000,0.0,1,0.6321720520237075,6321.720520237075,6321.720520237075,True
barabasi_albert,10000,0.0,2,0.6323007815757468,6323.007815757468,6323.007815757468,True
barabasi_albert,10000,0.0,3,0.6319141013671088,6319.141013671088,6319.141013671088,True
barabasi_albert,10000,0.0,4,0.6320785620454071,6320.785620454071,6320.785620454071,True
barabasi_albert,10000,0.0,5,0.6320000525281434,6320.000525281434,6320.000525281434,True
barabasi_albert,10000,0.0,6,0.6319367003302956,6319.367003302956,6319.367003302956,True
barabasi_albert,10000,0.0,7,0.6317801677405455,6317.801677405455,6317.801677405455,True
barabasi_albert,10000,0.0,8,0.6322007412373243,6322.007412373243,6322.007412373243,True
barabasi_albert,10000,0.0,9,0.6319424295578455,6319.424295578455,6319.424295578455,True
barabasi_albert,10000,0.0,10,0.6321104439261263,6321.104439261262,6321.104439261262,True
barabasi_albert,10000,0.0,11,0.6320450013515106,6320.450013515107,6320.450013515107,True
barabasi_albert,10000,0.0,12,0.6322363455575877,6322.363455575877,6322.363455575877,True
barabasi_albert,10000,0.0,13,0.6318555040048328,6318.555040048328,6318.555040048328,True
barabasi_albert,10000,0.0,14,0.6317164156473056,6317.164156473056,6317.164156473056,True
barabasi_albert,10000,0.0,15,0.6323124697679074,6323.124697679074,6323.124697679074,True
barabasi_albert,10000,0.0,16,0.6318319373493331,6318.319373493331,6318.319373493331,True
barabasi_albert,10000,0.0,17,0.6318223605697446,6318.223605697446,6318.223605697446,True
barabasi_albert,10000,0.0,18,0.6329079336299182,6329.079336299182,6329.079336299182,True
barabasi_albert,10000,0.0,19,0.631450136097754,6314.501360977541,6314.501360977541,True
barabasi_albert,10000,0.0,20,0.6313239327486605,6313.239327486605,6313.239327486605,True
barabasi_albert,10000,0.0,21,0.6314694481634275,6314.694481634276,6314.694481634276,True
barabasi_albert,10000,0.0,22,0.6324860902583345,6324.860902583345,6324.860902583345,True
barabasi_albert,10000,0.0,23,0.6318382590251181,6318.382590251182,6318.382590251182,True
barabasi_albert,10000,0.0,24,0.6324824778666073,6324.824778666073,6324.824778666073,True
barabasi_albert,10000,0.0,25,0.6317825166176038,6317.825166176038,6317.825166176038,True
barabasi_albert,10000,0.0,26,0.6321107809702161,6321.107809702161,6321.107809702161,True
barabasi_albert,10000,0.0,27,0.6321270696710829,6321.270696710829,6321.270696710829,True
barabasi_albert,10000,0.0,28,0.6317728046107542,6317.7280461075425,6317.7280461075425,True
barabasi_albert,10000,0.0,29,0.6316564264442274,6316.564264442273,6316.564264442273,True
barabasi_albert,10000,0.1,0,0.6318352561254705,6318.3525612547055,6318.3525612547055,True
barabasi_albert,10000,0.1,1,0.6317842841748993,6317.842841748993,6317.842841748993,True
barabasi_albert,10000,0.1,2,0.6322117691317388,6322.117691317389,6322.117691317389,True
barabasi_albert,10000,0.1,3,0.6319172838913242,6319.172838913241,6319.172838913241,True
barabasi_albert,10000,0.1,4,0.6316170500420781,6316.1705004207815,6316.1705004207815,True
barabasi_albert,10000,0.1,5,0.6316486891818166,6316.486891818166,6316.486891818166,True
barabasi_albert,10000,0.1,6,0.6319539448109817,6319.5394481098165,6319.5394481098165,True
barabasi_albert,10000,0.1,7,0.6314585624046902,6314.585624046902,6314.585624046902,True
barabasi_albert,10000,0.1,8,0.6314707192052622,6314.707192052622,6314.707192052622,True
barabasi_albert,10000,0.1,9,0.6315894415775549,6315.8944157755495,6315.8944157755495,True
barabasi_albert,10000,0.1,10,0.6315376195009785,6315.376195009785,6315.376195009785,True
barabasi_albert,10000,0.1,11,0.6323830371841725,6323.8303718417255,6323.8303718417255,True
barabasi_albert,10000,0.1,12,0.6325292192072658,6325.292192072658,6325.292192072658,True
barabasi_albert,10000,0.1,13,0.631958538834221,6319.5853883422105,6319.5853883422105,True
barabasi_albert,10000,0.1,14,0.6317980439146793,6317.980439146793,6317.980439146793,True
barabasi_albert,10000,0.1,15,0.6324641628125218,6324.641628125219,6324.641628125219,True
barabasi_albert,10000,0.1,16,0.6317527366439082,6317.527366439082,6317.527366439082,True
barabasi_albert,10000,0.1,17,0.6313772337888341,6313.772337888341,6313.772337888341,True
barabasi_albert,10000,0.1,18,0.6315365307075763,6315.365307075763,6315.365307075763,True
barabasi_albert,10000,0.1,19,0.6316016315413786,6316.016315413786,6316.016315413786,True
barabasi_albert,10000,0.1,20,0.6315775471246416,6315.775471246417,6315.775471246417,True
barabasi_albert,10000,0.1,21,0.6319440909884078,6319.440909884078,6319.440909884078,True
barabasi_albert,10000,0.1,22,0.6312840917453706,6312.8409174537055,6312.8409174537055,True
barabasi_albert,10000,0.1,23,0.6317521942877726,6317.521942877726,6317.521942877726,True
barabasi_albert,10000,0.1,24,0.6318342156762285,6318.342156762285,6318.342156762285,True
barabasi_albert,10000,0.1,25,0.6317947164661595,6317.947164661595,6317.947164661595,True
barabasi_albert,10000,0.1,26,0.6318505840167783,6318.505840167783,6318.505840167783,True
barabasi_albert,10000,0.1,27,0.631516948416045,6315.16948416045,6315.16948416045,True
barabasi_albert,10000,0.1,28,0.631437080363726,6314.37080363726,6314.37080363726,True
barabasi_albert,10000,0.1,29,0.6321864746658317,6321.864746658317,6321.864746658317,True
barabasi_albert,10000,0.3,0,0.5459476549173803,5459.476549173803,5459.476549173803,True
barabasi_albert,10000,0.3,1,0.5457976115544152,5457.976115544152,5457.976115544152,True
barabasi_albert,10000,0.3,2,0.5456498342546866,5456.498342546866,5456.498342546866,True
barabasi_albert,10000,0.3,3,0.5457933066558192,5457.933066558192,5457.933066558192,True
barabasi_albert,10000,0.3,4,0.5457074508412582,5457.074508412582,5457.074508412582,True
barabasi_albert,10000,0.3,5,0.5454186112907942,5454.186112907942,5454.186112907942,True
barabasi_albert,10000,0.3,6,0.5454430442992513,5454.430442992513,5454.430442992513,True
barabasi_albert,10000,0.3,7,0.5456877039262087,5456.877039262087,5456.877039262087,True
barabasi_albert,10000,0.3,8,0.5454298564200029,5454.2985642000285,5454.2985642000285,True
barabasi_albert,10000,0.3,9,0.545393934574228,5453.93934574228,5453.93934574228,True
barabasi_albert,10000,0.3,10,0.5452627036272095,5452.627036272095,5452.627036272095,True
barabasi_albert,10000,0.3,11,0.5455082471318341,5455.082471318341,5455.082471318341,True
barabasi_albert,10000,0.3,12,0.5455205126086631,5455.205126086631,5455.205126086631,True
barabasi_albert,10000,0.3,13,0.5457352369846284,5457.352369846284,5457.352369846284,True
barabasi_albert,10000,0.3,14,0.5457696305697197,5457.696305697197,5457.696305697197,True
barabasi_albert,10000,0.3,15,0.5456107862928005,5456.107862928005,5456.107862928005,True
barabasi_albert,10000,0.3,16,0.5453974801829997,5453.974801829997,5453.974801829997,True
barabasi_albert,10000,0.3,17,0.5457030016687241,5457.030016687241,5457.030016687241,True
barabasi_albert,10000,0.3,18,0.5457383523022856,5457.383523022856,5457.383523022856,True
barabasi_albert,10000,0.3,19,0.5455110581109406,5455.110581109406,5455.110581109406,True
barabasi_albert,10000,0.3,20,0.5452945529268767,5452.945529268767,5452.945529268767,True
barabasi_albert,10000,0.3,21,0.5456534158796085,5456.534158796085,5456.534158796085,True
barabasi_albert,10000,0.3,22,0.5454892733327645,5454.892733327645,5454.892733327645,True
barabasi_albert,10000,0.3,23,0.5455629761354535,5455.629761354535,5455.629761354535,True
barabasi_albert,10000,0.3,24,0.5458097639166568,5458.097639166568,5458.097639166568,True
barabasi_albert,10000,0.3,25,0.5457190616579095,5457.190616579095,5457.190616579095,True
barabasi_albert,10000,0.3,26,0.5453298577867958,5453.298577867958,5453.298577867958,True
barabasi_albert,10000,0.3,27,0.5456450391942893,5456.4503919428935,5456.4503919428935,True
barabasi_albert,10000,0.3,28,0.5458325110933604,5458.325110933604,5458.325110933604,True
barabasi_albert,10000,0.3,29,0.5455496894337626,5455.496894337626,5455.496894337626,True
barabasi_albert,10000,0.5,0,0.4381229344759031,4381.229344759031,4381.229344759031,True
barabasi_albert,10000,0.5,1,0.4380147230185474,4380.147230185474,4380.147230185474,True
barabasi_albert,10000,0.5,2,0.4380331048626406,4380.331048626405,4380.331048626405,True
barabasi_albert,10000,0.5,3,0.43793091854617106,4379.3091854617105,4379.3091854617105,True
barabasi_albert,10000,0.5,4,0.4381206799820879,4381.2067998208795,4381.2067998208795,True
barabasi_albert,10000,0.5,5,0.4379905252888622,4379.905252888621,4379.905252888621,True
barabasi_albert,10000,0.5,6,0.43811831717254623,4381.183171725463,4381.183171725463,True
barabasi_albert,10000,0.5,7,0.43825579693362415,4382.5579693362415,4382.5579693362415,True
barabasi_albert,10000,0.5,8,0.43802823525381696,4380.282352538169,4380.282352538169,True
barabasi_albert,10000,0.5,9,0.4378586903732591,4378.586903732591,4378.586903732591,True
barabasi_albert,10000,0.5,10,0.43813188708689,4381.3188708689,4381.3188708689,True
barabasi_albert,10000,0.5,11,0.4379602611924722,4379.602611924723,4379.602611924723,True
barabasi_albert,10000,0.5,12,0.4378547867145379,4378.547867145379,4378.547867145379,True
barabasi_albert,10000,0.5,13,0.43784068937251697,4378.4068937251695,4378.4068937251695,True
barabasi_albert,10000,0.5,14,0.43811329756089057,4381.132975608905,4381.132975608905,True
barabasi_albert,10000,0.5,15,0.43807480001773946,4380.748000177395,4380.748000177395,True
barabasi_albert,10000,0.5,16,0.4379889873713094,4379.889873713094,4379.889873713094,True
barabasi_albert,10000,0.5,17,0.4380590354489837,4380.590354489837,4380.590354489837,True
barabasi_albert,10000,0.5,18,0.43801602931309735,4380.1602931309735,4380.1602931309735,True
barabasi_albert,10000,0.5,19,0.43784402241740683,4378.440224174068,4378.440224174068,True
barabasi_albert,10000,0.5,20,0.4378840295591736,4378.840295591736,4378.840295591736,True
barabasi_albert,10000,0.5,21,0.4377927817316746,4377.927817316746,4377.927817316746,True
barabasi_albert,10000,0.5,22,0.43804819269548567,4380.481926954857,4380.481926954857,True
barabasi_albert,10000,0.5,23,0.4379933549442857,4379.933549442857,4379.933549442857,True
barabasi_albert,10000,0.5,24,0.4382049780583023,4382.049780583023,4382.049780583023,True
barabasi_albert,10000,0.5,25,0.4381187797735391,4381.187797735391,4381.187797735391,True
barabasi_albert,10000,0.5,26,0.4382462305337934,4382.462305337934,4382.462305337934,True
barabasi_albert,10000,0.5,27,0.43815837675970704,4381.583767597071,4381.583767597071,True
barabasi_albert,10000,0.5,28,0.43814123041877395,4381.412304187739,4381.412304187739,True
barabasi_albert,10000,0.5,29,0.43817709323809817,4381.770932380981,4381.770932380981,True
barabasi_albert,10000,0.7,0,0.30015173499342473,3001.5173499342472,3001.5173499342472,True
barabasi_albert,10000,0.7,1,0.3002067549221583,3002.0675492215832,3002.0675492215832,True
barabasi_albert,10000,0.7,2,0.30020437422052737,3002.0437422052737,3002.0437422052737,True
barabasi_albert,10000,0.7,3,0.3001490115060578,3001.490115060578,3001.490115060578,True
barabasi_albert,10000,0.7,4,0.30031959110520023,3003.1959110520024,3003.1959110520024,True
barabasi_albert,10000,0.7,5,0.3001788602727402,3001.788602727402,3001.788602727402,True
barabasi_albert,10000,0.7,6,0.30022620515318355,3002.2620515318354,3002.2620515318354,True
barabasi_albert,10000,0.7,7,0.30029098098371965,3002.9098098371965,3002.9098098371965,True
barabasi_albert,10000,0.7,8,0.30019108840211073,3001.9108840211074,3001.9108840211074,True
barabasi_albert,10000,0.7,9,0.30026502440365566,3002.6502440365566,3002.6502440365566,True
barabasi_albert,10000,0.7,10,0.3001772145776306,3001.772145776306,3001.772145776306,True
barabasi_albert,10000,0.7,11,0.3002439782598232,3002.439782598232,3002.439782598232,True
barabasi_albert,10000,0.7,12,0.30026000039885425,3002.6000039885425,3002.6000039885425,True
barabasi_albert,10000,0.7,13,0.3001815729981,3001.815729981,3001.815729981,True
barabasi_albert,10000,0.7,14,0.3002951541463531,3002.951541463531,3002.951541463531,True
barabasi_albert,10000,0.7,15,0.3002559328948924,3002.559328948924,3002.559328948924,True
barabasi_albert,10000,0.7,16,0.30018670140010273,3001.867014001027,3001.867014001027,True
barabasi_albert,10000,0.7,17,0.3001587051227702,3001.587051227702,3001.587051227702,True
barabasi_albert,10000,0.7,18,0.3001957226302694,3001.957226302694,3001.957226302694,True
barabasi_albert,10000,0.7,19,0.3000174395080075,3000.174395080075,3000.174395080075,True
barabasi_albert,10000,0.7,20,0.30014759687657033,3001.4759687657033,3001.4759687657033,True
barabasi_albert,10000,0.7,21,0.300145852771986,3001.4585277198603,3001.4585277198603,True
barabasi_albert,10000,0.7,22,0.30008455844104287,3000.8455844104287,3000.8455844104287,True
barabasi_albert,10000,0.7,23,0.300014933866107,3000.14933866107,3000.14933866107,True
barabasi_albert,10000,0.7,24,0.30022764815104597,3002.2764815104597,3002.2764815104597,True
barabasi_albert,10000,0.7,25,0.300175093898463,3001.7509389846296,3001.7509389846296,True
barabasi_albert,10000,0.7,26,0.3003237071831054,3003.237071831054,3003.237071831054,True
barabasi_albert,10000,0.7,27,0.3003520124942164,3003.520124942164,3003.520124942164,True
barabasi_albert,10000,0.7,28,0.3002837837660567,3002.837837660567,3002.837837660567,True
barabasi_albert,10000,0.7,29,0.30033009144097633,3003.300914409763,3003.300914409763,True
barabasi_albert,10000,0.9,0,0.1167016461225886,1167.016461225886,1167.016461225886,True
barabasi_albert,10000,0.9,1,0.11670290820903373,1167.0290820903374,1167.0290820903374,True
barabasi_albert,10000,0.9,2,0.11668951579339404,1166.8951579339405,1166.8951579339405,True
barabasi_albert,10000,0.9,3,0.11669773642123649,1166.9773642123648,1166.9773642123648,True
barabasi_albert,10000,0.9,4,0.1166941730662715,1166.941730662715,1166.941730662715,True
barabasi_albert,10000,0.9,5,0.11669854791689938,1166.9854791689938,1166.9854791689938,True
barabasi_albert,10000,0.9,6,0.11670771198416552,1167.077119841655,1167.077119841655,True
barabasi_albert,10000,0.9,7,0.11669536886722665,1166.9536886722665,1166.9536886722665,True
barabasi_albert,10000,0.9,8,0.11669482975395817,1166.9482975395817,1166.9482975395817,True
barabasi_albert,10000,0.9,9,0.11659916709088658,1165.991670908866,1165.991670908866,True
barabasi_albert,10000,0.9,10,0.11669451316930424,1166.9451316930424,1166.9451316930424,True
barabasi_albert,10000,0.9,11,0.11669172499839509,1166.9172499839508,1166.9172499839508,True
barabasi_albert,10000,0.9,12,0.116693841377843,1166.93841377843,1166.93841377843,True
barabasi_albert,10000,0.9,13,0.1166069169790227,1166.069169790227,1166.069169790227,True
barabasi_albert,10000,0.9,14,0.11670300395246569,1167.0300395246568,1167.0300395246568,True
barabasi_albert,10000,0.9,15,0.11670232290777272,1167.0232290777271,1167.0232290777271,True
barabasi_albert,10000,0.9,16,0.1166928246336365,1166.928246336365,1166.928246336365,True
barabasi_albert,10000,0.9,17,0.11670771891529452,1167.0771891529453,1167.0771891529453,True
barabasi_albert,10000,0.9,18,0.11669547649575007,1166.9547649575006,1166.9547649575006,True
barabasi_albert,10000,0.9,19,0.11669462790143037,1166.9462790143036,1166.9462790143036,True
barabasi_albert,10000,0.9,20,0.1166967166776477,1166.967166776477,1166.967166776477,True
barabasi_albert,10000,0.9,21,0.11670395991702676,1167.0395991702676,1167.0395991702676,True
barabasi_albert,10000,0.9,22,0.11669454502265231,1166.945450226523,1166.945450226523,True
barabasi_albert,10000,0.9,23,0.11660133641389192,1166.0133641389193,1166.0133641389193,True
barabasi_albert,10000,0.9,24,0.1166964663192821,1166.964663192821,1166.964663192821,True
barabasi_albert,10000,0.9,25,0.11669601495129311,1166.9601495129311,1166.9601495129311,True
barabasi_albert,10000,0.9,26,0.11669961468470136,1166.9961468470135,1166.9961468470135,True
barabasi_albert,10000,0.9,27,0.11669698550516028,1166.9698550516027,1166.9698550516027,True
barabasi_albert,10000,0.9,28,0.11669938482605546,1166.9938482605546,1166.9938482605546,True
barabasi_albert,10000,0.9,29,0.1166016560156713,1166.016560156713,1166.016560156713,True
barabasi_albert,10000,1.0,0,0.0,0.0,0.0,True
barabasi_albert,10000,1.0,1,0.0,0.0,0.0,True
barabasi_albert,10000,1.0,2,0.0,0.0,0.0,True
barabasi_albert,10000,1.0,3,0.0,0.0,0.0,True
barabasi_albert,10000,1.0,4,0.0,0.0,0.0,True
barabasi_albert,10000,1.0,5,0.0,0.0,0.0,True
barabasi_albert,10000,1.0,6,0.0,0.0,0.0,True
barabasi_albert,10000,1.0,7,0.0,0.0,0.0,True
barabasi_albert,10000,1.0,8,0.0,0.0,0.0,True
barabasi_albert,10000,1.0,9,0.0,0.0,0.0,True
barabasi_albert,10000,1.0,10,0.0,0.0,0.0,True
barabasi_albert,10000,1.0,11,0.0,0.0,0.0,True
barabasi_albert,10000,1.0,12,0.0,0.0,0.0,True
barabasi_albert,10000,1.0,13,0.0,0.0,0.0,True
barabasi_albert,10000,1.0,14,0.0,0.0,0.0,True
barabasi_albert,10000,1.0,15,0.0,0.0,0.0,True
barabasi_albert,10000,1.0,16,0.0,0.0,0.0,True
barabasi_albert,10000,1.0,17,0.0,0.0,0.0,True
barabasi_albert,10000,1.0,18,0.0,0.0,0.0,True
barabasi_albert,10000,1.0,19,0.0,0.0,0.0,True
barabasi_albert,10000,1.0,20,0.0,0.0,0.0,True
barabasi_albert,10000,1.0,21,0.0,0.0,0.0,True
barabasi_albert,10000,1.0,22,0.0,0.0,0.0,True
barabasi_albert,10000,1.0,23,0.0,0.0,0.0,True
barabasi_albert,10000,1.0,24,0.0,0.0,0.0,True
barabasi_albert,10000,1.0,25,0.0,0.0,0.0,True
barabasi_albert,10000,1.0,26,0.0,0.0,0.0,True
barabasi_albert,10000,1.0,27,0.0,0.0,0.0,True
barabasi_albert,10000,1.0,28,0.0,0.0,0.0,True
barabasi_albert,10000,1.0,29,0.0,0.0,0.0,True
watts_strogatz,10,0.0,0,0.6326081668443427,6.326081668443427,6.326081668443427,False
watts_strogatz,10,0.0,1,0.630699959830521,6.306999598305209,6.306999598305209,False
watts_strogatz,10,0.0,2,0.632150080606801,6.32150080606801,6.32150080606801,False
watts_strogatz,10,0.0,3,0.6327247451532879,6.327247451532879,6.327247451532879,False
watts_strogatz,10,0.0,4,0.6332965805412314,6.332965805412314,6.332965805412314,False
watts_strogatz,10,0.0,5,0.632194709784248,6.32194709784248,6.32194709784248,False
watts_strogatz,10,0.0,6,0.631296302003707,6.3129630200370705,6.3129630200370705,False
watts_strogatz,10,0.0,7,0.6330074106284664,6.330074106284664,6.330074106284664,False
watts_strogatz,10,0.0,8,0.630616331852568,6.30616331852568,6.30616331852568,False
watts_strogatz,10,0.0,9,0.6317094347704981,6.317094347704981,6.317094347704981,False
watts_strogatz,10,0.0,10,0.6320522813400642,6.3205228134006415,6.3205228134006415,False
watts_strogatz,10,0.0,11,0.6298845943578951,6.298845943578951,6.298845943578951,False
watts_strogatz,10,0.0,12,0.63199867334921,6.3199867334921,6.3199867334921,False
watts_strogatz,10,0.0,13,0.6301254106596356,6.301254106596356,6.301254106596356,False
watts_strogatz,10,0.0,14,0.6313070175627864,6.313070175627864,6.313070175627864,False
watts_strogatz,10,0.0,15,0.63329311613213,6.3329311613213,6.3329311613213,False
watts_strogatz,10,0.0,16,0.6326037980146747,6.326037980146747,6.326037980146747,False
watts_strogatz,10,0.0,17,0.6312211580291758,6.312211580291757,6.312211580291757,False
watts_strogatz,10,0.0,18,0.6323831641305799,6.3238316413058,6.3238316413058,False
watts_strogatz,10,0.0,19,0.6322704001012748,6.322704001012748,6.322704001012748,False
watts_strogatz,10,0.0,20,0.6300326472774385,6.300326472774385,6.300326472774385,False
watts_strogatz,10,0.0,21,0.6319037185628649,6.319037185628648,6.319037185628648,False
watts_strogatz,10,0.0,22,0.6320083764415614,6.320083764415614,6.320083764415614,False
watts_strogatz,10,0.0,23,0.6345874296820717,6.345874296820718,6.345874296820718,False
watts_strogatz,10,0.0,24,0.6332198449392448,6.332198449392448,6.332198449392448,False
watts_strogatz,10,0.0,25,0.6303398368929045,6.303398368929045,6.303398368929045,False
watts_strogatz,10,0.0,26,0.6319730445899623,6.319730445899623,6.319730445899623,False
watts_strogatz,10,0.0,27,0.6318523090782354,6.318523090782354,6.318523090782354,False
watts_strogatz,10,0.0,28,0.6308244743889677,6.308244743889677,6.308244743889677,False
watts_strogatz,10,0.0,29,0.6315638779898405,6.315638779898405,6.315638779898405,False
watts_strogatz,10,0.1,0,0.6314973247071759,6.314973247071759,6.314973247071759,False
watts_strogatz,10,0.1,1,0.6319756573867923,6.319756573867923,6.319756573867923,False
watts_strogatz,10,0.1,2,0.6317228977721966,6.317228977721966,6.317228977721966,False
watts_strogatz,10,0.1,3,0.6321649039564721,6.32164903956472,6.32164903956472,False
watts_strogatz,10,0.1,4,0.6321105605138847,6.321105605138847,6.321105605138847,False
watts_strogatz,10,0.1,5,0.6318222148670358,6.318222148670358,6.318222148670358,False
watts_strogatz,10,0.1,6,0.6316587793431618,6.316587793431618,6.316587793431618,False
watts_strogatz,10,0.1,7,0.6319955091663699,6.319955091663699,6.319955091663699,False
watts_strogatz,10,0.1,8,0.6310016693511419,6.310016693511419,6.310016693511419,False
watts_strogatz,10,0.1,9,0.6316880010068295,6.316880010068296,6.316880010068296,False
watts_strogatz,10,0.1,10,0.6300049957893854,6.3000499578938545,6.3000499578938545,False
watts_strogatz,10,0.1,11,0.6318561171076194,6.318561171076194,6.318561171076194,False
watts_strogatz,10,0.1,12,0.6319956112660842,6.319956112660842,6.319956112660842,False
watts_strogatz,10,0.1,13,0.6322961954521276,6.322961954521276,6.322961954521276,False
watts_strogatz,10,0.1,14,0.6321571518080454,6.321571518080455,6.321571518080455,False
watts_strogatz,10,0.1,15,0.6317217763614675,6.317217763614675,6.317217763614675,False
watts_strogatz,10,0.1,16,0.6320505360611004,6.320505360611004,6.320505360611004,False
watts_strogatz,10,0.1,17,0.6320665478221109,6.320665478221109,6.320665478221109,False
watts_strogatz,10,0.1,18,0.6331929419954999,6.331929419954999,6.331929419954999,False
watts_strogatz,10,0.1,19,0.6310727310426077,6.310727310426078,6.310727310426078,False
watts_strogatz,10,0.1,20,0.632487432155685,6.32487432155685,6.32487432155685,False
watts_strogatz,10,0.1,21,0.6320417837244648,6.320417837244649,6.320417837244649,False
watts_strogatz,10,0.1,22,0.6323962300897641,6.323962300897641,6.323962300897641,False
watts_strogatz,10,0.1,23,0.6297337922202857,6.297337922202857,6.297337922202857,False
watts_strogatz,10,0.1,24,0.6316858016086331,6.31685801608633,6.31685801608633,False
watts_strogatz,10,0.1,25,0.6322732184805836,6.322732184805836,6.322732184805836,False
watts_strogatz,10,0.1,26,0.6318334116852827,6.318334116852827,6.318334116852827,False
watts_strogatz,10,0.1,27,0.6308672758029502,6.308672758029502,6.308672758029502,False
watts_strogatz,10,0.1,28,0.6325334645293275,6.325334645293275,6.325334645293275,False
watts_strogatz,10,0.1,29,0.6324430460896966,6.324430460896966,6.324430460896966,False
watts_strogatz,10,0.3,0,0.5471425973775823,5.471425973775823,5.471425973775823,False
watts_strogatz,10,0.3,1,0.5456475325410097,5.456475325410097,5.456475325410097,False
watts_strogatz,10,0.3,2,0.5458343686731941,5.458343686731942,5.458343686731942,False
watts_strogatz,10,0.3,3,0.5455575712159282,5.455575712159282,5.455575712159282,False
watts_strogatz,10,0.3,4,0.5445629000360144,5.445629000360144,5.445629000360144,False
watts_strogatz,10,0.3,5,0.5454802261807756,5.454802261807757,5.454802261807757,False
watts_strogatz,10,0.3,6,0.5454376513397999,5.454376513398,5.454376513398,False
watts_strogatz,10,0.3,7,0.545900802326034,5.45900802326034,5.45900802326034,False
watts_strogatz,10,0.3,8,0.5453629168800203,5.4536291688002025,5.4536291688002025,False
watts_strogatz,10,0.3,9,0.5452922330572656,5.452922330572656,5.452922330572656,False
watts_strogatz,10,0.3,10,0.5441991414324727,5.441991414324727,5.441991414324727,False
watts_strogatz,10,0.3,11,0.5442666460380089,5.442666460380089,5.442666460380089,False
watts_strogatz,10,0.3,12,0.5459458257467946,5.459458257467946,5.459458257467946,False
watts_strogatz,10,0.3,13,0.5453598235571319,5.453598235571318,5.453598235571318,False
watts_strogatz,10,0.3,14,0.545732514264349,5.45732514264349,5.45732514264349,False
watts_strogatz,10,0.3,15,0.5467576197974623,5.467576197974623,5.467576197974623,False
watts_strogatz,10,0.3,16,0.5463503880256555,5.463503880256555,5.463503880256555,False
watts_strogatz,10,0.3,17,0.5468788715586901,5.468788715586901,5.468788715586901,False
watts_strogatz,10,0.3,18,0.5457585774817058,5.4575857748170575,5.4575857748170575,False
watts_strogatz,10,0.3,19,0.5460689838488804,5.460689838488804,5.460689838488804,False
watts_strogatz,10,0.3,20,0.5457171069840985,5.457171069840985,5.457171069840985,False
watts_strogatz,10,0.3,21,0.5452287656859258,5.452287656859259,5.452287656859259,False
watts_strogatz,10,0.3,22,0.545483623648159,5.45483623648159,5.45483623648159,False
watts_strogatz,10,0.3,23,0.544851569477758,5.44851569477758,5.44851569477758,False
watts_strogatz,10,0.3,24,0.545764530536499,5.45764530536499,5.45764530536499,False
watts_strogatz,10,0.3,25,0.5467977021156218,5.467977021156218,5.467977021156218,False
watts_strogatz,10,0.3,26,0.545773650816362,5.45773650816362,5.45773650816362,False
watts_strogatz,10,0.3,27,0.5453622014289392,5.453622014289392,5.453622014289392,False
watts_strogatz,10,0.3,28,0.5447133017720469,5.4471330177204695,5.4471330177204695,False
watts_strogatz,10,0.3,29,0.545236603487967,5.45236603487967,5.45236603487967,False
watts_strogatz,10,0.5,0,0.4382331188506694,4.382331188506694,4.382331188506694,False
watts_strogatz,10,0.5,1,0.43797974777191595,4.379797477719159,4.379797477719159,False
watts_strogatz,10,0.5,2,0.43700315271574286,4.370031527157429,4.370031527157429,False
watts_strogatz,10,0.5,3,0.4381832458178402,4.381832458178402,4.381832458178402,False
watts_strogatz,10,0.5,4,0.43811534495029014,4.381153449502902,4.381153449502902,False
watts_strogatz,10,0.5,5,0.43806760540331935,4.380676054033193,4.380676054033193,False
watts_strogatz,10,0.5,6,0.43803800184801467,4.380380018480147,4.380380018480147,False
watts_strogatz,10,0.5,7,0.4381679151252703,4.381679151252703,4.381679151252703,False
watts_strogatz,10,0.5,8,0.4381511530682135,4.381511530682135,4.381511530682135,False
watts_strogatz,10,0.5,9,0.4383895108101976,4.383895108101976,4.383895108101976,False
watts_strogatz,10,0.5,10,0.43807900738452876,4.380790073845287,4.380790073845287,False
watts_strogatz,10,0.5,11,0.4378839559106298,4.378839559106298,4.378839559106298,False
watts_strogatz,10,0.5,12,0.43804391807562093,4.380439180756209,4.380439180756209,False
watts_strogatz,10,0.5,13,0.4365135846988125,4.365135846988125,4.365135846988125,False
watts_strogatz,10,0.5,14,0.4383095122313748,4.383095122313748,4.383095122313748,False
watts_strogatz,10,0.5,15,0.4385948815569434,4.385948815569433,4.385948815569433,False
watts_strogatz,10,0.5,16,0.4379643115810913,4.379643115810913,4.379643115810913,False
watts_strogatz,10,0.5,17,0.43821552492461036,4.382155249246104,4.382155249246104,False
watts_strogatz,10,0.5,18,0.43830996767433794,4.383099676743379,4.383099676743379,False
watts_strogatz,10,0.5,19,0.4380291309913842,4.380291309913842,4.380291309913842,False
watts_strogatz,10,0.5,20,0.4367444432171025,4.367444432171025,4.367444432171025,False
watts_strogatz,10,0.5,21,0.4382138358220702,4.382138358220702,4.382138358220702,False
watts_strogatz,10,0.5,22,0.43798073025634354,4.379807302563435,4.379807302563435,False
watts_strogatz,10,0.5,23,0.43792757834663076,4.379275783466308,4.379275783466308,False
watts_strogatz,10,0.5,24,0.4383488813828039,4.3834888138280395,4.3834888138280395,False
watts_strogatz,10,0.5,25,0.4382435658471119,4.382435658471119,4.382435658471119,False
watts_strogatz,10,0.5,26,0.4379735871180914,4.379735871180914,4.379735871180914,False
watts_strogatz,10,0.5,27,0.4379494641052054,4.379494641052054,4.379494641052054,False
watts_strogatz,10,0.5,28,0.4384440365293468,4.384440365293468,4.384440365293468,False
watts_strogatz,10,0.5,29,0.4377932347224329,4.377932347224329,4.377932347224329,False
watts_strogatz,10,0.7,0,0.300302526838213,3.00302526838213,3.00302526838213,False
watts_strogatz,10,0.7,1,0.3001598689111379,3.001598689111379,3.001598689111379,False
watts_strogatz,10,0.7,2,0.3001762516060703,3.001762516060703,3.001762516060703,False
watts_strogatz,10,0.7,3,0.3002531274724066,3.002531274724066,3.002531274724066,False
watts_strogatz,10,0.7,4,0.3001829775130076,3.001829775130076,3.001829775130076,False
watts_strogatz,10,0.7,5,0.29827320735310137,2.9827320735310137,2.9827320735310137,False
watts_strogatz,10,0.7,6,0.3002872615676422,3.002872615676422,3.002872615676422,False
watts_strogatz,10,0.7,7,0.30030105050387834,3.0030105050387834,3.0030105050387834,False
watts_strogatz,10,0.7,8,0.3003163389476011,3.0031633894760112,3.0031633894760112,False
watts_strogatz,10,0.7,9,0.30014354999309956,3.0014354999309956,3.0014354999309956,False
watts_strogatz,10,0.7,10,0.3001422171500855,3.001422171500855,3.001422171500855,False
watts_strogatz,10,0.7,11,0.300235914146296,3.0023591414629602,3.0023591414629602,False
watts_strogatz,10,0.7,12,0.30043407079348183,3.0043407079348183,3.0043407079348183,False
watts_strogatz,10,0.7,13,0.30014085773308985,3.0014085773308983,3.0014085773308983,False
watts_strogatz,10,0.7,14,0.3002144055313255,3.002144055313255,3.002144055313255,False
watts_strogatz,10,0.7,15,0.30023968091373965,3.0023968091373963,3.0023968091373963,False
watts_strogatz,10,0.7,16,0.30031529692579395,3.0031529692579397,3.0031529692579397,False
watts_strogatz,10,0.7,17,0.30040733029507716,3.0040733029507716,3.0040733029507716,False
watts_strogatz,10,0.7,18,0.3001677194774829,3.001677194774829,3.001677194774829,False
watts_strogatz,10,0.7,19,0.3003661346188451,3.003661346188451,3.003661346188451,False
watts_strogatz,10,0.7,20,0.30020079163197155,3.0020079163197155,3.0020079163197155,False
watts_strogatz,10,0.7,21,0.30032879055985606,3.003287905598561,3.003287905598561,False
watts_strogatz,10,0.7,22,0.3002918223628396,3.002918223628396,3.002918223628396,False
watts_strogatz,10,0.7,23,0.30018722074335813,3.001872207433581,3.001872207433581,False
watts_strogatz,10,0.7,24,0.3002526141378813,3.002526141378813,3.002526141378813,False
watts_strogatz,10,0.7,25,0.30018243250002785,3.0018243250002783,3.0018243250002783,False
watts_strogatz,10,0.7,26,0.300415688348867,3.00415688348867,3.00415688348867,False
watts_strogatz,10,0.7,27,0.300295879682585,3.0029587968258498,3.0029587968258498,False
watts_strogatz,10,0.7,28,0.3003970958769383,3.003970958769383,3.003970958769383,False
watts_strogatz,10,0.7,29,0.3001627233119971,3.0016272331199714,3.0016272331199714,False
watts_strogatz,10,0.9,0,0.11667884762301872,1.1667884762301872,1.1667884762301872,False
watts_strogatz,10,0.9,1,0.11668224780749281,1.1668224780749281,1.1668224780749281,False
watts_strogatz,10,0.9,2,0.11668694157150528,1.1668694157150528,1.1668694157150528,False
watts_strogatz,10,0.9,3,0.11671163122133676,1.1671163122133676,1.1671163122133676,False
watts_strogatz,10,0.9,4,0.11670388388202646,1.1670388388202646,1.1670388388202646,False
watts_strogatz,10,0.9,5,0.11668995276740968,1.1668995276740968,1.1668995276740968,False
watts_strogatz,10,0.9,6,0.11668935846083917,1.1668935846083917,1.1668935846083917,False
watts_strogatz,10,0.9,7,0.11669988028061895,1.1669988028061895,1.1669988028061895,False
watts_strogatz,10,0.9,8,0.11669936370463063,1.1669936370463063,1.1669936370463063,False
watts_strogatz,10,0.9,9,0.11669741379719756,1.1669741379719756,1.1669741379719756,False
watts_strogatz,10,0.9,10,0.11669933575797808,1.1669933575797808,1.1669933575797808,False
watts_strogatz,10,0.9,11,0.11669925341513543,1.1669925341513543,1.1669925341513543,False
watts_strogatz,10,0.9,12,0.11668384078106853,1.1668384078106853,1.1668384078106853,False
watts_strogatz,10,0.9,13,0.11670599964280004,1.1670599964280004,1.1670599964280004,False
watts_strogatz,10,0.9,14,0.11668854771754822,1.1668854771754822,1.1668854771754822,False
watts_strogatz,10,0.9,15,0.11669530562697217,1.1669530562697217,1.1669530562697217,False
watts_strogatz,10,0.9,16,0.11668889019779671,1.1668889019779671,1.1668889019779671,False
watts_strogatz,10,0.9,17,0.11669044442403331,1.1669044442403331,1.1669044442403331,False
watts_strogatz,10,0.9,18,0.11670313498930796,1.1670313498930796,1.1670313498930796,False
watts_strogatz,10,0.9,19,0.11670217569865315,1.1670217569865315,1.1670217569865315,False
watts_strogatz,10,0.9,20,0.11672593389173958,1.1672593389173958,1.1672593389173958,False
watts_strogatz,10,0.9,21,0.1167084103612972,1.167084103612972,1.167084103612972,False
watts_strogatz,10,0.9,22,0.1166960003588956,1.166960003588956,1.166960003588956,False
watts_strogatz,10,0.9,23,0.11670011580814366,1.1670011580814366,1.1670011580814366,False
watts_strogatz,10,0.9,24,0.11668951759814772,1.1668951759814772,1.1668951759814772,False
watts_strogatz,10,0.9,25,0.11670034784923333,1.1670034784923333,1.1670034784923333,False
watts_strogatz,10,0.9,26,0.11668389463763462,1.1668389463763462,1.1668389463763462,False
watts_strogatz,10,0.9,27,0.11669385142372468,1.1669385142372468,1.1669385142372468,False
watts_strogatz,10,0.9,28,0.11669049625772032,1.1669049625772032,1.1669049625772032,False
watts_strogatz,10,0.9,29,0.1166907127099146,1.166907127099146,1.166907127099146,False
watts_strogatz,10,1.0,0,0.0,0.0,0.0,False
watts_strogatz,10,1.0,1,0.0,0.0,0.0,False
watts_strogatz,10,1.0,2,0.0,0.0,0.0,False
watts_strogatz,10,1.0,3,0.0,0.0,0.0,False
watts_strogatz,10,1.0,4,0.0,0.0,0.0,False
watts_strogatz,10,1.0,5,0.0,0.0,0.0,False
watts_strogatz,10,1.0,6,0.0,0.0,0.0,False
watts_strogatz,10,1.0,7,0.0,0.0,0.0,False
watts_strogatz,10,1.0,8,0.0,0.0,0.0,False
watts_strogatz,10,1.0,9,0.0,0.0,0.0,False
watts_strogatz,10,1.0,10,0.0,0.0,0.0,False
watts_strogatz,10,1.0,11,0.0,0.0,0.0,False
watts_strogatz,10,1.0,12,0.0,0.0,0.0,False
watts_strogatz,10,1.0,13,0.0,0.0,0.0,False
watts_strogatz,10,1.0,14,0.0,0.0,0.0,False
watts_strogatz,10,1.0,15,0.0,0.0,0.0,False
watts_strogatz,10,1.0,16,0.0,0.0,0.0,False
watts_strogatz,10,1.0,17,0.0,0.0,0.0,False
watts_strogatz,10,1.0,18,0.0,0.0,0.0,False
watts_strogatz,10,1.0,19,0.0,0.0,0.0,False
watts_strogatz,10,1.0,20,0.0,0.0,0.0,False
watts_strogatz,10,1.0,21,0.0,0.0,0.0,False
watts_strogatz,10,1.0,22,0.0,0.0,0.0,False
watts_strogatz,10,1.0,23,0.0,0.0,0.0,False
watts_strogatz,10,1.0,24,0.0,0.0,0.0,False
watts_strogatz,10,1.0,25,0.0,0.0,0.0,False
watts_strogatz,10,1.0,26,0.0,0.0,0.0,False
watts_strogatz,10,1.0,27,0.0,0.0,0.0,False
watts_strogatz,10,1.0,28,0.0,0.0,0.0,False
watts_strogatz,10,1.0,29,0.0,0.0,0.0,False
watts_strogatz,30,0.0,0,0.6322848325022521,18.968544975067562,18.968544975067562,False
watts_strogatz,30,0.0,1,0.6317213637075111,18.951640911225333,18.951640911225333,False
watts_strogatz,30,0.0,2,0.6323496419849319,18.970489259547957,18.970489259547957,False
watts_strogatz,30,0.0,3,0.6322829513014789,18.96848853904437,18.96848853904437,False
watts_strogatz,30,0.0,4,0.6320562523236228,18.961687569708687,18.961687569708687,False
watts_strogatz,30,0.0,5,0.6325980787871789,18.977942363615366,18.977942363615366,False
watts_strogatz,30,0.0,6,0.6319846815475292,18.959540446425876,18.959540446425876,False
watts_strogatz,30,0.0,7,0.631905209796092,18.95715629388276,18.95715629388276,False
watts_strogatz,30,0.0,8,0.6316490817346536,18.949472452039608,18.949472452039608,False
watts_strogatz,30,0.0,9,0.6324237476765888,18.972712430297666,18.972712430297666,False
watts_strogatz,30,0.0,10,0.6322676974481218,18.968030923443656,18.968030923443656,False
watts_strogatz,30,0.0,11,0.6313412512005286,18.94023753601586,18.94023753601586,False
watts_strogatz,30,0.0,12,0.6321870238018437,18.96561071405531,18.96561071405531,False
watts_strogatz,30,0.0,13,0.6326336965454306,18.979010896362915,18.979010896362915,False
watts_strogatz,30,0.0,14,0.632888344288335,18.98665032865005,18.98665032865005,False
watts_strogatz,30,0.0,15,0.6322390727053138,18.967172181159413,18.967172181159413,False
watts_strogatz,30,0.0,16,0.6314276784863245,18.942830354589734,18.942830354589734,False
watts_strogatz,30,0.0,17,0.6319358010156297,18.958074030468893,18.958074030468893,False
watts_strogatz,30,0.0,18,0.6321889194935302,18.965667584805907,18.965667584805907,False
watts_strogatz,30,0.0,19,0.632093788619653,18.962813658589592,18.962813658589592,False
watts_strogatz,30,0.0,20,0.6313749758703793,18.941249276111378,18.941249276111378,False
watts_strogatz,30,0.0,21,0.6322015973672916,18.96604792101875,18.96604792101875,False
watts_strogatz,30,0.0,22,0.6321517212014223,18.964551636042668,18.964551636042668,False
watts_strogatz,30,0.0,23,0.6314635080331771,18.943905240995313,18.943905240995313,False
watts_strogatz,30,0.0,24,0.6324283328249212,18.972849984747636,18.972849984747636,False
watts_strogatz,30,0.0,25,0.631973372630072,18.959201178902163,18.959201178902163,False
watts_strogatz,30,0.0,26,0.6322597015099776,18.96779104529933,18.96779104529933,False
watts_strogatz,30,0.0,27,0.6319663725748774,18.95899117724632,18.95899117724632,False
watts_strogatz,30,0.0,28,0.6322454217946551,18.967362653839654,18.967362653839654,False
watts_strogatz,30,0.0,29,0.6318356123991133,18.9550683719734,18.9550683719734,False
watts_strogatz,30,0.1,0,0.6315418316501668,18.946254949505004,18.946254949505004,False
watts_strogatz,30,0.1,1,0.6319044591147582,18.95713377344275,18.95713377344275,False
watts_strogatz,30,0.1,2,0.631760662926814,18.95281988780442,18.95281988780442,False
watts_strogatz,30,0.1,3,0.6320283111709506,18.96084933512852,18.96084933512852,False
watts_strogatz,30,0.1,4,0.6311990012195114,18.935970036585342,18.935970036585342,False
watts_strogatz,30,0.1,5,0.6318323430478611,18.95497029143583,18.95497029143583,False
watts_strogatz,30,0.1,6,0.6311693491142965,18.935080473428894,18.935080473428894,False
watts_strogatz,30,0.1,7,0.6320599292801665,18.961797878404994,18.961797878404994,False
watts_strogatz,30,0.1,8,0.6315799305596435,18.947397916789303,18.947397916789303,False
watts_strogatz,30,0.1,9,0.6315902155033598,18.947706465100794,18.947706465100794,False
watts_strogatz,30,0.1,10,0.63136544668505,18.9409634005515,18.9409634005515,False
watts_strogatz,30,0.1,11,0.6316360263031637,18.94908078909491,18.94908078909491,False
watts_strogatz,30,0.1,12,0.6316078619847606,18.94823585954282,18.94823585954282,False
watts_strogatz,30,0.1,13,0.6314273501221795,18.942820503665388,18.942820503665388,False
watts_strogatz,30,0.1,14,0.6315282419950354,18.945847259851064,18.945847259851064,False
watts_strogatz,30,0.1,15,0.6315822479414741,18.947467438244225,18.947467438244225,False
watts_strogatz,30,0.1,16,0.6315262927615972,18.945788782847917,18.945788782847917,False
watts_strogatz,30,0.1,17,0.6318187221132802,18.954561663398405,18.954561663398405,False
watts_strogatz,30,0.1,18,0.6313052993131896,18.939158979395685,18.939158979395685,False
watts_strogatz,30,0.1,19,0.6320533025784936,18.96159907735481,18.96159907735481,False
watts_strogatz,30,0.1,20,0.631570957336956,18.94712872010868,18.94712872010868,False
watts_strogatz,30,0.1,21,0.6317294488446986,18.95188346534096,18.95188346534096,False
watts_strogatz,30,0.1,22,0.6317692454486759,18.953077363460274,18.953077363460274,False
watts_strogatz,30,0.1,23,0.6317394640478846,18.95218392143654,18.95218392143654,False
watts_strogatz,30,0.1,24,0.6314916599199631,18.944749797598895,18.944749797598895,False
watts_strogatz,30,0.1,25,0.631063252223646,18.93189756670938,18.93189756670938,False
watts_strogatz,30,0.1,26,0.6320360299117871,18.96108089735361,18.96108089735361,False
watts_strogatz,30,0.1,27,0.6321314107197529,18.963942321592587,18.963942321592587,False
watts_strogatz,30,0.1,28,0.6319489248774699,18.958467746324096,18.958467746324096,False
watts_strogatz,30,0.1,29,0.6310045538040057,18.93013661412017,18.93013661412017,False
watts_strogatz,30,0.3,0,0.545380454251652,16.36141362754956,16.36141362754956,False
watts_strogatz,30,0.3,1,0.5456650911396166,16.369952734188498,16.369952734188498,False
watts_strogatz,30,0.3,2,0.54547727842878,16.3643183528634,16.3643183528634,False
watts_strogatz,30,0.3,3,0.5451612933995365,16.354838801986094,16.354838801986094,False
watts_strogatz,30,0.3,4,0.5455659752400995,16.366979257202985,16.366979257202985,False
watts_strogatz,30,0.3,5,0.545735895348671,16.37207686046013,16.37207686046013,False
watts_strogatz,30,0.3,6,0.5453951796430914,16.361855389292742,16.361855389292742,False
watts_strogatz,30,0.3,7,0.54578116942336,16.373435082700798,16.373435082700798,False
watts_strogatz,30,0.3,8,0.5458916007369056,16.37674802210717,16.37674802210717,False
watts_strogatz,30,0.3,9,0.5458653361982846,16.375960085948538,16.375960085948538,False
watts_strogatz,30,0.3,10,0.5450770889035852,16.352312667107554,16.352312667107554,False
watts_strogatz,30,0.3,11,0.5453333667943556,16.360001003830668,16.360001003830668,False
watts_strogatz,30,0.3,12,0.5456966784381463,16.37090035314439,16.37090035314439,False
watts_strogatz,30,0.3,13,0.5457257632620512,16.371772897861536,16.371772897861536,False
watts_strogatz,30,0.3,14,0.5455567498296094,16.366702494888283,16.366702494888283,False
watts_strogatz,30,0.3,15,0.5455894322220977,16.36768296666293,16.36768296666293,False
watts_strogatz,30,0.3,16,0.5456259991169183,16.36877997350755,16.36877997350755,False
watts_strogatz,30,0.3,17,0.5453629545089409,16.36088863526823,16.36088863526823,False
watts_strogatz,30,0.3,18,0.5456252131488659,16.368756394465976,16.368756394465976,False
watts_strogatz,30,0.3,19,0.5451018398638782,16.353055195916344,16.353055195916344,False
watts_strogatz,30,0.3,20,0.5452039742797887,16.356119228393663,16.356119228393663,False
watts_strogatz,30,0.3,21,0.5454983482506564,16.36495044751969,16.36495044751969,False
watts_strogatz,30,0.3,22,0.5455496782390721,16.366490347172164,16.366490347172164,False
watts_strogatz,30,0.3,23,0.5448128915645107,16.34438674693532,16.34438674693532,False
watts_strogatz,30,0.3,24,0.5456164399674839,16.368493199024517,16.368493199024517,False
watts_strogatz,30,0.3,25,0.5459426454627663,16.37827936388299,16.37827936388299,False
watts_strogatz,30,0.3,26,0.5456592570135795,16.369777710407387,16.369777710407387,False
watts_strogatz,30,0.3,27,0.5454173968891514,16.36252190667454,16.36252190667454,False
watts_strogatz,30,0.3,28,0.5456673386581568,16.3700201597447,16.3700201597447,False
watts_strogatz,30,0.3,29,0.5456575121540084,16.36972536462025,16.36972536462025,False
watts_strogatz,30,0.5,0,0.4381777256159447,13.145331768478341,13.145331768478341,False
watts_strogatz,30,0.5,1,0.43797351684991737,13.139205505497522,13.139205505497522,False
watts_strogatz,30,0.5,2,0.4379749507017471,13.139248521052412,13.139248521052412,False
watts_strogatz,30,0.5,3,0.4383515792879912,13.150547378639736,13.150547378639736,False
watts_strogatz,30,0.5,4,0.4381280113957855,13.143840341873565,13.143840341873565,False
watts_strogatz,30,0.5,5,0.437938470029685,13.13815410089055,13.13815410089055,False
watts_strogatz,30,0.5,6,0.4383905613180018,13.151716839540054,13.151716839540054,False
watts_strogatz,30,0.5,7,0.43818956882848914,13.145687064854673,13.145687064854673,False
watts_strogatz,30,0.5,8,0.4381240262522885,13.143720787568656,13.143720787568656,False
watts_strogatz,30,0.5,9,0.4379792960678589,13.139378882035768,13.139378882035768,False
watts_strogatz,30,0.5,10,0.43752411744951036,13.125723523485311,13.125723523485311,False
watts_strogatz,30,0.5,11,0.4381197838865857,13.143593516597571,13.143593516597571,False
watts_strogatz,30,0.5,12,0.438320508202488,13.14961524607464,13.14961524607464,False
watts_strogatz,30,0.5,13,0.43816989709206045,13.145096912761813,13.145096912761813,False
watts_strogatz,30,0.5,14,0.4379248475208589,13.137745425625768,13.137745425625768,False
watts_strogatz,30,0.5,15,0.4379082643014012,13.137247929042035,13.137247929042035,False
watts_strogatz,30,0.5,16,0.4379072351633244,13.137217054899732,13.137217054899732,False
watts_strogatz,30,0.5,17,0.43788057120156765,13.13641713604703,13.13641713604703,False
watts_strogatz,30,0.5,18,0.43792882698872937,13.137864809661881,13.137864809661881,False
watts_strogatz,30,0.5,19,0.43770036707327886,13.131011012198366,13.131011012198366,False
watts_strogatz,30,0.5,20,0.4383231358528943,13.14969407558683,13.14969407558683,False
watts_strogatz,30,0.5,21,0.4379373683991936,13.138121051975808,13.138121051975808,False
watts_strogatz,30,0.5,22,0.4377829169558882,13.133487508676646,13.133487508676646,False
watts_strogatz,30,0.5,23,0.43798560688418586,13.139568206525576,13.139568206525576,False
watts_strogatz,30,0.5,24,0.4380274101388475,13.140822304165425,13.140822304165425,False
watts_strogatz,30,0.5,25,0.4378881653832538,13.136644961497614,13.136644961497614,False
watts_strogatz,30,0.5,26,0.43809030278105454,13.142709083431637,13.142709083431637,False
watts_strogatz,30,0.5,27,0.4382749838517892,13.148249515553676,13.148249515553676,False
watts_strogatz,30,0.5,28,0.4385370106174109,13.156110318522327,13.156110318522327,False
watts_strogatz,30,0.5,29,0.43771618321305916,13.131485496391775,13.131485496391775,False
watts_strogatz,30,0.7,0,0.3001946227131541,9.005838681394623,9.005838681394623,False
watts_strogatz,30,0.7,1,0.3001104425400829,9.003313276202487,9.003313276202487,False
watts_strogatz,30,0.7,2,0.3001394292494176,9.004182877482528,9.004182877482528,False
watts_strogatz,30,0.7,3,0.3002714502329925,9.008143506989775,9.008143506989775,False
watts_strogatz,30,0.7,4,0.3003213363640167,9.0096400909205,9.0096400909205,False
watts_strogatz,30,0.7,5,0.30012345571211374,9.003703671363413,9.003703671363413,False
watts_strogatz,30,0.7,6,0.3003126098810567,9.0093782964317,9.0093782964317,False
watts_strogatz,30,0.7,7,0.30025158003277985,9.007547400983395,9.007547400983395,False
watts_strogatz,30,0.7,8,0.30021247746776336,9.006374324032901,9.006374324032901,False
watts_strogatz,30,0.7,9,0.3001125872826155,9.003377618478464,9.003377618478464,False
watts_strogatz,30,0.7,10,0.300243345193168,9.007300355795039,9.007300355795039,False
watts_strogatz,30,0.7,11,0.3002548357017436,9.007645071052309,9.007645071052309,False
watts_strogatz,30,0.7,12,0.3002286250704086,9.006858752112258,9.006858752112258,False
watts_strogatz,30,0.7,13,0.3003667799863995,9.011003399591985,9.011003399591985,False
watts_strogatz,30,0.7,14,0.3001597376605142,9.004792129815426,9.004792129815426,False
watts_strogatz,30,0.7,15,0.3002932251784406,9.008796755353218,9.008796755353218,False
watts_strogatz,30,0.7,16,0.300208987175307,9.006269615259209,9.006269615259209,False
watts_strogatz,30,0.7,17,0.30026139581312894,9.007841874393868,9.007841874393868,False
watts_strogatz,30,0.7,18,0.2998092007311749,8.994276021935248,8.994276021935248,False
watts_strogatz,30,0.7,19,0.3002870757002398,9.008612271007195,9.008612271007195,False
watts_strogatz,30,0.7,20,0.3003170621848358,9.009511865545074,9.009511865545074,False
watts_strogatz,30,0.7,21,0.3002749760453628,9.008249281360884,9.008249281360884,False
watts_strogatz,30,0.7,22,0.3000750636516676,9.002251909550028,9.002251909550028,False
watts_strogatz,30,0.7,23,0.30021102725076376,9.006330817522914,9.006330817522914,False
watts_strogatz,30,0.7,24,0.30030110867311255,9.009033260193377,9.009033260193377,False
watts_strogatz,30,0.7,25,0.30008904788806234,9.00267143664187,9.00267143664187,False
watts_strogatz,30,0.7,26,0.300242184394115,9.00726553182345,9.00726553182345,False
watts_strogatz,30,0.7,27,0.3001332929025172,9.003998787075517,9.003998787075517,False
watts_strogatz,30,0.7,28,0.3002600994986069,9.007802984958207,9.007802984958207,False
watts_strogatz,30,0.7,29,0.30021630780859465,9.00648923425784,9.00648923425784,False
watts_strogatz,30,0.9,0,0.11669810474785447,3.5009431424356343,3.5009431424356343,False
watts_strogatz,30,0.9,1,0.11669521102982272,3.5008563308946816,3.5008563308946816,False
watts_strogatz,30,0.9,2,0.11670704049942826,3.501211214982848,3.501211214982848,False
watts_strogatz,30,0.9,3,0.1166991288114172,3.500973864342516,3.500973864342516,False
watts_strogatz,30,0.9,4,0.11669413560087483,3.500824068026245,3.500824068026245,False
watts_strogatz,30,0.9,5,0.11670599284524397,3.501179785357319,3.501179785357319,False
watts_strogatz,30,0.9,6,0.11643123872541361,3.4929371617624083,3.4929371617624083,False
watts_strogatz,30,0.9,7,0.11669842827335719,3.5009528482007157,3.5009528482007157,False
watts_strogatz,30,0.9,8,0.11670516267886755,3.5011548803660264,3.5011548803660264,False
watts_strogatz,30,0.9,9,0.11642705019130739,3.4928115057392217,3.4928115057392217,False
watts_strogatz,30,0.9,10,0.1166928297595704,3.500784892787112,3.500784892787112,False
watts_strogatz,30,0.9,11,0.11669417817864502,3.5008253453593507,3.5008253453593507,False
watts_strogatz,30,0.9,12,0.11668941155973733,3.5006823467921198,3.5006823467921198,False
watts_strogatz,30,0.9,13,0.11669650464928694,3.500895139478608,3.500895139478608,False
watts_strogatz,30,0.9,14,0.11642690053263716,3.492807015979115,3.492807015979115,False
watts_strogatz,30,0.9,15,0.11669362026835584,3.500808608050675,3.500808608050675,False
watts_strogatz,30,0.9,16,0.11669585362977386,3.5008756088932156,3.5008756088932156,False
watts_strogatz,30,0.9,17,0.1167029598983339,3.5010887969500173,3.5010887969500173,False
watts_strogatz,30,0.9,18,0.11668298133234323,3.5004894399702966,3.5004894399702966,False
watts_strogatz,30,0.9,19,0.11669478233165476,3.5008434699496425,3.5008434699496425,False
watts_strogatz,30,0.9,20,0.11669771294885745,3.500931388465723,3.500931388465723,False
watts_strogatz,30,0.9,21,0.11669484529489627,3.500845358846888,3.500845358846888,False
watts_strogatz,30,0.9,22,0.11669773057762,3.5009319173286,3.5009319173286,False
watts_strogatz,30,0.9,23,0.11669096313613614,3.500728894084084,3.500728894084084,False
watts_strogatz,30,0.9,24,0.11669997101894558,3.5009991305683674,3.5009991305683674,False
watts_strogatz,30,0.9,25,0.11670719747931302,3.5012159243793906,3.5012159243793906,False
watts_strogatz,30,0.9,26,0.1166970097091824,3.500910291275472,3.500910291275472,False
watts_strogatz,30,0.9,27,0.11670167615563654,3.501050284669096,3.501050284669096,False
watts_strogatz,30,0.9,28,0.11670674898053379,3.5012024694160138,3.5012024694160138,False
watts_strogatz,30,0.9,29,0.11669478681011702,3.500843604303511,3.500843604303511,False
watts_strogatz,30,1.0,0,0.0,0.0,0.0,False
watts_strogatz,30,1.0,1,0.0,0.0,0.0,False
watts_strogatz,30,1.0,2,0.0,0.0,0.0,False
watts_strogatz,30,1.0,3,0.0,0.0,0.0,False
watts_strogatz,30,1.0,4,0.0,0.0,0.0,False
watts_strogatz,30,1.0,5,0.0,0.0,0.0,False
watts_strogatz,30,1.0,6,0.0,0.0,0.0,False
watts_strogatz,30,1.0,7,0.0,0.0,0.0,False
watts_strogatz,30,1.0,8,0.0,0.0,0.0,False
watts_strogatz,30,1.0,9,0.0,0.0,0.0,False
watts_strogatz,30,1.0,10,0.0,0.0,0.0,False
watts_strogatz,30,1.0,11,0.0,0.0,0.0,False
watts_strogatz,30,1.0,12,0.0,0.0,0.0,False
watts_strogatz,30,1.0,13,0.0,0.0,0.0,False
watts_strogatz,30,1.0,14,0.0,0.0,0.0,False
watts_strogatz,30,1.0,15,0.0,0.0,0.0,False
watts_strogatz,30,1.0,16,0.0,0.0,0.0,False
watts_strogatz,30,1.0,17,0.0,0.0,0.0,False
watts_strogatz,30,1.0,18,0.0,0.0,0.0,False
watts_strogatz,30,1.0,19,0.0,0.0,0.0,False
watts_strogatz,30,1.0,20,0.0,0.0,0.0,False
watts_strogatz,30,1.0,21,0.0,0.0,0.0,False
watts_strogatz,30,1.0,22,0.0,0.0,0.0,False
watts_strogatz,30,1.0,23,0.0,0.0,0.0,False
watts_strogatz,30,1.0,24,0.0,0.0,0.0,False
watts_strogatz,30,1.0,25,0.0,0.0,0.0,False
watts_strogatz,30,1.0,26,0.0,0.0,0.0,False
watts_strogatz,30,1.0,27,0.0,0.0,0.0,False
watts_strogatz,30,1.0,28,0.0,0.0,0.0,False
watts_strogatz,30,1.0,29,0.0,0.0,0.0,False
watts_strogatz,100,0.0,0,0.6326320932326865,63.263209323268654,63.263209323268654,True
watts_strogatz,100,0.0,1,0.6321762853957608,63.217628539576076,63.217628539576076,True
watts_strogatz,100,0.0,2,0.6318621751718296,63.18621751718296,63.18621751718296,True
watts_strogatz,100,0.0,3,0.6318488283409316,63.18488283409316,63.18488283409316,True
watts_strogatz,100,0.0,4,0.6320756510779058,63.20756510779057,63.20756510779057,True
watts_strogatz,100,0.0,5,0.6321888474781375,63.21888474781375,63.21888474781375,True
watts_strogatz,100,0.0,6,0.6317509655233982,63.17509655233982,63.17509655233982,True
watts_strogatz,100,0.0,7,0.6322517756861024,63.225177568610235,63.225177568610235,True
watts_strogatz,100,0.0,8,0.6316540697945805,63.16540697945805,63.16540697945805,True
watts_strogatz,100,0.0,9,0.6323442792688472,63.23442792688472,63.23442792688472,True
watts_strogatz,100,0.0,10,0.6325452093895081,63.25452093895081,63.25452093895081,True
watts_strogatz,100,0.0,11,0.6323275372095218,63.23275372095218,63.23275372095218,True
watts_strogatz,100,0.0,12,0.6324614160373919,63.24614160373919,63.24614160373919,True
watts_strogatz,100,0.0,13,0.6318890758947454,63.18890758947454,63.18890758947454,True
watts_strogatz,100,0.0,14,0.632462671993991,63.2462671993991,63.2462671993991,True
watts_strogatz,100,0.0,15,0.631695661613499,63.1695661613499,63.1695661613499,True
watts_strogatz,100,0.0,16,0.63199337910619,63.199337910619,63.199337910619,True
watts_strogatz,100,0.0,17,0.6327369435998385,63.27369435998384,63.27369435998384,True
watts_strogatz,100,0.0,18,0.632001990595745,63.2001990595745,63.2001990595745,True
watts_strogatz,100,0.0,19,0.6324972642855893,63.24972642855893,63.24972642855893,True
watts_strogatz,100,0.0,20,0.6316984257538358,63.16984257538358,63.16984257538358,True
watts_strogatz,100,0.0,21,0.6318351754221803,63.18351754221803,63.18351754221803,True
watts_strogatz,100,0.0,22,0.6322233194288693,63.22233194288693,63.22233194288693,True
watts_strogatz,100,0.0,23,0.6322454663641183,63.22454663641183,63.22454663641183,True
watts_strogatz,100,0.0,24,0.6326281822382194,63.26281822382194,63.26281822382194,True
watts_strogatz,100,0.0,25,0.6317156000724898,63.171560007248985,63.171560007248985,True
watts_strogatz,100,0.0,26,0.6319271682143055,63.19271682143055,63.19271682143055,True
watts_strogatz,100,0.0,27,0.6324093938756146,63.240939387561454,63.240939387561454,True
watts_strogatz,100,0.0,28,0.6325762799219767,63.257627992197676,63.257627992197676,True
watts_strogatz,100,0.0,29,0.631684515190212,63.1684515190212,63.1684515190212,True
watts_strogatz,100,0.1,0,0.6317123069154247,63.17123069154247,63.17123069154247,True
watts_strogatz,100,0.1,1,0.6315109412956614,63.15109412956615,63.15109412956615,True
watts_strogatz,100,0.1,2,0.6322039932953395,63.22039932953395,63.22039932953395,True
watts_strogatz,100,0.1,3,0.6317657998940965,63.17657998940965,63.17657998940965,True
watts_strogatz,100,0.1,4,0.6316392042068951,63.163920420689514,63.163920420689514,True
watts_strogatz,100,0.1,5,0.6317273599763601,63.17273599763601,63.17273599763601,True
watts_strogatz,100,0.1,6,0.6314416152240181,63.14416152240181,63.14416152240181,True
watts_strogatz,100,0.1,7,0.6317830114855381,63.17830114855381,63.17830114855381,True
watts_strogatz,100,0.1,8,0.6320299779393423,63.20299779393424,63.20299779393424,True
watts_strogatz,100,0.1,9,0.6318820206697391,63.18820206697391,63.18820206697391,True
watts_strogatz,100,0.1,10,0.6318361579827931,63.18361579827931,63.18361579827931,True
watts_strogatz,100,0.1,11,0.63227258474907,63.227258474907,63.227258474907,True
watts_strogatz,100,0.1,12,0.6318820586986262,63.18820586986262,63.18820586986262,True
watts_strogatz,100,0.1,13,0.6319192866423147,63.19192866423147,63.19192866423147,True
watts_strogatz,100,0.1,14,0.6314550936161645,63.14550936161645,63.14550936161645,True
watts_strogatz,100,0.1,15,0.6316349788667013,63.16349788667013,63.16349788667013,True
watts_strogatz,100,0.1,16,0.6321402459440381,63.2140245944038,63.2140245944038,True
watts_strogatz,100,0.1,17,0.6316437295573696,63.16437295573696,63.16437295573696,True
watts_strogatz,100,0.1,18,0.6315880933756151,63.15880933756151,63.15880933756151,True
watts_strogatz,100,0.1,19,0.6320058655491123,63.20058655491123,63.20058655491123,True
watts_strogatz,100,0.1,20,0.6315676031532573,63.156760315325734,63.156760315325734,True
watts_strogatz,100,0.1,21,0.6321158598241802,63.211585982418015,63.211585982418015,True
watts_strogatz,100,0.1,22,0.6314509289346526,63.14509289346526,63.14509289346526,True
watts_strogatz,100,0.1,23,0.6310969068464685,63.10969068464685,63.10969068464685,True
watts_strogatz,100,0.1,24,0.6322565142867912,63.22565142867912,63.22565142867912,True
watts_strogatz,100,0.1,25,0.6317249849768095,63.17249849768095,63.17249849768095,True
watts_strogatz,100,0.1,26,0.6318387166787058,63.183871667870584,63.183871667870584,True
watts_strogatz,100,0.1,27,0.6314799441839574,63.14799441839574,63.14799441839574,True
watts_strogatz,100,0.1,28,0.6317936034776024,63.17936034776024,63.17936034776024,True
watts_strogatz,100,0.1,29,0.6312743523642412,63.12743523642412,63.12743523642412,True
watts_strogatz,100,0.3,0,0.5456841364118359,54.56841364118359,54.56841364118359,True
watts_strogatz,100,0.3,1,0.5453055856371859,54.53055856371859,54.53055856371859,True
watts_strogatz,100,0.3,2,0.5458569161496135,54.58569161496135,54.58569161496135,True
watts_strogatz,100,0.3,3,0.5454581460309633,54.54581460309633,54.54581460309633,True
watts_strogatz,100,0.3,4,0.5453900956285478,54.53900956285478,54.53900956285478,True
watts_strogatz,100,0.3,5,0.5452953561439615,54.52953561439615,54.52953561439615,True
watts_strogatz,100,0.3,6,0.5457666020424723,54.57666020424723,54.57666020424723,True
watts_strogatz,100,0.3,7,0.5455737676298759,54.55737676298759,54.55737676298759,True
watts_strogatz,100,0.3,8,0.545154592277209,54.515459227720896,54.515459227720896,True
watts_strogatz,100,0.3,9,0.5457703491108725,54.57703491108725,54.57703491108725,True
watts_strogatz,100,0.3,10,0.5453894257971565,54.53894257971565,54.53894257971565,True
watts_strogatz,100,0.3,11,0.5458275958623395,54.582759586233955,54.582759586233955,True
watts_strogatz,100,0.3,12,0.545388851296243,54.538885129624305,54.538885129624305,True
watts_strogatz,100,0.3,13,0.5455750260169419,54.55750260169418,54.55750260169418,True
watts_strogatz,100,0.3,14,0.5452787480687589,54.527874806875886,54.527874806875886,True
watts_strogatz,100,0.3,15,0.5456232346789394,54.56232346789393,54.56232346789393,True
watts_strogatz,100,0.3,16,0.545779021438205,54.5779021438205,54.5779021438205,True
watts_strogatz,100,0.3,17,0.5454387062778557,54.54387062778557,54.54387062778557,True
watts_strogatz,100,0.3,18,0.5455789357491688,54.55789357491688,54.55789357491688,True
watts_strogatz,100,0.3,19,0.5458657648516002,54.58657648516002,54.58657648516002,True
watts_strogatz,100,0.3,20,0.545311628344797,54.531162834479694,54.531162834479694,True
watts_strogatz,100,0.3,21,0.5458218437217464,54.58218437217464,54.58218437217464,True
watts_strogatz,100,0.3,22,0.5455417647060182,54.554176470601824,54.554176470601824,True
watts_strogatz,100,0.3,23,0.5455706441221388,54.55706441221388,54.55706441221388,True
watts_strogatz,100,0.3,24,0.5453490385086617,54.534903850866165,54.534903850866165,True
watts_strogatz,100,0.3,25,0.5457002445081103,54.570024450811026,54.570024450811026,True
watts_strogatz,100,0.3,26,0.5453110836213594,54.53110836213594,54.53110836213594,True
watts_strogatz,100,0.3,27,0.5454535530448004,54.54535530448004,54.54535530448004,True
watts_strogatz,100,0.3,28,0.5455031427511241,54.55031427511241,54.55031427511241,True
watts_strogatz,100,0.3,29,0.5454659867473437,54.54659867473437,54.54659867473437,True
watts_strogatz,100,0.5,0,0.43792192431232135,43.79219243123214,43.79219243123214,True
watts_strogatz,100,0.5,1,0.4381153190475534,43.81153190475534,43.81153190475534,True
watts_strogatz,100,0.5,2,0.43802686717149775,43.802686717149776,43.802686717149776,True
watts_strogatz,100,0.5,3,0.4380064775837864,43.800647758378645,43.800647758378645,True
watts_strogatz,100,0.5,4,0.437979110107523,43.7979110107523,43.7979110107523,True
watts_strogatz,100,0.5,5,0.4381295295919312,43.81295295919312,43.81295295919312,True
watts_strogatz,100,0.5,6,0.43822657452230196,43.822657452230196,43.822657452230196,True
watts_strogatz,100,0.5,7,0.4381249028680062,43.81249028680062,43.81249028680062,True
watts_strogatz,100,0.5,8,0.438177925488881,43.8177925488881,43.8177925488881,True
watts_strogatz,100,0.5,9,0.4382322219578477,43.82322219578477,43.82322219578477,True
watts_strogatz,100,0.5,10,0.4379893425770376,43.798934257703756,43.798934257703756,True
watts_strogatz,100,0.5,11,0.4380818830414299,43.808188304142995,43.808188304142995,True
watts_strogatz,100,0.5,12,0.43798341117260764,43.79834111726076,43.79834111726076,True
watts_strogatz,100,0.5,13,0.437972441217527,43.7972441217527,43.7972441217527,True
watts_strogatz,100,0.5,14,0.43796752102659153,43.796752102659156,43.796752102659156,True
watts_strogatz,100,0.5,15,0.4379278730154189,43.79278730154189,43.79278730154189,True
watts_strogatz,100,0.5,16,0.4380810455365892,43.80810455365892,43.80810455365892,True
watts_strogatz,100,0.5,17,0.4375960893354557,43.75960893354557,43.75960893354557,True
watts_strogatz,100,0.5,18,0.4380360628601666,43.80360628601666,43.80360628601666,True
watts_strogatz,100,0.5,19,0.43799125255922555,43.799125255922554,43.799125255922554,True
watts_strogatz,100,0.5,20,0.4381870582666363,43.81870582666363,43.81870582666363,True
watts_strogatz,100,0.5,21,0.4379480504160933,43.79480504160933,43.79480504160933,True
watts_strogatz,100,0.5,22,0.438000245961661,43.8000245961661,43.8000245961661,True
watts_strogatz,100,0.5,23,0.43810557822152363,43.81055782215236,43.81055782215236,True
watts_strogatz,100,0.5,24,0.4381302108021423,43.813021080214234,43.813021080214234,True
watts_strogatz,100,0.5,25,0.4380271106102409,43.80271106102409,43.80271106102409,True
watts_strogatz,100,0.5,26,0.4381292308006859,43.812923080068586,43.812923080068586,True
watts_strogatz,100,0.5,27,0.43796426994622284,43.79642699462229,43.79642699462229,True
watts_strogatz,100,0.5,28,0.43812470337690546,43.81247033769055,43.81247033769055,True
watts_strogatz,100,0.5,29,0.4378897644040194,43.78897644040194,43.78897644040194,True
watts_strogatz,100,0.7,0,0.30027739520442653,30.027739520442655,30.027739520442655,True
watts_strogatz,100,0.7,1,0.3002533882488757,30.02533882488757,30.02533882488757,True
watts_strogatz,100,0.7,2,0.30016479672619023,30.016479672619024,30.016479672619024,True
watts_strogatz,100,0.7,3,0.30032238117489596,30.032238117489594,30.032238117489594,True
watts_strogatz,100,0.7,4,0.3002644621340942,30.026446213409418,30.026446213409418,True
watts_strogatz,100,0.7,5,0.30031632971244615,30.031632971244616,30.031632971244616,True
watts_strogatz,100,0.7,6,0.30009999137808074,30.009999137808073,30.009999137808073,True
watts_strogatz,100,0.7,7,0.29991842287864456,29.991842287864458,29.991842287864458,True
watts_strogatz,100,0.7,8,0.3001862877524246,30.018628775242462,30.018628775242462,True
watts_strogatz,100,0.7,9,0.3001882378770301,30.01882378770301,30.01882378770301,True
watts_strogatz,100,0.7,10,0.3002415476499797,30.024154764997967,30.024154764997967,True
watts_strogatz,100,0.7,11,0.3001789116872263,30.01789116872263,30.01789116872263,True
watts_strogatz,100,0.7,12,0.30031109991069127,30.031109991069126,30.031109991069126,True
watts_strogatz,100,0.7,13,0.30026848167899167,30.026848167899168,30.026848167899168,True
watts_strogatz,100,0.7,14,0.3002019874069869,30.02019874069869,30.02019874069869,True
watts_strogatz,100,0.7,15,0.3002287718401738,30.022877184017382,30.022877184017382,True
watts_strogatz,100,0.7,16,0.3001751946945267,30.01751946945267,30.01751946945267,True
watts_strogatz,100,0.7,17,0.30018134279555364,30.018134279555365,30.018134279555365,True
watts_strogatz,100,0.7,18,0.30004166265191634,30.004166265191635,30.004166265191635,True
watts_strogatz,100,0.7,19,0.30016905784571035,30.016905784571037,30.016905784571037,True
watts_strogatz,100,0.7,20,0.3001997542582393,30.01997542582393,30.01997542582393,True
watts_strogatz,100,0.7,21,0.3001912189331707,30.01912189331707,30.01912189331707,True
watts_strogatz,100,0.7,22,0.3003053058780537,30.03053058780537,30.03053058780537,True
watts_strogatz,100,0.7,23,0.3001410675888524,30.01410675888524,30.01410675888524,True
watts_strogatz,100,0.7,24,0.30020708269698004,30.020708269698005,30.020708269698005,True
watts_strogatz,100,0.7,25,0.30028189204336986,30.028189204336986,30.028189204336986,True
watts_strogatz,100,0.7,26,0.30019635976338943,30.019635976338943,30.019635976338943,True
watts_strogatz,100,0.7,27,0.3002032369150892,30.02032369150892,30.02032369150892,True
watts_strogatz,100,0.7,28,0.30026156501083867,30.026156501083868,30.026156501083868,True
watts_strogatz,100,0.7,29,0.30014214749933,30.014214749933,30.014214749933,True
watts_strogatz,100,0.9,0,0.11669069163959056,11.669069163959056,11.669069163959056,True
watts_strogatz,100,0.9,1,0.11669819657436775,11.669819657436776,11.669819657436776,True
watts_strogatz,100,0.9,2,0.11670286948764408,11.670286948764408,11.670286948764408,True
watts_strogatz,100,0.9,3,0.11670012191478074,11.670012191478074,11.670012191478074,True
watts_strogatz,100,0.9,4,0.11669438021207479,11.66943802120748,11.66943802120748,True
watts_strogatz,100,0.9,5,0.11669343723171721,11.669343723171721,11.669343723171721,True
watts_strogatz,100,0.9,6,0.11670447634216008,11.670447634216007,11.670447634216007,True
watts_strogatz,100,0.9,7,0.11669244930602873,11.669244930602874,11.669244930602874,True
watts_strogatz,100,0.9,8,0.11669709125345551,11.669709125345552,11.669709125345552,True
watts_strogatz,100,0.9,9,0.11669632223942072,11.669632223942072,11.669632223942072,True
watts_strogatz,100,0.9,10,0.11669336261916785,11.669336261916785,11.669336261916785,True
watts_strogatz,100,0.9,11,0.1166915528342678,11.669155283426779,11.669155283426779,True
watts_strogatz,100,0.9,12,0.11668972336313532,11.668972336313532,11.668972336313532,True
watts_strogatz,100,0.9,13,0.11669029446843482,11.669029446843481,11.669029446843481,True
watts_strogatz,100,0.9,14,0.11669391019680875,11.669391019680875,11.669391019680875,True
watts_strogatz,100,0.9,15,0.1167037635864423,11.67037635864423,11.67037635864423,True
watts_strogatz,100,0.9,16,0.11670447965850717,11.670447965850716,11.670447965850716,True
watts_strogatz,100,0.9,17,0.11669434686528657,11.669434686528657,11.669434686528657,True
watts_strogatz,100,0.9,18,0.11669327730828705,11.669327730828705,11.669327730828705,True
watts_strogatz,100,0.9,19,0.11669501193826626,11.669501193826626,11.669501193826626,True
watts_strogatz,100,0.9,20,0.11659782970762533,11.659782970762533,11.659782970762533,True
watts_strogatz,100,0.9,21,0.11660589776391095,11.660589776391095,11.660589776391095,True
watts_strogatz,100,0.9,22,0.11669594575796394,11.669594575796394,11.669594575796394,True
watts_strogatz,100,0.9,23,0.1166909616431403,11.66909616431403,11.66909616431403,True
watts_strogatz,100,0.9,24,0.11669329265904949,11.669329265904949,11.669329265904949,True
watts_strogatz,100,0.9,25,0.11669467688452573,11.669467688452572,11.669467688452572,True
watts_strogatz,100,0.9,26,0.11669884895570504,11.669884895570505,11.669884895570505,True
watts_strogatz,100,0.9,27,0.11669543268927551,11.669543268927551,11.669543268927551,True
watts_strogatz,100,0.9,28,0.11669065207852902,11.669065207852903,11.669065207852903,True
watts_strogatz,100,0.9,29,0.11670210846179419,11.670210846179419,11.670210846179419,True
watts_strogatz,100,1.0,0,0.0,0.0,0.0,True
watts_strogatz,100,1.0,1,0.0,0.0,0.0,True
watts_strogatz,100,1.0,2,0.0,0.0,0.0,True
watts_strogatz,100,1.0,3,0.0,0.0,0.0,True
watts_strogatz,100,1.0,4,0.0,0.0,0.0,True
watts_strogatz,100,1.0,5,0.0,0.0,0.0,True
watts_strogatz,100,1.0,6,0.0,0.0,0.0,True
watts_strogatz,100,1.0,7,0.0,0.0,0.0,True
watts_strogatz,100,1.0,8,0.0,0.0,0.0,True
watts_strogatz,100,1.0,9,0.0,0.0,0.0,True
watts_strogatz,100,1.0,10,0.0,0.0,0.0,True
watts_strogatz,100,1.0,11,0.0,0.0,0.0,True
watts_strogatz,100,1.0,12,0.0,0.0,0.0,True
watts_strogatz,100,1.0,13,0.0,0.0,0.0,True
watts_strogatz,100,1.0,14,0.0,0.0,0.0,True
watts_strogatz,100,1.0,15,0.0,0.0,0.0,True
watts_strogatz,100,1.0,16,0.0,0.0,0.0,True
watts_strogatz,100,1.0,17,0.0,0.0,0.0,True
watts_strogatz,100,1.0,18,0.0,0.0,0.0,True
watts_strogatz,100,1.0,19,0.0,0.0,0.0,True
watts_strogatz,100,1.0,20,0.0,0.0,0.0,True
watts_strogatz,100,1.0,21,0.0,0.0,0.0,True
watts_strogatz,100,1.0,22,0.0,0.0,0.0,True
watts_strogatz,100,1.0,23,0.0,0.0,0.0,True
watts_strogatz,100,1.0,24,0.0,0.0,0.0,True
watts_strogatz,100,1.0,25,0.0,0.0,0.0,True
watts_strogatz,100,1.0,26,0.0,0.0,0.0,True
watts_strogatz,100,1.0,27,0.0,0.0,0.0,True
watts_strogatz,100,1.0,28,0.0,0.0,0.0,True
watts_strogatz,100,1.0,29,0.0,0.0,0.0,True
watts_strogatz,300,0.0,0,0.6319850613328604,189.59551839985812,189.59551839985812,True
watts_strogatz,300,0.0,1,0.6318354540597577,189.55063621792732,189.55063621792732,True
watts_strogatz,300,0.0,2,0.6326914977706091,189.8074493311827,189.8074493311827,True
watts_strogatz,300,0.0,3,0.6321819503097614,189.65458509292844,189.65458509292844,True
watts_strogatz,300,0.0,4,0.6320653179076093,189.6195953722828,189.6195953722828,True
watts_strogatz,300,0.0,5,0.632100495799514,189.6301487398542,189.6301487398542,True
watts_strogatz,300,0.0,6,0.6321637879374956,189.6491363812487,189.6491363812487,True
watts_strogatz,300,0.0,7,0.6318962626899028,189.56887880697084,189.56887880697084,True
watts_strogatz,300,0.0,8,0.6324572389166837,189.7371716750051,189.7371716750051,True
watts_strogatz,300,0.0,9,0.6320591742451274,189.6177522735382,189.6177522735382,True
watts_strogatz,300,0.0,10,0.6318654068802309,189.55962206406926,189.55962206406926,True
watts_strogatz,300,0.0,11,0.6322570898084243,189.6771269425273,189.6771269425273,True
watts_strogatz,300,0.0,12,0.6325634183773724,189.76902551321172,189.76902551321172,True
watts_strogatz,300,0.0,13,0.6321422385631343,189.6426715689403,189.6426715689403,True
watts_strogatz,300,0.0,14,0.6314145337771576,189.42436013314727,189.42436013314727,True
watts_strogatz,300,0.0,15,0.631531269186624,189.45938075598718,189.45938075598718,True
watts_strogatz,300,0.0,16,0.632102598402067,189.63077952062008,189.63077952062008,True
watts_strogatz,300,0.0,17,0.6323934822068694,189.71804466206083,189.71804466206083,True
watts_strogatz,300,0.0,18,0.6322718650870751,189.68155952612253,189.68155952612253,True
watts_strogatz,300,0.0,19,0.6318649423507618,189.55948270522856,189.55948270522856,True
watts_strogatz,300,0.0,20,0.6317522979776021,189.52568939328063,189.52568939328063,True
watts_strogatz,300,0.0,21,0.6326827535848429,189.8048260754529,189.8048260754529,True
watts_strogatz,300,0.0,22,0.6325108108462874,189.7532432538862,189.7532432538862,True
watts_strogatz,300,0.0,23,0.6322035020251534,189.66105060754603,189.66105060754603,True
watts_strogatz,300,0.0,24,0.63257244432644,189.771733297932,189.771733297932,True
watts_strogatz,300,0.0,25,0.6324132783277809,189.7239834983343,189.7239834983343,True
watts_strogatz,300,0.0,26,0.6322425000598525,189.67275001795574,189.67275001795574,True
watts_strogatz,300,0.0,27,0.6320086827655086,189.60260482965256,189.60260482965256,True
watts_strogatz,300,0.0,28,0.6319737748809565,189.59213246428695,189.59213246428695,True
watts_strogatz,300,0.0,29,0.6320389488868225,189.61168466604676,189.61168466604676,True
watts_strogatz,300,0.1,0,0.631926154066637,189.5778462199911,189.5778462199911,True
watts_strogatz,300,0.1,1,0.6319342466419994,189.5802739925998,189.5802739925998,True
watts_strogatz,300,0.1,2,0.6319287192621206,189.57861577863616,189.57861577863616,True
watts_strogatz,300,0.1,3,0.6314126961107875,189.42380883323625,189.42380883323625,True
watts_strogatz,300,0.1,4,0.6322939767592045,189.68819302776134,189.68819302776134,True
watts_strogatz,300,0.1,5,0.6317634686374041,189.52904059122122,189.52904059122122,True
watts_strogatz,300,0.1,6,0.6312728809881529,189.38186429644588,189.38186429644588,True
watts_strogatz,300,0.1,7,0.6315329044200928,189.45987132602784,189.45987132602784,True
watts_strogatz,300,0.1,8,0.6325431788207352,189.76295364622055,189.76295364622055,True
watts_strogatz,300,0.1,9,0.6320105301758112,189.60315905274337,189.60315905274337,True
watts_strogatz,300,0.1,10,0.6314849758059669,189.44549274179005,189.44549274179005,True
watts_strogatz,300,0.1,11,0.6313127174651675,189.39381523955024,189.39381523955024,True
watts_strogatz,300,0.1,12,0.6314023474209232,189.42070422627694,189.42070422627694,True
watts_strogatz,300,0.1,13,0.6321935471376651,189.65806414129952,189.65806414129952,True
watts_strogatz,300,0.1,14,0.6317585883274718,189.52757649824153,189.52757649824153,True
watts_strogatz,300,0.1,15,0.6320403702749096,189.61211108247286,189.61211108247286,True
watts_strogatz,300,0.1,16,0.6317545169718952,189.52635509156858,189.52635509156858,True
watts_strogatz,300,0.1,17,0.6316682324005433,189.50046972016298,189.50046972016298,True
watts_strogatz,300,0.1,18,0.6315775738657108,189.47327215971325,189.47327215971325,True
watts_strogatz,300,0.1,19,0.6316978548699034,189.50935646097102,189.50935646097102,True
watts_strogatz,300,0.1,20,0.6321725514396097,189.65176543188292,189.65176543188292,True
watts_strogatz,300,0.1,21,0.6315230698559611,189.4569209567883,189.4569209567883,True
watts_strogatz,300,0.1,22,0.6318760733806765,189.56282201420296,189.56282201420296,True
watts_strogatz,300,0.1,23,0.6317665518733553,189.5299655620066,189.5299655620066,True
watts_strogatz,300,0.1,24,0.6315748344638197,189.4724503391459,189.4724503391459,True
watts_strogatz,300,0.1,25,0.6316102840131027,189.4830852039308,189.4830852039308,True
watts_strogatz,300,0.1,26,0.6320077616604503,189.60232849813508,189.60232849813508,True
watts_strogatz,300,0.1,27,0.631569290308944,189.47078709268322,189.47078709268322,True
watts_strogatz,300,0.1,28,0.6317749337946169,189.53248013838507,189.53248013838507,True
watts_strogatz,300,0.1,29,0.6309071952092169,189.27215856276507,189.27215856276507,True
watts_strogatz,300,0.3,0,0.5453220794071579,163.5966238221474,163.5966238221474,True
watts_strogatz,300,0.3,1,0.5458564442342884,163.7569332702865,163.7569332702865,True
watts_strogatz,300,0.3,2,0.5455650578175535,163.66951734526606,163.66951734526606,True
watts_strogatz,300,0.3,3,0.5454958831862273,163.6487649558682,163.6487649558682,True
watts_strogatz,300,0.3,4,0.5457574366278666,163.72723098835996,163.72723098835996,True
watts_strogatz,300,0.3,5,0.5457791656100924,163.73374968302772,163.73374968302772,True
watts_strogatz,300,0.3,6,0.5454113466457684,163.62340399373053,163.62340399373053,True
watts_strogatz,300,0.3,7,0.5455873585848914,163.6762075754674,163.6762075754674,True
watts_strogatz,300,0.3,8,0.5462389384853803,163.87168154561408,163.87168154561408,True
watts_strogatz,300,0.3,9,0.5452346977408336,163.57040932225007,163.57040932225007,True
watts_strogatz,300,0.3,10,0.5452584868531641,163.57754605594923,163.57754605594923,True
watts_strogatz,300,0.3,11,0.5455239604293247,163.65718812879743,163.65718812879743,True
watts_strogatz,300,0.3,12,0.5451796146293821,163.55388438881465,163.55388438881465,True
watts_strogatz,300,0.3,13,0.5455787374412802,163.67362123238405,163.67362123238405,True
watts_strogatz,300,0.3,14,0.5455024076274361,163.6507222882308,163.6507222882308,True
watts_strogatz,300,0.3,15,0.545563281369065,163.66898441071947,163.66898441071947,True
watts_strogatz,300,0.3,16,0.545801516829221,163.74045504876628,163.74045504876628,True
watts_strogatz,300,0.3,17,0.5457686806419797,163.73060419259392,163.73060419259392,True
watts_strogatz,300,0.3,18,0.545402278036615,163.6206834109845,163.6206834109845,True
watts_strogatz,300,0.3,19,0.5454995727921439,163.64987183764316,163.64987183764316,True
watts_strogatz,300,0.3,20,0.5456856658424731,163.70569975274194,163.70569975274194,True
watts_strogatz,300,0.3,21,0.5457288474901554,163.7186542470466,163.7186542470466,True
watts_strogatz,300,0.3,22,0.5457718329447846,163.73154988343538,163.73154988343538,True
watts_strogatz,300,0.3,23,0.5454560198857149,163.63680596571447,163.63680596571447,True
watts_strogatz,300,0.3,24,0.5454748634035553,163.6424590210666,163.6424590210666,True
watts_strogatz,300,0.3,25,0.5456806237536329,163.70418712608986,163.70418712608986,True
watts_strogatz,300,0.3,26,0.545506830368518,163.6520491105554,163.6520491105554,True
watts_strogatz,300,0.3,27,0.5454964012360799,163.64892037082396,163.64892037082396,True
watts_strogatz,300,0.3,28,0.5454686088475991,163.6405826542797,163.6405826542797,True
watts_strogatz,300,0.3,29,0.5457719470190097,163.7315841057029,163.7315841057029,True
watts_strogatz,300,0.5,0,0.4380286543995363,131.4085963198609,131.4085963198609,True
watts_strogatz,300,0.5,1,0.4380690374651254,131.4207112395376,131.4207112395376,True
watts_strogatz,300,0.5,2,0.43816382651225017,131.44914795367504,131.44914795367504,True
watts_strogatz,300,0.5,3,0.4379779545521475,131.39338636564426,131.39338636564426,True
watts_strogatz,300,0.5,4,0.43816011030640156,131.44803309192048,131.44803309192048,True
watts_strogatz,300,0.5,5,0.4379486260837687,131.3845878251306,131.3845878251306,True
watts_strogatz,300,0.5,6,0.43821567825208974,131.46470347562692,131.46470347562692,True
watts_strogatz,300,0.5,7,0.4381710355084686,131.45131065254057,131.45131065254057,True
watts_strogatz,300,0.5,8,0.4381944355828876,131.4583306748663,131.4583306748663,True
watts_strogatz,300,0.5,9,0.4381281116630772,131.43843349892316,131.43843349892316,True
watts_strogatz,300,0.5,10,0.43780809899702666,131.342429699108,131.342429699108,True
watts_strogatz,300,0.5,11,0.43803195242757986,131.40958572827395,131.40958572827395,True
watts_strogatz,300,0.5,12,0.43818811149431447,131.45643344829435,131.45643344829435,True
watts_strogatz,300,0.5,13,0.43832556439850057,131.49766931955017,131.49766931955017,True
watts_strogatz,300,0.5,14,0.438081251387182,131.42437541615462,131.42437541615462,True
watts_strogatz,300,0.5,15,0.4379530740615146,131.3859222184544,131.3859222184544,True
watts_strogatz,300,0.5,16,0.4379049791835099,131.37149375505297,131.37149375505297,True
watts_strogatz,300,0.5,17,0.43816174617098225,131.44852385129468,131.44852385129468,True
watts_strogatz,300,0.5,18,0.43784669289454026,131.3540078683621,131.3540078683621,True
watts_strogatz,300,0.5,19,0.4381943086308324,131.45829258924974,131.45829258924974,True
watts_strogatz,300,0.5,20,0.43795477939115834,131.3864338173475,131.3864338173475,True
watts_strogatz,300,0.5,21,0.4383938023567485,131.51814070702454,131.51814070702454,True
watts_strogatz,300,0.5,22,0.4377856307728112,131.33568923184336,131.33568923184336,True
watts_strogatz,300,0.5,23,0.4380638604189788,131.41915812569366,131.41915812569366,True
watts_strogatz,300,0.5,24,0.4380678428994398,131.42035286983193,131.42035286983193,True
watts_strogatz,300,0.5,25,0.4381004959820636,131.43014879461907,131.43014879461907,True
watts_strogatz,300,0.5,26,0.43800556699658977,131.40167009897692,131.40167009897692,True
watts_strogatz,300,0.5,27,0.438061127668401,131.4183383005203,131.4183383005203,True
watts_strogatz,300,0.5,28,0.4378580321931498,131.35740965794494,131.35740965794494,True
watts_strogatz,300,0.5,29,0.4380712583861224,131.42137751583672,131.42137751583672,True
watts_strogatz,300,0.7,0,0.3001373869401395,90.04121608204184,90.04121608204184,True
watts_strogatz,300,0.7,1,0.30033226548478575,90.09967964543573,90.09967964543573,True
watts_strogatz,300,0.7,2,0.3002727077761642,90.08181233284927,90.08181233284927,True
watts_strogatz,300,0.7,3,0.30028335142217755,90.08500542665327,90.08500542665327,True
watts_strogatz,300,0.7,4,0.3002540730260682,90.07622190782047,90.07622190782047,True
watts_strogatz,300,0.7,5,0.3001850566689024,90.05551700067072,90.05551700067072,True
watts_strogatz,300,0.7,6,0.30019097604202005,90.05729281260602,90.05729281260602,True
watts_strogatz,300,0.7,7,0.3002302270417023,90.06906811251069,90.06906811251069,True
watts_strogatz,300,0.7,8,0.30027923921241206,90.08377176372362,90.08377176372362,True
watts_strogatz,300,0.7,9,0.3001501784774795,90.04505354324385,90.04505354324385,True
watts_strogatz,300,0.7,10,0.3001493917181234,90.04481751543702,90.04481751543702,True
watts_strogatz,300,0.7,11,0.3001659018948678,90.04977056846035,90.04977056846035,True
watts_strogatz,300,0.7,12,0.30022696177060315,90.06808853118095,90.06808853118095,True
watts_strogatz,300,0.7,13,0.30011487354892386,90.03446206467716,90.03446206467716,True
watts_strogatz,300,0.7,14,0.30026968823802946,90.08090647140884,90.08090647140884,True
watts_strogatz,300,0.7,15,0.29990495337138845,89.97148601141653,89.97148601141653,True
watts_strogatz,300,0.7,16,0.300248677020842,90.07460310625261,90.07460310625261,True
watts_strogatz,300,0.7,17,0.30014743909238295,90.04423172771489,90.04423172771489,True
watts_strogatz,300,0.7,18,0.3002627235526999,90.07881706580997,90.07881706580997,True
watts_strogatz,300,0.7,19,0.3001821912982563,90.05465738947689,90.05465738947689,True
watts_strogatz,300,0.7,20,0.3002280427986377,90.0684128395913,90.0684128395913,True
watts_strogatz,300,0.7,21,0.30022206832189025,90.06662049656707,90.06662049656707,True
watts_strogatz,300,0.7,22,0.3003033020255802,90.09099060767406,90.09099060767406,True
watts_strogatz,300,0.7,23,0.3003008133863413,90.09024401590239,90.09024401590239,True
watts_strogatz,300,0.7,24,0.30018014007126526,90.05404202137957,90.05404202137957,True
watts_strogatz,300,0.7,25,0.3001554111723751,90.04662335171253,90.04662335171253,True
watts_strogatz,300,0.7,26,0.3000542702539124,90.01628107617373,90.01628107617373,True
watts_strogatz,300,0.7,27,0.3002039709972657,90.06119129917971,90.06119129917971,True
watts_strogatz,300,0.7,28,0.30017691079936526,90.05307323980958,90.05307323980958,True
watts_strogatz,300,0.7,29,0.3000381917915004,90.01145753745011,90.01145753745011,True
watts_strogatz,300,0.9,0,0.11670023942079732,35.0100718262392,35.0100718262392,True
watts_strogatz,300,0.9,1,0.11669838886436046,35.00951665930814,35.00951665930814,True
watts_strogatz,300,0.9,2,0.11669437089690826,35.00831126907248,35.00831126907248,True
watts_strogatz,300,0.9,3,0.11670652215462485,35.01195664638745,35.01195664638745,True
watts_strogatz,300,0.9,4,0.11669581753484581,35.00874526045374,35.00874526045374,True
watts_strogatz,300,0.9,5,0.1166945797934208,35.00837393802624,35.00837393802624,True
watts_strogatz,300,0.9,6,0.11669271920985047,35.00781576295514,35.00781576295514,True
watts_strogatz,300,0.9,7,0.11669335147690973,35.00800544307292,35.00800544307292,True
watts_strogatz,300,0.9,8,0.11669420174950373,35.00826052485112,35.00826052485112,True
watts_strogatz,300,0.9,9,0.11669754666756249,35.00926400026875,35.00926400026875,True
watts_strogatz,300,0.9,10,0.11650464991868537,34.95139497560561,34.95139497560561,True
watts_strogatz,300,0.9,11,0.11669973087002017,35.00991926100605,35.00991926100605,True
watts_strogatz,300,0.9,12,0.1167077011118417,35.01231033355251,35.01231033355251,True
watts_strogatz,300,0.9,13,0.11669757652276025,35.00927295682808,35.00927295682808,True
watts_strogatz,300,0.9,14,0.11670262264649012,35.010786793947034,35.010786793947034,True
watts_strogatz,300,0.9,15,0.11669142835271673,35.00742850581502,35.00742850581502,True
watts_strogatz,300,0.9,16,0.11660335584082981,34.981006752248945,34.981006752248945,True
watts_strogatz,300,0.9,17,0.11669770885125363,35.00931265537609,35.00931265537609,True
watts_strogatz,300,0.9,18,0.11669760373676374,35.009281121029126,35.009281121029126,True
watts_strogatz,300,0.9,19,0.11669570853132871,35.00871255939862,35.00871255939862,True
watts_strogatz,300,0.9,20,0.11669751659292738,35.009254977878214,35.009254977878214,True
watts_strogatz,300,0.9,21,0.11669571502689835,35.0087145080695,35.0087145080695,True
watts_strogatz,300,0.9,22,0.1166954174426521,35.00862523279563,35.00862523279563,True
watts_strogatz,300,0.9,23,0.11669622263552071,35.008866790656214,35.008866790656214,True
watts_strogatz,300,0.9,24,0.11659271991657194,34.977815974971584,34.977815974971584,True
watts_strogatz,300,0.9,25,0.11659807332407912,34.97942199722374,34.97942199722374,True
watts_strogatz,300,0.9,26,0.11669660580295216,35.008981740885645,35.008981740885645,True
watts_strogatz,300,0.9,27,0.11669906613267811,35.00971983980343,35.00971983980343,True
watts_strogatz,300,0.9,28,0.11669428439514362,35.00828531854309,35.00828531854309,True
watts_strogatz,300,0.9,29,0.11659715409428506,34.979146228285515,34.979146228285515,True
watts_strogatz,300,1.0,0,0.0,0.0,0.0,True
watts_strogatz,300,1.0,1,0.0,0.0,0.0,True
watts_strogatz,300,1.0,2,0.0,0.0,0.0,True
watts_strogatz,300,1.0,3,0.0,0.0,0.0,True
watts_strogatz,300,1.0,4,0.0,0.0,0.0,True
watts_strogatz,300,1.0,5,0.0,0.0,0.0,True
watts_strogatz,300,1.0,6,0.0,0.0,0.0,True
watts_strogatz,300,1.0,7,0.0,0.0,0.0,True
watts_strogatz,300,1.0,8,0.0,0.0,0.0,True
watts_strogatz,300,1.0,9,0.0,0.0,0.0,True
watts_strogatz,300,1.0,10,0.0,0.0,0.0,True
watts_strogatz,300,1.0,11,0.0,0.0,0.0,True
watts_strogatz,300,1.0,12,0.0,0.0,0.0,True
watts_strogatz,300,1.0,13,0.0,0.0,0.0,True
watts_strogatz,300,1.0,14,0.0,0.0,0.0,True
watts_strogatz,300,1.0,15,0.0,0.0,0.0,True
watts_strogatz,300,1.0,16,0.0,0.0,0.0,True
watts_strogatz,300,1.0,17,0.0,0.0,0.0,True
watts_strogatz,300,1.0,18,0.0,0.0,0.0,True
watts_strogatz,300,1.0,19,0.0,0.0,0.0,True
watts_strogatz,300,1.0,20,0.0,0.0,0.0,True
watts_strogatz,300,1.0,21,0.0,0.0,0.0,True
watts_strogatz,300,1.0,22,0.0,0.0,0.0,True
watts_strogatz,300,1.0,23,0.0,0.0,0.0,True
watts_strogatz,300,1.0,24,0.0,0.0,0.0,True
watts_strogatz,300,1.0,25,0.0,0.0,0.0,True
watts_strogatz,300,1.0,26,0.0,0.0,0.0,True
watts_strogatz,300,1.0,27,0.0,0.0,0.0,True
watts_strogatz,300,1.0,28,0.0,0.0,0.0,True
watts_strogatz,300,1.0,29,0.0,0.0,0.0,True
watts_strogatz,1000,0.0,0,0.6321077211668406,632.1077211668405,632.1077211668405,True
watts_strogatz,1000,0.0,1,0.6318196818762214,631.8196818762214,631.8196818762214,True
watts_strogatz,1000,0.0,2,0.6320654492032307,632.0654492032307,632.0654492032307,True
watts_strogatz,1000,0.0,3,0.6324624132653559,632.4624132653558,632.4624132653558,True
watts_strogatz,1000,0.0,4,0.6325394575906848,632.5394575906847,632.5394575906847,True
watts_strogatz,1000,0.0,5,0.6321945060975395,632.1945060975395,632.1945060975395,True
watts_strogatz,1000,0.0,6,0.6321167095065803,632.1167095065803,632.1167095065803,True
watts_strogatz,1000,0.0,7,0.6321333687578811,632.133368757881,632.133368757881,True
watts_strogatz,1000,0.0,8,0.6328692243094389,632.8692243094389,632.8692243094389,True
watts_strogatz,1000,0.0,9,0.6318717772314433,631.8717772314433,631.8717772314433,True
watts_strogatz,1000,0.0,10,0.6320767873091155,632.0767873091155,632.0767873091155,True
watts_strogatz,1000,0.0,11,0.6319204385059184,631.9204385059184,631.9204385059184,True
watts_strogatz,1000,0.0,12,0.6317416887603711,631.7416887603711,631.7416887603711,True
watts_strogatz,1000,0.0,13,0.6317532163704533,631.7532163704533,631.7532163704533,True
watts_strogatz,1000,0.0,14,0.6326271854966314,632.6271854966315,632.6271854966315,True
watts_strogatz,1000,0.0,15,0.6319799347235224,631.9799347235224,631.9799347235224,True
watts_strogatz,1000,0.0,16,0.6320012020845589,632.0012020845589,632.0012020845589,True
watts_strogatz,1000,0.0,17,0.6317017726101908,631.7017726101908,631.7017726101908,True
watts_strogatz,1000,0.0,18,0.6327724051542666,632.7724051542666,632.7724051542666,True
watts_strogatz,1000,0.0,19,0.6318729536774486,631.8729536774485,631.8729536774485,True
watts_strogatz,1000,0.0,20,0.6320700846548559,632.0700846548559,632.0700846548559,True
watts_strogatz,1000,0.0,21,0.6324394421342956,632.4394421342956,632.4394421342956,True
watts_strogatz,1000,0.0,22,0.6315465633380755,631.5465633380754,631.5465633380754,True
watts_strogatz,1000,0.0,23,0.6318121313929166,631.8121313929166,631.8121313929166,True
watts_strogatz,1000,0.0,24,0.6323596680461574,632.3596680461574,632.3596680461574,True
watts_strogatz,1000,0.0,25,0.6319941897734374,631.9941897734374,631.9941897734374,True
watts_strogatz,1000,0.0,26,0.6321296785736858,632.1296785736859,632.1296785736859,True
watts_strogatz,1000,0.0,27,0.6316000292167989,631.6000292167989,631.6000292167989,True
watts_strogatz,1000,0.0,28,0.6318185604887294,631.8185604887294,631.8185604887294,True
watts_strogatz,1000,0.0,29,0.6316800243808299,631.6800243808299,631.6800243808299,True
watts_strogatz,1000,0.1,0,0.6318395889189008,631.8395889189007,631.8395889189007,True
watts_strogatz,1000,0.1,1,0.6317394536119144,631.7394536119144,631.7394536119144,True
watts_strogatz,1000,0.1,2,0.6319119474304857,631.9119474304857,631.9119474304857,True
watts_strogatz,1000,0.1,3,0.6315788743977658,631.5788743977658,631.5788743977658,True
watts_strogatz,1000,0.1,4,0.6320676915015065,632.0676915015066,632.0676915015066,True
watts_strogatz,1000,0.1,5,0.6317615895836866,631.7615895836866,631.7615895836866,True
watts_strogatz,1000,0.1,6,0.631792882280968,631.792882280968,631.792882280968,True
watts_strogatz,1000,0.1,7,0.6319308561160335,631.9308561160335,631.9308561160335,True
watts_strogatz,1000,0.1,8,0.6319546985415712,631.9546985415711,631.9546985415711,True
watts_strogatz,1000,0.1,9,0.6316058875112763,631.6058875112764,631.6058875112764,True
watts_strogatz,1000,0.1,10,0.6317576973894186,631.7576973894186,631.7576973894186,True
watts_strogatz,1000,0.1,11,0.6313974515158559,631.3974515158559,631.3974515158559,True
watts_strogatz,1000,0.1,12,0.6318852718318313,631.8852718318313,631.8852718318313,True
watts_strogatz,1000,0.1,13,0.631789276516496,631.789276516496,631.789276516496,True
watts_strogatz,1000,0.1,14,0.6314922635775982,631.4922635775982,631.4922635775982,True
watts_strogatz,1000,0.1,15,0.6314340076420861,631.4340076420862,631.4340076420862,True
watts_strogatz,1000,0.1,16,0.6317998621855112,631.7998621855112,631.7998621855112,True
watts_strogatz,1000,0.1,17,0.6312490607992087,631.2490607992087,631.2490607992087,True
watts_strogatz,1000,0.1,18,0.6316587990477074,631.6587990477074,631.6587990477074,True
watts_strogatz,1000,0.1,19,0.6315730365731267,631.5730365731267,631.5730365731267,True
watts_strogatz,1000,0.1,20,0.6316559261963663,631.6559261963663,631.6559261963663,True
watts_strogatz,1000,0.1,21,0.6318393410359261,631.839341035926,631.839341035926,True
watts_strogatz,1000,0.1,22,0.6319666653170506,631.9666653170506,631.9666653170506,True
watts_strogatz,1000,0.1,23,0.6311727817504129,631.1727817504129,631.1727817504129,True
watts_strogatz,1000,0.1,24,0.6314846878349873,631.4846878349873,631.4846878349873,True
watts_strogatz,1000,0.1,25,0.631960175919978,631.960175919978,631.960175919978,True
watts_strogatz,1000,0.1,26,0.6316826886018791,631.6826886018791,631.6826886018791,True
watts_strogatz,1000,0.1,27,0.6316214565968408,631.6214565968407,631.6214565968407,True
watts_strogatz,1000,0.1,28,0.6322180287576189,632.2180287576189,632.2180287576189,True
watts_strogatz,1000,0.1,29,0.6315177558243807,631.5177558243807,631.5177558243807,True
watts_strogatz,1000,0.3,0,0.5450852339375725,545.0852339375724,545.0852339375724,True
watts_strogatz,1000,0.3,1,0.5456851090945509,545.685109094551,545.685109094551,True
watts_strogatz,1000,0.3,2,0.5457261392653545,545.7261392653545,545.7261392653545,True
watts_strogatz,1000,0.3,3,0.5456993730027486,545.6993730027486,545.6993730027486,True
watts_strogatz,1000,0.3,4,0.5455937063014941,545.5937063014941,545.5937063014941,True
watts_strogatz,1000,0.3,5,0.5458281015962939,545.8281015962939,545.8281015962939,True
watts_strogatz,1000,0.3,6,0.5453807170907307,545.3807170907306,545.3807170907306,True
watts_strogatz,1000,0.3,7,0.5454334644942902,545.4334644942902,545.4334644942902,True
watts_strogatz,1000,0.3,8,0.545409268322343,545.409268322343,545.409268322343,True
watts_strogatz,1000,0.3,9,0.5456120392384081,545.6120392384081,545.6120392384081,True
watts_strogatz,1000,0.3,10,0.545429163894328,545.4291638943281,545.4291638943281,True
watts_strogatz,1000,0.3,11,0.5453553487036591,545.355348703659,545.355348703659,True
watts_strogatz,1000,0.3,12,0.545456699260279,545.4566992602789,545.4566992602789,True
watts_strogatz,1000,0.3,13,0.5457997788111402,545.7997788111402,545.7997788111402,True
watts_strogatz,1000,0.3,14,0.5455631715004016,545.5631715004016,545.5631715004016,True
watts_strogatz,1000,0.3,15,0.5453452904349472,545.3452904349472,545.3452904349472,True
watts_strogatz,1000,0.3,16,0.5457120053829831,545.7120053829832,545.7120053829832,True
watts_strogatz,1000,0.3,17,0.5456193858212387,545.6193858212387,545.6193858212387,True
watts_strogatz,1000,0.3,18,0.5453314621282519,545.3314621282519,545.3314621282519,True
watts_strogatz,1000,0.3,19,0.54526381279729,545.2638127972899,545.2638127972899,True
watts_strogatz,1000,0.3,20,0.5455204471692885,545.5204471692884,545.5204471692884,True
watts_strogatz,1000,0.3,21,0.5456318243094476,545.6318243094476,545.6318243094476,True
watts_strogatz,1000,0.3,22,0.5456393567857881,545.6393567857881,545.6393567857881,True
watts_strogatz,1000,0.3,23,0.5452215347622397,545.2215347622397,545.2215347622397,True
watts_strogatz,1000,0.3,24,0.5455939501221014,545.5939501221014,545.5939501221014,True
watts_strogatz,1000,0.3,25,0.545641829297394,545.641829297394,545.641829297394,True
watts_strogatz,1000,0.3,26,0.5456947172155198,545.6947172155197,545.6947172155197,True
watts_strogatz,1000,0.3,27,0.5455983007557555,545.5983007557555,545.5983007557555,True
watts_strogatz,1000,0.3,28,0.5455690434874345,545.5690434874346,545.5690434874346,True
watts_strogatz,1000,0.3,29,0.5457532914365838,545.7532914365838,545.7532914365838,True
watts_strogatz,1000,0.5,0,0.437978507489329,437.978507489329,437.978507489329,True
watts_strogatz,1000,0.5,1,0.4379214992915198,437.9214992915198,437.9214992915198,True
watts_strogatz,1000,0.5,2,0.437946285699785,437.946285699785,437.946285699785,True
watts_strogatz,1000,0.5,3,0.43822462764626924,438.22462764626925,438.22462764626925,True
watts_strogatz,1000,0.5,4,0.4381952521123845,438.19525211238454,438.19525211238454,True
watts_strogatz,1000,0.5,5,0.4380683548075657,438.0683548075657,438.0683548075657,True
watts_strogatz,1000,0.5,6,0.43793233481206584,437.93233481206585,437.93233481206585,True
watts_strogatz,1000,0.5,7,0.43808300872786676,438.08300872786674,438.08300872786674,True
watts_strogatz,1000,0.5,8,0.43834519457887355,438.34519457887353,438.34519457887353,True
watts_strogatz,1000,0.5,9,0.4381427942751379,438.14279427513793,438.14279427513793,True
watts_strogatz,1000,0.5,10,0.43801891364400825,438.01891364400825,438.01891364400825,True
watts_strogatz,1000,0.5,11,0.43810359936757637,438.10359936757635,438.10359936757635,True
watts_strogatz,1000,0.5,12,0.43809517835449374,438.0951783544937,438.0951783544937,True
watts_strogatz,1000,0.5,13,0.43821004671464914,438.21004671464914,438.21004671464914,True
watts_strogatz,1000,0.5,14,0.4379040083868594,437.9040083868594,437.9040083868594,True
watts_strogatz,1000,0.5,15,0.4384139342000185,438.4139342000185,438.4139342000185,True
watts_strogatz,1000,0.5,16,0.4378802349660589,437.8802349660589,437.8802349660589,True
watts_strogatz,1000,0.5,17,0.43805254578800146,438.05254578800145,438.05254578800145,True
watts_strogatz,1000,0.5,18,0.4381495039846408,438.14950398464083,438.14950398464083,True
watts_strogatz,1000,0.5,19,0.43797472962683437,437.97472962683435,437.97472962683435,True
watts_strogatz,1000,0.5,20,0.4378577522631152,437.8577522631152,437.8577522631152,True
watts_strogatz,1000,0.5,21,0.4379999480370811,437.9999480370811,437.9999480370811,True
watts_strogatz,1000,0.5,22,0.4379979695404361,437.99796954043615,437.99796954043615,True
watts_strogatz,1000,0.5,23,0.43818798004823134,438.18798004823134,438.18798004823134,True
watts_strogatz,1000,0.5,24,0.43808890451717486,438.08890451717485,438.08890451717485,True
watts_strogatz,1000,0.5,25,0.43810262256915,438.10262256915,438.10262256915,True
watts_strogatz,1000,0.5,26,0.4379693576546495,437.9693576546495,437.9693576546495,True
watts_strogatz,1000,0.5,27,0.43798729190677677,437.98729190677676,437.98729190677676,True
watts_strogatz,1000,0.5,28,0.43799796926537105,437.99796926537107,437.99796926537107,True
watts_strogatz,1000,0.5,29,0.4379424357598539,437.94243575985394,437.94243575985394,True
watts_strogatz,1000,0.7,0,0.30005003361987803,300.05003361987804,300.05003361987804,True
watts_strogatz,1000,0.7,1,0.3002162620046831,300.2162620046831,300.2162620046831,True
watts_strogatz,1000,0.7,2,0.30011067059652385,300.11067059652385,300.11067059652385,True
watts_strogatz,1000,0.7,3,0.30026450914160474,300.2645091416047,300.2645091416047,True
watts_strogatz,1000,0.7,4,0.30015025533249373,300.1502553324937,300.1502553324937,True
watts_strogatz,1000,0.7,5,0.30030725462420893,300.30725462420895,300.30725462420895,True
watts_strogatz,1000,0.7,6,0.3001964899781201,300.1964899781201,300.1964899781201,True
watts_strogatz,1000,0.7,7,0.3001770283436862,300.1770283436862,300.1770283436862,True
watts_strogatz,1000,0.7,8,0.3001321585892992,300.1321585892992,300.1321585892992,True
watts_strogatz,1000,0.7,9,0.2999253520416473,299.9253520416473,299.9253520416473,True
watts_strogatz,1000,0.7,10,0.30012230286725483,300.1223028672548,300.1223028672548,True
watts_strogatz,1000,0.7,11,0.30016461756592616,300.16461756592616,300.16461756592616,True
watts_strogatz,1000,0.7,12,0.30021377358809354,300.21377358809355,300.21377358809355,True
watts_strogatz,1000,0.7,13,0.3001884665517349,300.1884665517349,300.1884665517349,True
watts_strogatz,1000,0.7,14,0.3001813675402526,300.1813675402526,300.1813675402526,True
watts_strogatz,1000,0.7,15,0.30023451749150787,300.23451749150786,300.23451749150786,True
watts_strogatz,1000,0.7,16,0.300200761630919,300.20076163091903,300.20076163091903,True
watts_strogatz,1000,0.7,17,0.3003358625287965,300.3358625287965,300.3358625287965,True
watts_strogatz,1000,0.7,18,0.300194846398551,300.19484639855096,300.19484639855096,True
watts_strogatz,1000,0.7,19,0.3001242592058747,300.1242592058747,300.1242592058747,True
watts_strogatz,1000,0.7,20,0.3002239188089415,300.2239188089415,300.2239188089415,True
watts_strogatz,1000,0.7,21,0.3000980764702321,300.0980764702321,300.0980764702321,True
watts_strogatz,1000,0.7,22,0.3001407258222677,300.1407258222677,300.1407258222677,True
watts_strogatz,1000,0.7,23,0.3001519418386207,300.1519418386207,300.1519418386207,True
watts_strogatz,1000,0.7,24,0.30010951057626856,300.1095105762686,300.1095105762686,True
watts_strogatz,1000,0.7,25,0.3002653221651731,300.2653221651731,300.2653221651731,True
watts_strogatz,1000,0.7,26,0.30007242781755816,300.07242781755815,300.07242781755815,True
watts_strogatz,1000,0.7,27,0.3001186070026244,300.1186070026244,300.1186070026244,True
watts_strogatz,1000,0.7,28,0.30016346846735054,300.1634684673505,300.1634684673505,True
watts_strogatz,1000,0.7,29,0.30013640096526173,300.1364009652617,300.1364009652617,True
watts_strogatz,1000,0.9,0,0.11669902808469879,116.69902808469878,116.69902808469878,True
watts_strogatz,1000,0.9,1,0.1166928118398547,116.6928118398547,116.6928118398547,True
watts_strogatz,1000,0.9,2,0.11670362137968515,116.70362137968515,116.70362137968515,True
watts_strogatz,1000,0.9,3,0.11670224182256639,116.70224182256639,116.70224182256639,True
watts_strogatz,1000,0.9,4,0.1166939815958209,116.6939815958209,116.6939815958209,True
watts_strogatz,1000,0.9,5,0.11670264549099463,116.70264549099463,116.70264549099463,True
watts_strogatz,1000,0.9,6,0.11660599448354114,116.60599448354114,116.60599448354114,True
watts_strogatz,1000,0.9,7,0.1166890383646183,116.6890383646183,116.6890383646183,True
watts_strogatz,1000,0.9,8,0.11669664967063209,116.6966496706321,116.6966496706321,True
watts_strogatz,1000,0.9,9,0.11660090672010426,116.60090672010426,116.60090672010426,True
watts_strogatz,1000,0.9,10,0.11670657851919253,116.70657851919253,116.70657851919253,True
watts_strogatz,1000,0.9,11,0.11669386191471798,116.69386191471798,116.69386191471798,True
watts_strogatz,1000,0.9,12,0.116689046485289,116.689046485289,116.689046485289,True
watts_strogatz,1000,0.9,13,0.11659823845783857,116.59823845783856,116.59823845783856,True
watts_strogatz,1000,0.9,14,0.11669738745844449,116.6973874584445,116.6973874584445,True
watts_strogatz,1000,0.9,15,0.11660842575651875,116.60842575651876,116.60842575651876,True
watts_strogatz,1000,0.9,16,0.11669550275522911,116.69550275522911,116.69550275522911,True
watts_strogatz,1000,0.9,17,0.11669657056861993,116.69657056861993,116.69657056861993,True
watts_strogatz,1000,0.9,18,0.11669152072636202,116.69152072636201,116.69152072636201,True
watts_strogatz,1000,0.9,19,0.11669241157640142,116.69241157640143,116.69241157640143,True
watts_strogatz,1000,0.9,20,0.11670068335389117,116.70068335389116,116.70068335389116,True
watts_strogatz,1000,0.9,21,0.11669534207550636,116.69534207550636,116.69534207550636,True
watts_strogatz,1000,0.9,22,0.11669736708450862,116.69736708450861,116.69736708450861,True
watts_strogatz,1000,0.9,23,0.11660218879010187,116.60218879010186,116.60218879010186,True
watts_strogatz,1000,0.9,24,0.11669722859094434,116.69722859094433,116.69722859094433,True
watts_strogatz,1000,0.9,25,0.11670327056211438,116.70327056211438,116.70327056211438,True
watts_strogatz,1000,0.9,26,0.11669127451715977,116.69127451715977,116.69127451715977,True
watts_strogatz,1000,0.9,27,0.11669614027645347,116.69614027645348,116.69614027645348,True
watts_strogatz,1000,0.9,28,0.11669992088106795,116.69992088106795,116.69992088106795,True
watts_strogatz,1000,0.9,29,0.11670229008670452,116.70229008670452,116.70229008670452,True
watts_strogatz,1000,1.0,0,0.0,0.0,0.0,True
watts_strogatz,1000,1.0,1,0.0,0.0,0.0,True
watts_strogatz,1000,1.0,2,0.0,0.0,0.0,True
watts_strogatz,1000,1.0,3,0.0,0.0,0.0,True
watts_strogatz,1000,1.0,4,0.0,0.0,0.0,True
watts_strogatz,1000,1.0,5,0.0,0.0,0.0,True
watts_strogatz,1000,1.0,6,0.0,0.0,0.0,True
watts_strogatz,1000,1.0,7,0.0,0.0,0.0,True
watts_strogatz,1000,1.0,8,0.0,0.0,0.0,True
watts_strogatz,1000,1.0,9,0.0,0.0,0.0,True
watts_strogatz,1000,1.0,10,0.0,0.0,0.0,True
watts_strogatz,1000,1.0,11,0.0,0.0,0.0,True
watts_strogatz,1000,1.0,12,0.0,0.0,0.0,True
watts_strogatz,1000,1.0,13,0.0,0.0,0.0,True
watts_strogatz,1000,1.0,14,0.0,0.0,0.0,True
watts_strogatz,1000,1.0,15,0.0,0.0,0.0,True
watts_strogatz,1000,1.0,16,0.0,0.0,0.0,True
watts_strogatz,1000,1.0,17,0.0,0.0,0.0,True
watts_strogatz,1000,1.0,18,0.0,0.0,0.0,True
watts_strogatz,1000,1.0,19,0.0,0.0,0.0,True
watts_strogatz,1000,1.0,20,0.0,0.0,0.0,True
watts_strogatz,1000,1.0,21,0.0,0.0,0.0,True
watts_strogatz,1000,1.0,22,0.0,0.0,0.0,True
watts_strogatz,1000,1.0,23,0.0,0.0,0.0,True
watts_strogatz,1000,1.0,24,0.0,0.0,0.0,True
watts_strogatz,1000,1.0,25,0.0,0.0,0.0,True
watts_strogatz,1000,1.0,26,0.0,0.0,0.0,True
watts_strogatz,1000,1.0,27,0.0,0.0,0.0,True
watts_strogatz,1000,1.0,28,0.0,0.0,0.0,True
watts_strogatz,1000,1.0,29,0.0,0.0,0.0,True
watts_strogatz,3000,0.0,0,0.6326456478649084,1897.936943594725,1897.936943594725,True
watts_strogatz,3000,0.0,1,0.6318855386123698,1895.6566158371095,1895.6566158371095,True
watts_strogatz,3000,0.0,2,0.6327145337453455,1898.1436012360364,1898.1436012360364,True
watts_strogatz,3000,0.0,3,0.6323118635702336,1896.9355907107008,1896.9355907107008,True
watts_strogatz,3000,0.0,4,0.6317945452590575,1895.3836357771727,1895.3836357771727,True
watts_strogatz,3000,0.0,5,0.631698331222347,1895.0949936670409,1895.0949936670409,True
watts_strogatz,3000,0.0,6,0.6327013838687079,1898.1041516061237,1898.1041516061237,True
watts_strogatz,3000,0.0,7,0.631628863590405,1894.8865907712152,1894.8865907712152,True
watts_strogatz,3000,0.0,8,0.6317456354289746,1895.2369062869236,1895.2369062869236,True
watts_strogatz,3000,0.0,9,0.6321379493830385,1896.4138481491154,1896.4138481491154,True
watts_strogatz,3000,0.0,10,0.6323923299697402,1897.1769899092205,1897.1769899092205,True
watts_strogatz,3000,0.0,11,0.6325971225302467,1897.79136759074,1897.79136759074,True
watts_strogatz,3000,0.0,12,0.6316911485355947,1895.0734456067842,1895.0734456067842,True
watts_strogatz,3000,0.0,13,0.6321458272636478,1896.4374817909434,1896.4374817909434,True
watts_strogatz,3000,0.0,14,0.6319069778821187,1895.7209336463561,1895.7209336463561,True
watts_strogatz,3000,0.0,15,0.6319977650966682,1895.9932952900044,1895.9932952900044,True
watts_strogatz,3000,0.0,16,0.6319796071380848,1895.9388214142543,1895.9388214142543,True
watts_strogatz,3000,0.0,17,0.6322395332540263,1896.7185997620788,1896.7185997620788,True
watts_strogatz,3000,0.0,18,0.6322480606938508,1896.7441820815523,1896.7441820815523,True
watts_strogatz,3000,0.0,19,0.6321730464436909,1896.5191393310727,1896.5191393310727,True
watts_strogatz,3000,0.0,20,0.6327073510735524,1898.122053220657,1898.122053220657,True
watts_strogatz,3000,0.0,21,0.6323708472204999,1897.1125416614996,1897.1125416614996,True
watts_strogatz,3000,0.0,22,0.6326849285118679,1898.0547855356035,1898.0547855356035,True
watts_strogatz,3000,0.0,23,0.6319785472263714,1895.935641679114,1895.935641679114,True
watts_strogatz,3000,0.0,24,0.6314260714866511,1894.2782144599532,1894.2782144599532,True
watts_strogatz,3000,0.0,25,0.6319867917855198,1895.9603753565593,1895.9603753565593,True
watts_strogatz,3000,0.0,26,0.631879103975695,1895.637311927085,1895.637311927085,True
watts_strogatz,3000,0.0,27,0.6319726074280615,1895.9178222841845,1895.9178222841845,True
watts_strogatz,3000,0.0,28,0.6322230364536983,1896.6691093610948,1896.6691093610948,True
watts_strogatz,3000,0.0,29,0.6322143178035369,1896.6429534106105,1896.6429534106105,True
watts_strogatz,3000,0.1,0,0.631599905837499,1894.7997175124972,1894.7997175124972,True
watts_strogatz,3000,0.1,1,0.6316650465814366,1894.9951397443099,1894.9951397443099,True
watts_strogatz,3000,0.1,2,0.631867785620353,1895.603356861059,1895.603356861059,True
watts_strogatz,3000,0.1,3,0.6320694554090578,1896.2083662271734,1896.2083662271734,True
watts_strogatz,3000,0.1,4,0.6321067349199028,1896.3202047597083,1896.3202047597083,True
watts_strogatz,3000,0.1,5,0.6318236240607193,1895.470872182158,1895.470872182158,True
watts_strogatz,3000,0.1,6,0.6318000716675433,1895.4002150026297,1895.4002150026297,True
watts_strogatz,3000,0.1,7,0.6314178545029356,1894.253563508807,1894.253563508807,True
watts_strogatz,3000,0.1,8,0.6315802454604348,1894.7407363813043,1894.7407363813043,True
watts_strogatz,3000,0.1,9,0.6318393081844556,1895.5179245533666,1895.5179245533666,True
watts_strogatz,3000,0.1,10,0.6319971275556044,1895.9913826668133,1895.9913826668133,True
watts_strogatz,3000,0.1,11,0.6319992022287267,1895.9976066861802,1895.9976066861802,True
watts_strogatz,3000,0.1,12,0.6316161698776968,1894.8485096330903,1894.8485096330903,True
watts_strogatz,3000,0.1,13,0.6317409247538415,1895.2227742615244,1895.2227742615244,True
watts_strogatz,3000,0.1,14,0.6319242104649216,1895.7726313947649,1895.7726313947649,True
watts_strogatz,3000,0.1,15,0.6316567913670641,1894.9703741011922,1894.9703741011922,True
watts_strogatz,3000,0.1,16,0.6319412288701054,1895.8236866103161,1895.8236866103161,True
watts_strogatz,3000,0.1,17,0.6313352239186409,1894.0056717559228,1894.0056717559228,True
watts_strogatz,3000,0.1,18,0.6319913689336917,1895.974106801075,1895.974106801075,True
watts_strogatz,3000,0.1,19,0.6319910279114844,1895.9730837344532,1895.9730837344532,True
watts_strogatz,3000,0.1,20,0.6313084508580742,1893.9253525742226,1893.9253525742226,True
watts_strogatz,3000,0.1,21,0.6315483577050294,1894.645073115088,1894.645073115088,True
watts_strogatz,3000,0.1,22,0.6319608425667251,1895.8825277001754,1895.8825277001754,True
watts_strogatz,3000,0.1,23,0.6318510222054801,1895.5530666164402,1895.5530666164402,True
watts_strogatz,3000,0.1,24,0.631743702103851,1895.231106311553,1895.231106311553,True
watts_strogatz,3000,0.1,25,0.632025320134262,1896.0759604027862,1896.0759604027862,True
watts_strogatz,3000,0.1,26,0.6317571258975547,1895.2713776926641,1895.2713776926641,True
watts_strogatz,3000,0.1,27,0.6321846975345645,1896.5540926036936,1896.5540926036936,True
watts_strogatz,3000,0.1,28,0.6319507897377854,1895.8523692133563,1895.8523692133563,True
watts_strogatz,3000,0.1,29,0.63159281129919,1894.77843389757,1894.77843389757,True
watts_strogatz,3000,0.3,0,0.5454074982395833,1636.22249471875,1636.22249471875,True
watts_strogatz,3000,0.3,1,0.5454791431762341,1636.4374295287025,1636.4374295287025,True
watts_strogatz,3000,0.3,2,0.5453136965430972,1635.9410896292918,1635.9410896292918,True
watts_strogatz,3000,0.3,3,0.5458649545966914,1637.5948637900742,1637.5948637900742,True
watts_strogatz,3000,0.3,4,0.5456495098269043,1636.948529480713,1636.948529480713,True
watts_strogatz,3000,0.3,5,0.5451609125096729,1635.4827375290188,1635.4827375290188,True
watts_strogatz,3000,0.3,6,0.5455441840699424,1636.6325522098273,1636.6325522098273,True
watts_strogatz,3000,0.3,7,0.5451873198981587,1635.5619596944762,1635.5619596944762,True
watts_strogatz,3000,0.3,8,0.5452296621613988,1635.6889864841964,1635.6889864841964,True
watts_strogatz,3000,0.3,9,0.5455845660008264,1636.7536980024793,1636.7536980024793,True
watts_strogatz,3000,0.3,10,0.5459377015321565,1637.8131045964694,1637.8131045964694,True
watts_strogatz,3000,0.3,11,0.5455541455404598,1636.6624366213794,1636.6624366213794,True
watts_strogatz,3000,0.3,12,0.5456737717817917,1637.021315345375,1637.021315345375,True
watts_strogatz,3000,0.3,13,0.5456282674653143,1636.884802395943,1636.884802395943,True
watts_strogatz,3000,0.3,14,0.5458565116320797,1637.569534896239,1637.569534896239,True
watts_strogatz,3000,0.3,15,0.5452904299237309,1635.8712897711928,1635.8712897711928,True
watts_strogatz,3000,0.3,16,0.5454261660300714,1636.2784980902143,1636.2784980902143,True
watts_strogatz,3000,0.3,17,0.5455874872889797,1636.762461866939,1636.762461866939,True
watts_strogatz,3000,0.3,18,0.5454827810403475,1636.4483431210426,1636.4483431210426,True
watts_strogatz,3000,0.3,19,0.5454201662449185,1636.2604987347556,1636.2604987347556,True
watts_strogatz,3000,0.3,20,0.5458034902452403,1637.410470735721,1637.410470735721,True
watts_strogatz,3000,0.3,21,0.5456054714244861,1636.8164142734583,1636.8164142734583,True
watts_strogatz,3000,0.3,22,0.5456606948388587,1636.9820845165762,1636.9820845165762,True
watts_strogatz,3000,0.3,23,0.5454817622560275,1636.4452867680825,1636.4452867680825,True
watts_strogatz,3000,0.3,24,0.545553179254866,1636.659537764598,1636.659537764598,True
watts_strogatz,3000,0.3,25,0.5458353175769712,1637.5059527309138,1637.5059527309138,True
watts_strogatz,3000,0.3,26,0.5455899966933919,1636.7699900801758,1636.7699900801758,True
watts_strogatz,3000,0.3,27,0.5455316125551807,1636.594837665542,1636.594837665542,True
watts_strogatz,3000,0.3,28,0.5454339221930667,1636.3017665792001,1636.3017665792001,True
watts_strogatz,3000,0.3,29,0.5455586707555669,1636.6760122667006,1636.6760122667006,True
watts_strogatz,3000,0.5,0,0.4382580377077492,1314.7741131232476,1314.7741131232476,True
watts_strogatz,3000,0.5,1,0.4382578451285114,1314.7735353855342,1314.7735353855342,True
watts_strogatz,3000,0.5,2,0.43797377661412684,1313.9213298423806,1313.9213298423806,True
watts_strogatz,3000,0.5,3,0.43826008253348003,1314.7802476004401,1314.7802476004401,True
watts_strogatz,3000,0.5,4,0.4381792593259728,1314.5377779779183,1314.5377779779183,True
watts_strogatz,3000,0.5,5,0.4380311686818965,1314.0935060456895,1314.0935060456895,True
watts_strogatz,3000,0.5,6,0.43820124217238254,1314.6037265171476,1314.6037265171476,True
watts_strogatz,3000,0.5,7,0.43802742007560047,1314.0822602268015,1314.0822602268015,True
watts_strogatz,3000,0.5,8,0.4382348588820709,1314.7045766462127,1314.7045766462127,True
watts_strogatz,3000,0.5,9,0.4384524956988467,1315.3574870965401,1315.3574870965401,True
watts_strogatz,3000,0.5,10,0.43818777758233196,1314.563332746996,1314.563332746996,True
watts_strogatz,3000,0.5,11,0.4378465199844974,1313.5395599534922,1313.5395599534922,True
watts_strogatz,3000,0.5,12,0.43808968486889266,1314.269054606678,1314.269054606678,True
watts_strogatz,3000,0.5,13,0.43818089609411826,1314.5426882823547,1314.5426882823547,True
watts_strogatz,3000,0.5,14,0.4379430233506355,1313.8290700519065,1313.8290700519065,True
watts_strogatz,3000,0.5,15,0.4381205628623678,1314.3616885871033,1314.3616885871033,True
watts_strogatz,3000,0.5,16,0.4381377205670006,1314.4131617010019,1314.4131617010019,True
watts_strogatz,3000,0.5,17,0.4379477724605738,1313.8433173817214,1313.8433173817214,True
watts_strogatz,3000,0.5,18,0.4382379491184206,1314.7138473552618,1314.7138473552618,True
watts_strogatz,3000,0.5,19,0.4380458747511674,1314.1376242535023,1314.1376242535023,True
watts_strogatz,3000,0.5,20,0.4380716075049439,1314.2148225148317,1314.2148225148317,True
watts_strogatz,3000,0.5,21,0.4384004333426732,1315.2013000280197,1315.2013000280197,True
watts_strogatz,3000,0.5,22,0.4381769717093775,1314.5309151281326,1314.5309151281326,True
watts_strogatz,3000,0.5,23,0.4381454963976207,1314.4364891928622,1314.4364891928622,True
watts_strogatz,3000,0.5,24,0.43810297611263394,1314.3089283379018,1314.3089283379018,True
watts_strogatz,3000,0.5,25,0.43819729789752937,1314.5918936925882,1314.5918936925882,True
watts_strogatz,3000,0.5,26,0.4380199438639878,1314.0598315919633,1314.0598315919633,True
watts_strogatz,3000,0.5,27,0.43785167633807265,1313.555029014218,1313.555029014218,True
watts_strogatz,3000,0.5,28,0.4382157300097036,1314.6471900291108,1314.6471900291108,True
watts_strogatz,3000,0.5,29,0.4382592231745035,1314.7776695235104,1314.7776695235104,True
watts_strogatz,3000,0.7,0,0.3002129613649215,900.6388840947644,900.6388840947644,True
watts_strogatz,3000,0.7,1,0.30022739223270234,900.682176698107,900.682176698107,True
watts_strogatz,3000,0.7,2,0.3002146841941207,900.6440525823621,900.6440525823621,True
watts_strogatz,3000,0.7,3,0.3003012859885048,900.9038579655145,900.9038579655145,True
watts_strogatz,3000,0.7,4,0.3001896691703193,900.5690075109579,900.5690075109579,True
watts_strogatz,3000,0.7,5,0.300181111524219,900.543334572657,900.543334572657,True
watts_strogatz,3000,0.7,6,0.30012452491305475,900.3735747391643,900.3735747391643,True
watts_strogatz,3000,0.7,7,0.3002065551011256,900.6196653033768,900.6196653033768,True
watts_strogatz,3000,0.7,8,0.3002085511993111,900.6256535979334,900.6256535979334,True
watts_strogatz,3000,0.7,9,0.3000585809209897,900.1757427629691,900.1757427629691,True
watts_strogatz,3000,0.7,10,0.300310066566416,900.9301996992481,900.9301996992481,True
watts_strogatz,3000,0.7,11,0.30015392815922515,900.4617844776755,900.4617844776755,True
watts_strogatz,3000,0.7,12,0.3002620408670923,900.7861226012769,900.7861226012769,True
watts_strogatz,3000,0.7,13,0.30009069781150344,900.2720934345103,900.2720934345103,True
watts_strogatz,3000,0.7,14,0.29985965443016993,899.5789632905098,899.5789632905098,True
watts_strogatz,3000,0.7,15,0.3000525887750064,900.1577663250192,900.1577663250192,True
watts_strogatz,3000,0.7,16,0.3002155709596137,900.6467128788411,900.6467128788411,True
watts_strogatz,3000,0.7,17,0.3001664479197601,900.4993437592804,900.4993437592804,True
watts_strogatz,3000,0.7,18,0.30020965700914104,900.6289710274232,900.6289710274232,True
watts_strogatz,3000,0.7,19,0.3002689199827434,900.8067599482303,900.8067599482303,True
watts_strogatz,3000,0.7,20,0.3001542337919316,900.4627013757948,900.4627013757948,True
watts_strogatz,3000,0.7,21,0.3002787660947802,900.8362982843406,900.8362982843406,True
watts_strogatz,3000,0.7,22,0.30025107839562015,900.7532351868605,900.7532351868605,True
watts_strogatz,3000,0.7,23,0.3001480141651026,900.4440424953078,900.4440424953078,True
watts_strogatz,3000,0.7,24,0.30011107676923365,900.333230307701,900.333230307701,True
watts_strogatz,3000,0.7,25,0.3002071487496153,900.6214462488459,900.6214462488459,True
watts_strogatz,3000,0.7,26,0.30013748867954415,900.4124660386325,900.4124660386325,True
watts_strogatz,3000,0.7,27,0.3001230548829109,900.3691646487327,900.3691646487327,True
watts_strogatz,3000,0.7,28,0.3002783881041624,900.8351643124872,900.8351643124872,True
watts_strogatz,3000,0.7,29,0.30016475425700495,900.4942627710149,900.4942627710149,True
watts_strogatz,3000,0.9,0,0.11669820424599398,350.09461273798195,350.09461273798195,True
watts_strogatz,3000,0.9,1,0.1166986687855116,350.0960063565348,350.0960063565348,True
watts_strogatz,3000,0.9,2,0.11669432440587002,350.08297321761006,350.08297321761006,True
watts_strogatz,3000,0.9,3,0.11659954514709336,349.7986354412801,349.7986354412801,True
watts_strogatz,3000,0.9,4,0.11669327826228992,350.07983478686975,350.07983478686975,True
watts_strogatz,3000,0.9,5,0.11669629872285814,350.0888961685744,350.0888961685744,True
watts_strogatz,3000,0.9,6,0.11669270786814923,350.0781236044477,350.0781236044477,True
watts_strogatz,3000,0.9,7,0.11669609064215569,350.0882719264671,350.0882719264671,True
watts_strogatz,3000,0.9,8,0.11669841538668824,350.09524616006473,350.09524616006473,True
watts_strogatz,3000,0.9,9,0.11669109202116279,350.0732760634884,350.0732760634884,True
watts_strogatz,3000,0.9,10,0.1167001011412988,350.10030342389643,350.10030342389643,True
watts_strogatz,3000,0.9,11,0.1167005757194316,350.1017271582948,350.1017271582948,True
watts_strogatz,3000,0.9,12,0.11660964641552318,349.8289392465696,349.8289392465696,True
watts_strogatz,3000,0.9,13,0.11668983686994616,350.06951060983846,350.06951060983846,True
watts_strogatz,3000,0.9,14,0.11669994957882135,350.099848736464,350.099848736464,True
watts_strogatz,3000,0.9,15,0.11669156193425245,350.07468580275736,350.07468580275736,True
watts_strogatz,3000,0.9,16,0.1166973760665071,350.0921281995213,350.0921281995213,True
watts_strogatz,3000,0.9,17,0.11669242553488268,350.07727660464803,350.07727660464803,True
watts_strogatz,3000,0.9,18,0.11670057253011668,350.10171759035,350.10171759035,True
watts_strogatz,3000,0.9,19,0.11669193357765262,350.0758007329579,350.0758007329579,True
watts_strogatz,3000,0.9,20,0.11669795474915212,350.09386424745634,350.09386424745634,True
watts_strogatz,3000,0.9,21,0.11650366526778999,349.51099580336995,349.51099580336995,True
watts_strogatz,3000,0.9,22,0.11669947790354962,350.09843371064886,350.09843371064886,True
watts_strogatz,3000,0.9,23,0.11669538727568596,350.0861618270579,350.0861618270579,True
watts_strogatz,3000,0.9,24,0.11670122077530876,350.1036623259263,350.1036623259263,True
watts_strogatz,3000,0.9,25,0.11669889891371243,350.0966967411373,350.0966967411373,True
watts_strogatz,3000,0.9,26,0.11669496626703724,350.0848988011117,350.0848988011117,True
watts_strogatz,3000,0.9,27,0.11659429540650701,349.782886219521,349.782886219521,True
watts_strogatz,3000,0.9,28,0.11660945282000357,349.8283584600107,349.8283584600107,True
watts_strogatz,3000,0.9,29,0.1166964460936768,350.0893382810304,350.0893382810304,True
watts_strogatz,3000,1.0,0,0.0,0.0,0.0,True
watts_strogatz,3000,1.0,1,0.0,0.0,0.0,True
watts_strogatz,3000,1.0,2,0.0,0.0,0.0,True
watts_strogatz,3000,1.0,3,0.0,0.0,0.0,True
watts_strogatz,3000,1.0,4,0.0,0.0,0.0,True
watts_strogatz,3000,1.0,5,0.0,0.0,0.0,True
watts_strogatz,3000,1.0,6,0.0,0.0,0.0,True
watts_strogatz,3000,1.0,7,0.0,0.0,0.0,True
watts_strogatz,3000,1.0,8,0.0,0.0,0.0,True
watts_strogatz,3000,1.0,9,0.0,0.0,0.0,True
watts_strogatz,3000,1.0,10,0.0,0.0,0.0,True
watts_strogatz,3000,1.0,11,0.0,0.0,0.0,True
watts_strogatz,3000,1.0,12,0.0,0.0,0.0,True
watts_strogatz,3000,1.0,13,0.0,0.0,0.0,True
watts_strogatz,3000,1.0,14,0.0,0.0,0.0,True
watts_strogatz,3000,1.0,15,0.0,0.0,0.0,True
watts_strogatz,3000,1.0,16,0.0,0.0,0.0,True
watts_strogatz,3000,1.0,17,0.0,0.0,0.0,True
watts_strogatz,3000,1.0,18,0.0,0.0,0.0,True
watts_strogatz,3000,1.0,19,0.0,0.0,0.0,True
watts_strogatz,3000,1.0,20,0.0,0.0,0.0,True
watts_strogatz,3000,1.0,21,0.0,0.0,0.0,True
watts_strogatz,3000,1.0,22,0.0,0.0,0.0,True
watts_strogatz,3000,1.0,23,0.0,0.0,0.0,True
watts_strogatz,3000,1.0,24,0.0,0.0,0.0,True
watts_strogatz,3000,1.0,25,0.0,0.0,0.0,True
watts_strogatz,3000,1.0,26,0.0,0.0,0.0,True
watts_strogatz,3000,1.0,27,0.0,0.0,0.0,True
watts_strogatz,3000,1.0,28,0.0,0.0,0.0,True
watts_strogatz,3000,1.0,29,0.0,0.0,0.0,True
watts_strogatz,10000,0.0,0,0.6322579268455193,6322.5792684551925,6322.5792684551925,True
watts_strogatz,10000,0.0,1,0.6326581075156341,6326.581075156341,6326.581075156341,True
watts_strogatz,10000,0.0,2,0.6323884703550962,6323.884703550962,6323.884703550962,True
watts_strogatz,10000,0.0,3,0.6325420274316577,6325.420274316577,6325.420274316577,True
watts_strogatz,10000,0.0,4,0.6316112073504392,6316.112073504391,6316.112073504391,True
watts_strogatz,10000,0.0,5,0.6320434050165704,6320.434050165704,6320.434050165704,True
watts_strogatz,10000,0.0,6,0.6322832405793488,6322.832405793488,6322.832405793488,True
watts_strogatz,10000,0.0,7,0.632410846968914,6324.10846968914,6324.10846968914,True
watts_strogatz,10000,0.0,8,0.6320621068623821,6320.621068623821,6320.621068623821,True
watts_strogatz,10000,0.0,9,0.6324231393819012,6324.231393819012,6324.231393819012,True
watts_strogatz,10000,0.0,10,0.6327383666661983,6327.383666661983,6327.383666661983,True
watts_strogatz,10000,0.0,11,0.631722790241805,6317.22790241805,6317.22790241805,True
watts_strogatz,10000,0.0,12,0.6322301141369936,6322.301141369936,6322.301141369936,True
watts_strogatz,10000,0.0,13,0.6323845224638955,6323.845224638955,6323.845224638955,True
watts_strogatz,10000,0.0,14,0.6320561979052446,6320.561979052446,6320.561979052446,True
watts_strogatz,10000,0.0,15,0.632381814643344,6323.818146433439,6323.818146433439,True
watts_strogatz,10000,0.0,16,0.6327337848195647,6327.337848195647,6327.337848195647,True
watts_strogatz,10000,0.0,17,0.6316994016038707,6316.994016038707,6316.994016038707,True
watts_strogatz,10000,0.0,18,0.6318313133187832,6318.313133187832,6318.313133187832,True
watts_strogatz,10000,0.0,19,0.632509982184102,6325.0998218410205,6325.0998218410205,True
watts_strogatz,10000,0.0,20,0.6317737794828953,6317.737794828952,6317.737794828952,True
watts_strogatz,10000,0.0,21,0.632662151637339,6326.62151637339,6326.62151637339,True
watts_strogatz,10000,0.0,22,0.6315389668170566,6315.3896681705655,6315.3896681705655,True
watts_strogatz,10000,0.0,23,0.6321544414050987,6321.544414050987,6321.544414050987,True
watts_strogatz,10000,0.0,24,0.6318759182535266,6318.7591825352665,6318.7591825352665,True
watts_strogatz,10000,0.0,25,0.6319697099869652,6319.697099869652,6319.697099869652,True
watts_strogatz,10000,0.0,26,0.6319452348866017,6319.452348866017,6319.452348866017,True
watts_strogatz,10000,0.0,27,0.6318430130880892,6318.430130880892,6318.430130880892,True
watts_strogatz,10000,0.0,28,0.6320425833907246,6320.425833907246,6320.425833907246,True
watts_strogatz,10000,0.0,29,0.6317259023507855,6317.259023507855,6317.259023507855,True
watts_strogatz,10000,0.1,0,0.6316400859890527,6316.4008598905275,6316.4008598905275,True
watts_strogatz,10000,0.1,1,0.6312525749946898,6312.525749946898,6312.525749946898,True
watts_strogatz,10000,0.1,2,0.6314940193629743,6314.940193629744,6314.940193629744,True
watts_strogatz,10000,0.1,3,0.6318362630531416,6318.362630531416,6318.362630531416,True
watts_strogatz,10000,0.1,4,0.63189993165163,6318.9993165163005,6318.9993165163005,True
watts_strogatz,10000,0.1,5,0.6315526772019895,6315.526772019894,6315.526772019894,True
watts_strogatz,10000,0.1,6,0.6315638996028854,6315.638996028854,6315.638996028854,True
watts_strogatz,10000,0.1,7,0.6311265099256388,6311.265099256388,6311.265099256388,True
watts_strogatz,10000,0.1,8,0.6320001070365806,6320.001070365806,6320.001070365806,True
watts_strogatz,10000,0.1,9,0.6317296131187529,6317.296131187529,6317.296131187529,True
watts_strogatz,10000,0.1,10,0.6317282295797312,6317.282295797312,6317.282295797312,True
watts_strogatz,10000,0.1,11,0.6316049164203599,6316.049164203599,6316.049164203599,True
watts_strogatz,10000,0.1,12,0.6313663739543518,6313.663739543518,6313.663739543518,True
watts_strogatz,10000,0.1,13,0.6319592287253789,6319.592287253789,6319.592287253789,True
watts_strogatz,10000,0.1,14,0.6317354309305744,6317.354309305744,6317.354309305744,True
watts_strogatz,10000,0.1,15,0.631543241533697,6315.43241533697,6315.43241533697,True
watts_strogatz,10000,0.1,16,0.6315969252487816,6315.969252487816,6315.969252487816,True
watts_strogatz,10000,0.1,17,0.6318171840140847,6318.171840140847,6318.171840140847,True
watts_strogatz,10000,0.1,18,0.6318936354976026,6318.9363549760255,6318.9363549760255,True
watts_strogatz,10000,0.1,19,0.6319859628980443,6319.859628980444,6319.859628980444,True
watts_strogatz,10000,0.1,20,0.6324184034584832,6324.184034584832,6324.184034584832,True
watts_strogatz,10000,0.1,21,0.6321583369434085,6321.583369434085,6321.583369434085,True
watts_strogatz,10000,0.1,22,0.6319425713933914,6319.425713933914,6319.425713933914,True
watts_strogatz,10000,0.1,23,0.6318902981731752,6318.902981731752,6318.902981731752,True
watts_strogatz,10000,0.1,24,0.6316157551011838,6316.157551011838,6316.157551011838,True
watts_strogatz,10000,0.1,25,0.6314167515966964,6314.167515966964,6314.167515966964,True
watts_strogatz,10000,0.1,26,0.63126279920139,6312.6279920138995,6312.6279920138995,True
watts_strogatz,10000,0.1,27,0.6317081886959954,6317.081886959954,6317.081886959954,True
watts_strogatz,10000,0.1,28,0.6316721716823952,6316.721716823952,6316.721716823952,True
watts_strogatz,10000,0.1,29,0.6318120955053673,6318.120955053673,6318.120955053673,True
watts_strogatz,10000,0.3,0,0.5456002484990563,5456.002484990563,5456.002484990563,True
watts_strogatz,10000,0.3,1,0.5458858275827034,5458.858275827034,5458.858275827034,True
watts_strogatz,10000,0.3,2,0.5454883202362268,5454.883202362268,5454.883202362268,True
watts_strogatz,10000,0.3,3,0.5452094093818295,5452.094093818295,5452.094093818295,True
watts_strogatz,10000,0.3,4,0.5453629977055034,5453.629977055035,5453.629977055035,True
watts_strogatz,10000,0.3,5,0.5455969561105044,5455.969561105044,5455.969561105044,True
watts_strogatz,10000,0.3,6,0.5455531745936713,5455.5317459367125,5455.5317459367125,True
watts_strogatz,10000,0.3,7,0.5455889444765332,5455.889444765332,5455.889444765332,True
watts_strogatz,10000,0.3,8,0.5453111911602591,5453.11191160259,5453.11191160259,True
watts_strogatz,10000,0.3,9,0.5456571338089173,5456.571338089173,5456.571338089173,True
watts_strogatz,10000,0.3,10,0.5454782284271145,5454.782284271145,5454.782284271145,True
watts_strogatz,10000,0.3,11,0.5456297006746378,5456.2970067463775,5456.2970067463775,True
watts_strogatz,10000,0.3,12,0.5456660725573078,5456.660725573078,5456.660725573078,True
watts_strogatz,10000,0.3,13,0.5458250706363357,5458.250706363357,5458.250706363357,True
watts_strogatz,10000,0.3,14,0.545422913010994,5454.22913010994,5454.22913010994,True
watts_strogatz,10000,0.3,15,0.5453395097449112,5453.395097449112,5453.395097449112,True
watts_strogatz,10000,0.3,16,0.5456007673109613,5456.007673109613,5456.007673109613,True
watts_strogatz,10000,0.3,17,0.5454762384474069,5454.762384474069,5454.762384474069,True
watts_strogatz,10000,0.3,18,0.5454392861432911,5454.392861432911,5454.392861432911,True
watts_strogatz,10000,0.3,19,0.5456183066796532,5456.183066796531,5456.183066796531,True
watts_strogatz,10000,0.3,20,0.5452330012478193,5452.330012478193,5452.330012478193,True
watts_strogatz,10000,0.3,21,0.5451499793234407,5451.499793234407,5451.499793234407,True
watts_strogatz,10000,0.3,22,0.5455215156293364,5455.215156293364,5455.215156293364,True
watts_strogatz,10000,0.3,23,0.545421894654254,5454.21894654254,5454.21894654254,True
watts_strogatz,10000,0.3,24,0.5456708419528135,5456.708419528135,5456.708419528135,True
watts_strogatz,10000,0.3,25,0.5456184412478619,5456.1844124786185,5456.1844124786185,True
watts_strogatz,10000,0.3,26,0.5455253592620384,5455.253592620384,5455.253592620384,True
watts_strogatz,10000,0.3,27,0.5459405700654864,5459.405700654864,5459.405700654864,True
watts_strogatz,10000,0.3,28,0.5454732859943474,5454.732859943474,5454.732859943474,True
watts_strogatz,10000,0.3,29,0.5456639287003784,5456.6392870037835,5456.6392870037835,True
watts_strogatz,10000,0.5,0,0.43815814244463647,4381.5814244463645,4381.5814244463645,True
watts_strogatz,10000,0.5,1,0.4379450880183684,4379.450880183684,4379.450880183684,True
watts_strogatz,10000,0.5,2,0.43809179758108385,4380.9179758108385,4380.9179758108385,True
watts_strogatz,10000,0.5,3,0.4379068326636194,4379.068326636194,4379.068326636194,True
watts_strogatz,10000,0.5,4,0.4382735604269282,4382.735604269282,4382.735604269282,True
watts_strogatz,10000,0.5,5,0.4379919017697037,4379.919017697037,4379.919017697037,True
watts_strogatz,10000,0.5,6,0.43795239331598235,4379.523933159823,4379.523933159823,True
watts_strogatz,10000,0.5,7,0.4380040165216402,4380.040165216402,4380.040165216402,True
watts_strogatz,10000,0.5,8,0.43798650536730954,4379.865053673096,4379.865053673096,True
watts_strogatz,10000,0.5,9,0.4378275222729411,4378.27522272941,4378.27522272941,True
watts_strogatz,10000,0.5,10,0.4381871472332556,4381.871472332556,4381.871472332556,True
watts_strogatz,10000,0.5,11,0.4378606483421197,4378.606483421197,4378.606483421197,True
watts_strogatz,10000,0.5,12,0.43817272564991405,4381.727256499141,4381.727256499141,True
watts_strogatz,10000,0.5,13,0.43803280632683195,4380.328063268319,4380.328063268319,True
watts_strogatz,10000,0.5,14,0.43818723505716994,4381.8723505717,4381.8723505717,True
watts_strogatz,10000,0.5,15,0.4378713682230658,4378.713682230658,4378.713682230658,True
watts_strogatz,10000,0.5,16,0.43804485938907467,4380.448593890746,4380.448593890746,True
watts_strogatz,10000,0.5,17,0.43781287554595394,4378.128755459539,4378.128755459539,True
watts_strogatz,10000,0.5,18,0.43800313062686824,4380.031306268683,4380.031306268683,True
watts_strogatz,10000,0.5,19,0.43817892111352674,4381.789211135268,4381.789211135268,True
watts_strogatz,10000,0.5,20,0.4380855109279558,4380.855109279558,4380.855109279558,True
watts_strogatz,10000,0.5,21,0.4381712545885956,4381.712545885956,4381.712545885956,True
watts_strogatz,10000,0.5,22,0.43829623375907334,4382.962337590733,4382.962337590733,True
watts_strogatz,10000,0.5,23,0.43791180418845643,4379.118041884564,4379.118041884564,True
watts_strogatz,10000,0.5,24,0.43823980186752964,4382.398018675296,4382.398018675296,True
watts_strogatz,10000,0.5,25,0.4382901945332708,4382.901945332708,4382.901945332708,True
watts_strogatz,10000,0.5,26,0.4380290024231053,4380.2900242310525,4380.2900242310525,True
watts_strogatz,10000,0.5,27,0.43824706958849025,4382.470695884903,4382.470695884903,True
watts_strogatz,10000,0.5,28,0.43806998498386074,4380.699849838607,4380.699849838607,True
watts_strogatz,10000,0.5,29,0.4381565790086699,4381.565790086699,4381.565790086699,True
watts_strogatz,10000,0.7,0,0.3002363957539319,3002.363957539319,3002.363957539319,True
watts_strogatz,10000,0.7,1,0.3002085694843747,3002.0856948437468,3002.0856948437468,True
watts_strogatz,10000,0.7,2,0.3002864570208942,3002.864570208942,3002.864570208942,True
watts_strogatz,10000,0.7,3,0.30017324294860537,3001.7324294860537,3001.7324294860537,True
watts_strogatz,10000,0.7,4,0.3002109239408095,3002.109239408095,3002.109239408095,True
watts_strogatz,10000,0.7,5,0.3001847463442008,3001.8474634420077,3001.8474634420077,True
watts_strogatz,10000,0.7,6,0.29998309934000245,2999.8309934000245,2999.8309934000245,True
watts_strogatz,10000,0.7,7,0.3002083255395198,3002.083255395198,3002.083255395198,True
watts_strogatz,10000,0.7,8,0.30021495749028515,3002.1495749028513,3002.1495749028513,True
watts_strogatz,10000,0.7,9,0.29997416218273065,2999.7416218273065,2999.7416218273065,True
watts_strogatz,10000,0.7,10,0.30021424581581746,3002.1424581581746,3002.1424581581746,True
watts_strogatz,10000,0.7,11,0.30013175787682633,3001.3175787682635,3001.3175787682635,True
watts_strogatz,10000,0.7,12,0.3002829081177474,3002.8290811774737,3002.8290811774737,True
watts_strogatz,10000,0.7,13,0.300208370558283,3002.0837055828297,3002.0837055828297,True
watts_strogatz,10000,0.7,14,0.3002079289529559,3002.079289529559,3002.079289529559,True
watts_strogatz,10000,0.7,15,0.3001408251226766,3001.408251226766,3001.408251226766,True
watts_strogatz,10000,0.7,16,0.3001062888894078,3001.0628888940782,3001.0628888940782,True
watts_strogatz,10000,0.7,17,0.3001713904372457,3001.7139043724574,3001.7139043724574,True
watts_strogatz,10000,0.7,18,0.30029035074150456,3002.9035074150456,3002.9035074150456,True
watts_strogatz,10000,0.7,19,0.3000492969461245,3000.4929694612447,3000.4929694612447,True
watts_strogatz,10000,0.7,20,0.30005000495583767,3000.5000495583768,3000.5000495583768,True
watts_strogatz,10000,0.7,21,0.3002091099176767,3002.091099176767,3002.091099176767,True
watts_strogatz,10000,0.7,22,0.30033451351307705,3003.3451351307704,3003.3451351307704,True
watts_strogatz,10000,0.7,23,0.3000029147956683,3000.029147956683,3000.029147956683,True
watts_strogatz,10000,0.7,24,0.3001240626855448,3001.240626855448,3001.240626855448,True
watts_strogatz,10000,0.7,25,0.3003344859201409,3003.344859201409,3003.344859201409,True
watts_strogatz,10000,0.7,26,0.30027999996195065,3002.7999996195067,3002.7999996195067,True
watts_strogatz,10000,0.7,27,0.3001826897943304,3001.8268979433037,3001.8268979433037,True
watts_strogatz,10000,0.7,28,0.3002576611160027,3002.5766111600274,3002.5766111600274,True
watts_strogatz,10000,0.7,29,0.30025268525831905,3002.5268525831907,3002.5268525831907,True
watts_strogatz,10000,0.9,0,0.11669686175766791,1166.9686175766792,1166.9686175766792,True
watts_strogatz,10000,0.9,1,0.11669273918194556,1166.9273918194556,1166.9273918194556,True
watts_strogatz,10000,0.9,2,0.11668973701876006,1166.8973701876007,1166.8973701876007,True
watts_strogatz,10000,0.9,3,0.116692789484373,1166.92789484373,1166.92789484373,True
watts_strogatz,10000,0.9,4,0.11670972395964119,1167.0972395964118,1167.0972395964118,True
watts_strogatz,10000,0.9,5,0.11669772174329351,1166.977217432935,1166.977217432935,True
watts_strogatz,10000,0.9,6,0.11670003118098016,1167.0003118098016,1167.0003118098016,True
watts_strogatz,10000,0.9,7,0.11669611097959054,1166.9611097959055,1166.9611097959055,True
watts_strogatz,10000,0.9,8,0.11669141760683,1166.9141760682999,1166.9141760682999,True
watts_strogatz,10000,0.9,9,0.11669833025672194,1166.9833025672194,1166.9833025672194,True
watts_strogatz,10000,0.9,10,0.11669390028851534,1166.9390028851533,1166.9390028851533,True
watts_strogatz,10000,0.9,11,0.11669475195926471,1166.947519592647,1166.947519592647,True
watts_strogatz,10000,0.9,12,0.11669839525162706,1166.9839525162706,1166.9839525162706,True
watts_strogatz,10000,0.9,13,0.11669632217881354,1166.9632217881353,1166.9632217881353,True
watts_strogatz,10000,0.9,14,0.11668879595640791,1166.887959564079,1166.887959564079,True
watts_strogatz,10000,0.9,15,0.1167006333169951,1167.006333169951,1167.006333169951,True
watts_strogatz,10000,0.9,16,0.11659721009979895,1165.9721009979896,1165.9721009979896,True
watts_strogatz,10000,0.9,17,0.11669680823434181,1166.968082343418,1166.968082343418,True
watts_strogatz,10000,0.9,18,0.11670264142283948,1167.0264142283947,1167.0264142283947,True
watts_strogatz,10000,0.9,19,0.11669699443513826,1166.9699443513825,1166.9699443513825,True
watts_strogatz,10000,0.9,20,0.11669059113356428,1166.9059113356427,1166.9059113356427,True
watts_strogatz,10000,0.9,21,0.11670192060936602,1167.0192060936602,1167.0192060936602,True
watts_strogatz,10000,0.9,22,0.11669308759818375,1166.9308759818375,1166.9308759818375,True
watts_strogatz,10000,0.9,23,0.11669168144971787,1166.9168144971786,1166.9168144971786,True
watts_strogatz,10000,0.9,24,0.11669218891224442,1166.921889122444,1166.921889122444,True
watts_strogatz,10000,0.9,25,0.11669409085211391,1166.9409085211391,1166.9409085211391,True
watts_strogatz,10000,0.9,26,0.11669990391280238,1166.999039128024,1166.999039128024,True
watts_strogatz,10000,0.9,27,0.11660147227955187,1166.0147227955188,1166.0147227955188,True
watts_strogatz,10000,0.9,28,0.11669908855761879,1166.990885576188,1166.990885576188,True
watts_strogatz,10000,0.9,29,0.11669409257415342,1166.940925741534,1166.940925741534,True
watts_strogatz,10000,1.0,0,0.0,0.0,0.0,True
watts_strogatz,10000,1.0,1,0.0,0.0,0.0,True
watts_strogatz,10000,1.0,2,0.0,0.0,0.0,True
watts_strogatz,10000,1.0,3,0.0,0.0,0.0,True
watts_strogatz,10000,1.0,4,0.0,0.0,0.0,True
watts_strogatz,10000,1.0,5,0.0,0.0,0.0,True
watts_strogatz,10000,1.0,6,0.0,0.0,0.0,True
watts_strogatz,10000,1.0,7,0.0,0.0,0.0,True
watts_strogatz,10000,1.0,8,0.0,0.0,0.0,True
watts_strogatz,10000,1.0,9,0.0,0.0,0.0,True
watts_strogatz,10000,1.0,10,0.0,0.0,0.0,True
watts_strogatz,10000,1.0,11,0.0,0.0,0.0,True
watts_strogatz,10000,1.0,12,0.0,0.0,0.0,True
watts_strogatz,10000,1.0,13,0.0,0.0,0.0,True
watts_strogatz,10000,1.0,14,0.0,0.0,0.0,True
watts_strogatz,10000,1.0,15,0.0,0.0,0.0,True
watts_strogatz,10000,1.0,16,0.0,0.0,0.0,True
watts_strogatz,10000,1.0,17,0.0,0.0,0.0,True
watts_strogatz,10000,1.0,18,0.0,0.0,0.0,True
watts_strogatz,10000,1.0,19,0.0,0.0,0.0,True
watts_strogatz,10000,1.0,20,0.0,0.0,0.0,True
watts_strogatz,10000,1.0,21,0.0,0.0,0.0,True
watts_strogatz,10000,1.0,22,0.0,0.0,0.0,True
watts_strogatz,10000,1.0,23,0.0,0.0,0.0,True
watts_strogatz,10000,1.0,24,0.0,0.0,0.0,True
watts_strogatz,10000,1.0,25,0.0,0.0,0.0,True
watts_strogatz,10000,1.0,26,0.0,0.0,0.0,True
watts_strogatz,10000,1.0,27,0.0,0.0,0.0,True
watts_strogatz,10000,1.0,28,0.0,0.0,0.0,True
watts_strogatz,10000,1.0,29,0.0,0.0,0.0,True
